
C:\Program Files (x86)\Microsoft Visual Studio\2022\BuildTools\MSBuild\Current\Bin\Microsoft.Common.CurrentVersion.targets(2413,5): warning MSB3277: Found conflicts between different versions of "Microsoft.Identity.Client.NativeInterop" that could not be resolved. [D:\PROJ\TabularEditor_J-audit-v02\TOMWrapper\TOMWrapper.csproj]
C:\Program Files (x86)\Microsoft Visual Studio\2022\BuildTools\MSBuild\Current\Bin\Microsoft.Common.CurrentVersion.targets(2413,5): warning MSB3277: There was a conflict between "Microsoft.Identity.Client.NativeInterop, Version=0.18.1.0, Culture=neutral, PublicKeyToken=0a613f4dd989e8ae, processorArchitecture=MSIL" and "Microsoft.Identity.Client.NativeInterop, Version=0.20.2.0, Culture=neutral, PublicKeyToken=0a613f4dd989e8ae". [D:\PROJ\TabularEditor_J-audit-v02\TOMWrapper\TOMWrapper.csproj]
C:\Program Files (x86)\Microsoft Visual Studio\2022\BuildTools\MSBuild\Current\Bin\Microsoft.Common.CurrentVersion.targets(2413,5): warning MSB3277:     "Microsoft.Identity.Client.NativeInterop, Version=0.18.1.0, Culture=neutral, PublicKeyToken=0a613f4dd989e8ae, processorArchitecture=MSIL" was chosen because it was primary and "Microsoft.Identity.Client.NativeInterop, Version=0.20.2.0, Culture=neutral, PublicKeyToken=0a613f4dd989e8ae" was not. [D:\PROJ\TabularEditor_J-audit-v02\TOMWrapper\TOMWrapper.csproj]
C:\Program Files (x86)\Microsoft Visual Studio\2022\BuildTools\MSBuild\Current\Bin\Microsoft.Common.CurrentVersion.targets(2413,5): warning MSB3277:     References which depend on "Microsoft.Identity.Client.NativeInterop, Version=0.18.1.0, Culture=neutral, PublicKeyToken=0a613f4dd989e8ae, processorArchitecture=MSIL" []. [D:\PROJ\TabularEditor_J-audit-v02\TOMWrapper\TOMWrapper.csproj]
C:\Program Files (x86)\Microsoft Visual Studio\2022\BuildTools\MSBuild\Current\Bin\Microsoft.Common.CurrentVersion.targets(2413,5): warning MSB3277:         Unresolved primary reference with an item include of "Microsoft.Identity.Client.NativeInterop, Version=0.18.1.0, Culture=neutral, PublicKeyToken=0a613f4dd989e8ae, processorArchitecture=MSIL". [D:\PROJ\TabularEditor_J-audit-v02\TOMWrapper\TOMWrapper.csproj]
C:\Program Files (x86)\Microsoft Visual Studio\2022\BuildTools\MSBuild\Current\Bin\Microsoft.Common.CurrentVersion.targets(2413,5): warning MSB3277:     References which depend on or have been unified to "Microsoft.Identity.Client.NativeInterop, Version=0.20.2.0, Culture=neutral, PublicKeyToken=0a613f4dd989e8ae" []. [D:\PROJ\TabularEditor_J-audit-v02\TOMWrapper\TOMWrapper.csproj]
C:\Program Files (x86)\Microsoft Visual Studio\2022\BuildTools\MSBuild\Current\Bin\Microsoft.Common.CurrentVersion.targets(2413,5): warning MSB3277:         D:\PROJ\TabularEditor_J-audit-v02\packages\Microsoft.Identity.Client.Broker.4.82.1\lib\net462\Microsoft.Identity.Client.Broker.dll [D:\PROJ\TabularEditor_J-audit-v02\TOMWrapper\TOMWrapper.csproj]
C:\Program Files (x86)\Microsoft Visual Studio\2022\BuildTools\MSBuild\Current\Bin\Microsoft.Common.CurrentVersion.targets(2413,5): warning MSB3277:           Project file item includes which caused reference "D:\PROJ\TabularEditor_J-audit-v02\packages\Microsoft.Identity.Client.Broker.4.82.1\lib\net462\Microsoft.Identity.Client.Broker.dll". [D:\PROJ\TabularEditor_J-audit-v02\TOMWrapper\TOMWrapper.csproj]
C:\Program Files (x86)\Microsoft Visual Studio\2022\BuildTools\MSBuild\Current\Bin\Microsoft.Common.CurrentVersion.targets(2413,5): warning MSB3277:             Microsoft.Identity.Client.Broker, Version=4.82.1.0, Culture=neutral, PublicKeyToken=0a613f4dd989e8ae, processorArchitecture=MSIL [D:\PROJ\TabularEditor_J-audit-v02\TOMWrapper\TOMWrapper.csproj]
C:\Program Files (x86)\Microsoft Visual Studio\2022\BuildTools\MSBuild\Current\Bin\Microsoft.Common.CurrentVersion.targets(2413,5): warning MSB3277:             Microsoft.AnalysisServices.Core, Version=19.112.0.0, Culture=neutral, PublicKeyToken=89845dcd8080cc91, processorArchitecture=MSIL [D:\PROJ\TabularEditor_J-audit-v02\TOMWrapper\TOMWrapper.csproj]
C:\Program Files (x86)\Microsoft Visual Studio\2022\BuildTools\MSBuild\Current\Bin\Microsoft.Common.CurrentVersion.targets(2413,5): warning MSB3277:             Microsoft.AnalysisServices, Version=19.112.0.0, Culture=neutral, PublicKeyToken=89845dcd8080cc91, processorArchitecture=MSIL [D:\PROJ\TabularEditor_J-audit-v02\TOMWrapper\TOMWrapper.csproj]
C:\Program Files (x86)\Microsoft Visual Studio\2022\BuildTools\MSBuild\Current\Bin\Microsoft.Common.CurrentVersion.targets(2413,5): warning MSB3277:             Microsoft.AnalysisServices.Tabular, Version=19.112.0.0, Culture=neutral, PublicKeyToken=89845dcd8080cc91, processorArchitecture=MSIL [D:\PROJ\TabularEditor_J-audit-v02\TOMWrapper\TOMWrapper.csproj]
  PbiBench.Core -> D:\PROJ\TabularEditor_J-audit-v02\PbiBench.Core\bin\Release\netstandard2.0\PbiBench.Core.dll
D:\PROJ\TabularEditor_J-audit-v02\TOMWrapper\TOMWrapper\Serialization\SerializeOptions.cs(7,18): warning CS0659: 'SerializeOptions' overrides Object.Equals(object o) but does not override Object.GetHashCode() [D:\PROJ\TabularEditor_J-audit-v02\TOMWrapper\TOMWrapper.csproj]
D:\PROJ\TabularEditor_J-audit-v02\TOMWrapper\TOMWrapper\Serialization\SerializeOptions.cs(7,18): warning CS0661: 'SerializeOptions' defines operator == or operator != but does not override Object.GetHashCode() [D:\PROJ\TabularEditor_J-audit-v02\TOMWrapper\TOMWrapper.csproj]
D:\PROJ\TabularEditor_J-audit-v02\AntlrGrammars\obj\Debug\DAXLexer.cs(30,22): warning CS3021: 'DAXLexer' does not need a CLSCompliant attribute because the assembly does not have a CLSCompliant attribute [D:\PROJ\TabularEditor_J-audit-v02\TOMWrapper\TOMWrapper.csproj]
D:\PROJ\TabularEditor_J-audit-v02\TOMWrapper\TOMWrapper\Base\WrapperBase.generated.cs(9634,15): warning CS0618: 'Model.DisableAutoExists' is obsolete: 'Not used. Replaced by ValueFilterBehavior' [D:\PROJ\TabularEditor_J-audit-v02\TOMWrapper\TOMWrapper.csproj]
D:\PROJ\TabularEditor_J-audit-v02\TOMWrapper\TOMWrapper\Base\WrapperBase.generated.cs(9645,36): warning CS0618: 'Model.DisableAutoExists' is obsolete: 'Not used. Replaced by ValueFilterBehavior' [D:\PROJ\TabularEditor_J-audit-v02\TOMWrapper\TOMWrapper.csproj]
D:\PROJ\TabularEditor_J-audit-v02\TOMWrapper\PropertyGridUI\DesignerHost.cs(65,59): warning CS0067: The event 'DesignerHost.TransactionClosed' is never used [D:\PROJ\TabularEditor_J-audit-v02\TOMWrapper\TOMWrapper.csproj]
D:\PROJ\TabularEditor_J-audit-v02\TOMWrapper\PropertyGridUI\DesignerHost.cs(62,35): warning CS0067: The event 'DesignerHost.Activated' is never used [D:\PROJ\TabularEditor_J-audit-v02\TOMWrapper\TOMWrapper.csproj]
D:\PROJ\TabularEditor_J-audit-v02\TOMWrapper\UndoFramework\UndoPropertyChangedAction.cs(106,24): warning CS0649: Field 'UndoPropertyChangedNonMetadataObjectAction.codePath' is never assigned to, and will always have its default value null [D:\PROJ\TabularEditor_J-audit-v02\TOMWrapper\TOMWrapper.csproj]
D:\PROJ\TabularEditor_J-audit-v02\TOMWrapper\PropertyGridUI\DesignerHost.cs(63,35): warning CS0067: The event 'DesignerHost.Deactivated' is never used [D:\PROJ\TabularEditor_J-audit-v02\TOMWrapper\TOMWrapper.csproj]
D:\PROJ\TabularEditor_J-audit-v02\TOMWrapper\TOMWrapper\LogicalGroup.cs(70,50): warning CS0067: The event 'LogicalGroup.PropertyChanged' is never used [D:\PROJ\TabularEditor_J-audit-v02\TOMWrapper\TOMWrapper.csproj]
D:\PROJ\TabularEditor_J-audit-v02\TOMWrapper\PropertyGridUI\DesignerHost.cs(68,35): warning CS0067: The event 'DesignerHost.TransactionOpening' is never used [D:\PROJ\TabularEditor_J-audit-v02\TOMWrapper\TOMWrapper.csproj]
D:\PROJ\TabularEditor_J-audit-v02\TOMWrapper\PropertyGridUI\DesignerHost.cs(64,35): warning CS0067: The event 'DesignerHost.LoadComplete' is never used [D:\PROJ\TabularEditor_J-audit-v02\TOMWrapper\TOMWrapper.csproj]
D:\PROJ\TabularEditor_J-audit-v02\TOMWrapper\TOMWrapper\Folder.cs(204,50): warning CS0067: The event 'Folder.PropertyChanged' is never used [D:\PROJ\TabularEditor_J-audit-v02\TOMWrapper\TOMWrapper.csproj]
D:\PROJ\TabularEditor_J-audit-v02\TOMWrapper\TOMWrapper\Database.cs(236,21): warning CS0169: The field 'Database._compatibilityLevel' is never used [D:\PROJ\TabularEditor_J-audit-v02\TOMWrapper\TOMWrapper.csproj]
D:\PROJ\TabularEditor_J-audit-v02\TOMWrapper\PropertyGridUI\DesignerHost.cs(66,59): warning CS0067: The event 'DesignerHost.TransactionClosing' is never used [D:\PROJ\TabularEditor_J-audit-v02\TOMWrapper\TOMWrapper.csproj]
D:\PROJ\TabularEditor_J-audit-v02\TOMWrapper\PropertyGridUI\DesignerHost.cs(67,35): warning CS0067: The event 'DesignerHost.TransactionOpened' is never used [D:\PROJ\TabularEditor_J-audit-v02\TOMWrapper\TOMWrapper.csproj]
D:\PROJ\TabularEditor_J-audit-v02\TOMWrapper\TextServices\DAXLexerExtensions.cs(10,25): warning CS1591: Missing XML comment for publicly visible type or member 'DAXLexerExtensions' [D:\PROJ\TabularEditor_J-audit-v02\TOMWrapper\TOMWrapper.csproj]
D:\PROJ\TabularEditor_J-audit-v02\TOMWrapper\TextServices\DAXCharStream.cs(27,16): warning CS1591: Missing XML comment for publicly visible type or member 'DAXCharStream.DAXCharStream(string, bool)' [D:\PROJ\TabularEditor_J-audit-v02\TOMWrapper\TOMWrapper.csproj]
D:\PROJ\TabularEditor_J-audit-v02\TOMWrapper\TextServices\DAXCharStream.cs(37,26): warning CS1572: XML comment has a param tag for 'upper', but there is no parameter by that name [D:\PROJ\TabularEditor_J-audit-v02\TOMWrapper\TOMWrapper.csproj]
D:\PROJ\TabularEditor_J-audit-v02\TOMWrapper\TextServices\DAXCharStream.cs(38,55): warning CS1573: Parameter 'convertFromNonUs' has no matching param tag in the XML comment for 'DAXCharStream.DAXCharStream(ICharStream, bool)' (but other parameters do) [D:\PROJ\TabularEditor_J-audit-v02\TOMWrapper\TOMWrapper.csproj]
D:\PROJ\TabularEditor_J-audit-v02\TOMWrapper\TextServices\DAXCharStream.cs(44,20): warning CS1591: Missing XML comment for publicly visible type or member 'DAXCharStream.Index' [D:\PROJ\TabularEditor_J-audit-v02\TOMWrapper\TOMWrapper.csproj]
D:\PROJ\TabularEditor_J-audit-v02\TOMWrapper\TextServices\DAXCharStream.cs(52,20): warning CS1591: Missing XML comment for publicly visible type or member 'DAXCharStream.Size' [D:\PROJ\TabularEditor_J-audit-v02\TOMWrapper\TOMWrapper.csproj]
D:\PROJ\TabularEditor_J-audit-v02\TOMWrapper\TextServices\DAXCharStream.cs(60,23): warning CS1591: Missing XML comment for publicly visible type or member 'DAXCharStream.SourceName' [D:\PROJ\TabularEditor_J-audit-v02\TOMWrapper\TOMWrapper.csproj]
D:\PROJ\TabularEditor_J-audit-v02\TOMWrapper\TextServices\DAXCharStream.cs(68,21): warning CS1591: Missing XML comment for publicly visible type or member 'DAXCharStream.Consume()' [D:\PROJ\TabularEditor_J-audit-v02\TOMWrapper\TOMWrapper.csproj]
D:\PROJ\TabularEditor_J-audit-v02\TOMWrapper\TextServices\DAXCharStream.cs(74,23): warning CS1591: Missing XML comment for publicly visible type or member 'DAXCharStream.GetText(Interval)' [D:\PROJ\TabularEditor_J-audit-v02\TOMWrapper\TOMWrapper.csproj]
D:\PROJ\TabularEditor_J-audit-v02\TOMWrapper\TextServices\DAXCharStream.cs(79,20): warning CS1591: Missing XML comment for publicly visible type or member 'DAXCharStream.La(int)' [D:\PROJ\TabularEditor_J-audit-v02\TOMWrapper\TOMWrapper.csproj]
D:\PROJ\TabularEditor_J-audit-v02\TOMWrapper\TextServices\DAXCharStream.cs(98,20): warning CS1591: Missing XML comment for publicly visible type or member 'DAXCharStream.Mark()' [D:\PROJ\TabularEditor_J-audit-v02\TOMWrapper\TOMWrapper.csproj]
D:\PROJ\TabularEditor_J-audit-v02\TOMWrapper\TextServices\DAXCharStream.cs(103,21): warning CS1591: Missing XML comment for publicly visible type or member 'DAXCharStream.Release(int)' [D:\PROJ\TabularEditor_J-audit-v02\TOMWrapper\TOMWrapper.csproj]
D:\PROJ\TabularEditor_J-audit-v02\TOMWrapper\TextServices\DAXCharStream.cs(108,21): warning CS1591: Missing XML comment for publicly visible type or member 'DAXCharStream.Seek(int)' [D:\PROJ\TabularEditor_J-audit-v02\TOMWrapper\TOMWrapper.csproj]
D:\PROJ\TabularEditor_J-audit-v02\TOMWrapper\ExpressionProperty.cs(12,17): warning CS1591: Missing XML comment for publicly visible type or member 'ExpressionProperty' [D:\PROJ\TabularEditor_J-audit-v02\TOMWrapper\TOMWrapper.csproj]
D:\PROJ\TabularEditor_J-audit-v02\TOMWrapper\ExpressionProperty.cs(15,9): warning CS1591: Missing XML comment for publicly visible type or member 'ExpressionProperty.Expression' [D:\PROJ\TabularEditor_J-audit-v02\TOMWrapper\TOMWrapper.csproj]
D:\PROJ\TabularEditor_J-audit-v02\TOMWrapper\ExpressionProperty.cs(16,9): warning CS1591: Missing XML comment for publicly visible type or member 'ExpressionProperty.DetailRowsExpression' [D:\PROJ\TabularEditor_J-audit-v02\TOMWrapper\TOMWrapper.csproj]
D:\PROJ\TabularEditor_J-audit-v02\TOMWrapper\ExpressionProperty.cs(17,9): warning CS1591: Missing XML comment for publicly visible type or member 'ExpressionProperty.TargetExpression' [D:\PROJ\TabularEditor_J-audit-v02\TOMWrapper\TOMWrapper.csproj]
D:\PROJ\TabularEditor_J-audit-v02\TOMWrapper\ExpressionProperty.cs(18,9): warning CS1591: Missing XML comment for publicly visible type or member 'ExpressionProperty.StatusExpression' [D:\PROJ\TabularEditor_J-audit-v02\TOMWrapper\TOMWrapper.csproj]
D:\PROJ\TabularEditor_J-audit-v02\TOMWrapper\ExpressionProperty.cs(19,9): warning CS1591: Missing XML comment for publicly visible type or member 'ExpressionProperty.TrendExpression' [D:\PROJ\TabularEditor_J-audit-v02\TOMWrapper\TOMWrapper.csproj]
D:\PROJ\TabularEditor_J-audit-v02\TOMWrapper\ExpressionProperty.cs(20,9): warning CS1591: Missing XML comment for publicly visible type or member 'ExpressionProperty.FormatStringExpression' [D:\PROJ\TabularEditor_J-audit-v02\TOMWrapper\TOMWrapper.csproj]
D:\PROJ\TabularEditor_J-audit-v02\TOMWrapper\ExpressionProperty.cs(23,9): warning CS1591: Missing XML comment for publicly visible type or member 'ExpressionProperty.SqlExpression' [D:\PROJ\TabularEditor_J-audit-v02\TOMWrapper\TOMWrapper.csproj]
D:\PROJ\TabularEditor_J-audit-v02\TOMWrapper\ExpressionProperty.cs(26,9): warning CS1591: Missing XML comment for publicly visible type or member 'ExpressionProperty.MExpression' [D:\PROJ\TabularEditor_J-audit-v02\TOMWrapper\TOMWrapper.csproj]
D:\PROJ\TabularEditor_J-audit-v02\TOMWrapper\ExpressionProperty.cs(27,9): warning CS1591: Missing XML comment for publicly visible type or member 'ExpressionProperty.MSourceExpression' [D:\PROJ\TabularEditor_J-audit-v02\TOMWrapper\TOMWrapper.csproj]
D:\PROJ\TabularEditor_J-audit-v02\TOMWrapper\ExpressionProperty.cs(28,9): warning CS1591: Missing XML comment for publicly visible type or member 'ExpressionProperty.MPollingExpression' [D:\PROJ\TabularEditor_J-audit-v02\TOMWrapper\TOMWrapper.csproj]
D:\PROJ\TabularEditor_J-audit-v02\TOMWrapper\ExpressionProperty.cs(30,17): warning CS1591: Missing XML comment for publicly visible type or member 'ExpressionPropertyType' [D:\PROJ\TabularEditor_J-audit-v02\TOMWrapper\TOMWrapper.csproj]
D:\PROJ\TabularEditor_J-audit-v02\TOMWrapper\ExpressionProperty.cs(32,9): warning CS1591: Missing XML comment for publicly visible type or member 'ExpressionPropertyType.Dax' [D:\PROJ\TabularEditor_J-audit-v02\TOMWrapper\TOMWrapper.csproj]
D:\PROJ\TabularEditor_J-audit-v02\TOMWrapper\ExpressionProperty.cs(33,9): warning CS1591: Missing XML comment for publicly visible type or member 'ExpressionPropertyType.M' [D:\PROJ\TabularEditor_J-audit-v02\TOMWrapper\TOMWrapper.csproj]
D:\PROJ\TabularEditor_J-audit-v02\TOMWrapper\ExpressionProperty.cs(34,9): warning CS1591: Missing XML comment for publicly visible type or member 'ExpressionPropertyType.Sql' [D:\PROJ\TabularEditor_J-audit-v02\TOMWrapper\TOMWrapper.csproj]
D:\PROJ\TabularEditor_J-audit-v02\TOMWrapper\PropertyGridUI\Converters\ConnectionStringConverter.cs(9,18): warning CS1591: Missing XML comment for publicly visible type or member 'ConnectionStringConverter' [D:\PROJ\TabularEditor_J-audit-v02\TOMWrapper\TOMWrapper.csproj]
D:\PROJ\TabularEditor_J-audit-v02\TOMWrapper\PropertyGridUI\Converters\ConnectionStringConverter.cs(13,30): warning CS1591: Missing XML comment for publicly visible type or member 'ConnectionStringConverter.CanConvertFrom(ITypeDescriptorContext, Type)' [D:\PROJ\TabularEditor_J-audit-v02\TOMWrapper\TOMWrapper.csproj]
D:\PROJ\TabularEditor_J-audit-v02\TOMWrapper\PropertyGridUI\Converters\ConnectionStringConverter.cs(18,30): warning CS1591: Missing XML comment for publicly visible type or member 'ConnectionStringConverter.CanConvertTo(ITypeDescriptorContext, Type)' [D:\PROJ\TabularEditor_J-audit-v02\TOMWrapper\TOMWrapper.csproj]
D:\PROJ\TabularEditor_J-audit-v02\TOMWrapper\PropertyGridUI\Converters\ConnectionStringConverter.cs(23,32): warning CS1591: Missing XML comment for publicly visible type or member 'ConnectionStringConverter.ConvertTo(ITypeDescriptorContext, CultureInfo, object, Type)' [D:\PROJ\TabularEditor_J-audit-v02\TOMWrapper\TOMWrapper.csproj]
D:\PROJ\TabularEditor_J-audit-v02\TOMWrapper\PropertyGridUI\Converters\ConnectionStringConverter.cs(41,32): warning CS1591: Missing XML comment for publicly visible type or member 'ConnectionStringConverter.ConvertFrom(ITypeDescriptorContext, CultureInfo, object)' [D:\PROJ\TabularEditor_J-audit-v02\TOMWrapper\TOMWrapper.csproj]
D:\PROJ\TabularEditor_J-audit-v02\TOMWrapper\PropertyGridUI\Converters\ColumnDataCategoryConverter.cs(30,17): warning CS1591: Missing XML comment for publicly visible type or member 'ColumnDataCategory' [D:\PROJ\TabularEditor_J-audit-v02\TOMWrapper\TOMWrapper.csproj]
D:\PROJ\TabularEditor_J-audit-v02\TOMWrapper\PropertyGridUI\Converters\ColumnDataCategoryConverter.cs(32,9): warning CS1591: Missing XML comment for publicly visible type or member 'ColumnDataCategory.Invalid' [D:\PROJ\TabularEditor_J-audit-v02\TOMWrapper\TOMWrapper.csproj]
D:\PROJ\TabularEditor_J-audit-v02\TOMWrapper\PropertyGridUI\Converters\ColumnDataCategoryConverter.cs(33,9): warning CS1591: Missing XML comment for publicly visible type or member 'ColumnDataCategory.All' [D:\PROJ\TabularEditor_J-audit-v02\TOMWrapper\TOMWrapper.csproj]
D:\PROJ\TabularEditor_J-audit-v02\TOMWrapper\PropertyGridUI\Converters\ColumnDataCategoryConverter.cs(34,9): warning CS1591: Missing XML comment for publicly visible type or member 'ColumnDataCategory.Regular' [D:\PROJ\TabularEditor_J-audit-v02\TOMWrapper\TOMWrapper.csproj]
D:\PROJ\TabularEditor_J-audit-v02\TOMWrapper\PropertyGridUI\Converters\ColumnDataCategoryConverter.cs(35,9): warning CS1591: Missing XML comment for publicly visible type or member 'ColumnDataCategory.Image' [D:\PROJ\TabularEditor_J-audit-v02\TOMWrapper\TOMWrapper.csproj]
D:\PROJ\TabularEditor_J-audit-v02\TOMWrapper\PropertyGridUI\Converters\ColumnDataCategoryConverter.cs(36,9): warning CS1591: Missing XML comment for publicly visible type or member 'ColumnDataCategory.ImageBMP' [D:\PROJ\TabularEditor_J-audit-v02\TOMWrapper\TOMWrapper.csproj]
D:\PROJ\TabularEditor_J-audit-v02\TOMWrapper\PropertyGridUI\Converters\ColumnDataCategoryConverter.cs(37,9): warning CS1591: Missing XML comment for publicly visible type or member 'ColumnDataCategory.ImageGIF' [D:\PROJ\TabularEditor_J-audit-v02\TOMWrapper\TOMWrapper.csproj]
D:\PROJ\TabularEditor_J-audit-v02\TOMWrapper\PropertyGridUI\Converters\ColumnDataCategoryConverter.cs(38,9): warning CS1591: Missing XML comment for publicly visible type or member 'ColumnDataCategory.ImageJPG' [D:\PROJ\TabularEditor_J-audit-v02\TOMWrapper\TOMWrapper.csproj]
D:\PROJ\TabularEditor_J-audit-v02\TOMWrapper\PropertyGridUI\Converters\ColumnDataCategoryConverter.cs(39,9): warning CS1591: Missing XML comment for publicly visible type or member 'ColumnDataCategory.ImagePNG' [D:\PROJ\TabularEditor_J-audit-v02\TOMWrapper\TOMWrapper.csproj]
D:\PROJ\TabularEditor_J-audit-v02\TOMWrapper\PropertyGridUI\Converters\ColumnDataCategoryConverter.cs(40,9): warning CS1591: Missing XML comment for publicly visible type or member 'ColumnDataCategory.ImageTIFF' [D:\PROJ\TabularEditor_J-audit-v02\TOMWrapper\TOMWrapper.csproj]
D:\PROJ\TabularEditor_J-audit-v02\TOMWrapper\PropertyGridUI\Converters\ColumnDataCategoryConverter.cs(41,9): warning CS1591: Missing XML comment for publicly visible type or member 'ColumnDataCategory.ImageURL' [D:\PROJ\TabularEditor_J-audit-v02\TOMWrapper\TOMWrapper.csproj]
D:\PROJ\TabularEditor_J-audit-v02\TOMWrapper\PropertyGridUI\Converters\ColumnDataCategoryConverter.cs(42,9): warning CS1591: Missing XML comment for publicly visible type or member 'ColumnDataCategory.Id' [D:\PROJ\TabularEditor_J-audit-v02\TOMWrapper\TOMWrapper.csproj]
D:\PROJ\TabularEditor_J-audit-v02\TOMWrapper\PropertyGridUI\Converters\ColumnDataCategoryConverter.cs(43,9): warning CS1591: Missing XML comment for publicly visible type or member 'ColumnDataCategory.RelationToParent' [D:\PROJ\TabularEditor_J-audit-v02\TOMWrapper\TOMWrapper.csproj]
D:\PROJ\TabularEditor_J-audit-v02\TOMWrapper\PropertyGridUI\Converters\ColumnDataCategoryConverter.cs(44,9): warning CS1591: Missing XML comment for publicly visible type or member 'ColumnDataCategory.Sequence' [D:\PROJ\TabularEditor_J-audit-v02\TOMWrapper\TOMWrapper.csproj]
D:\PROJ\TabularEditor_J-audit-v02\TOMWrapper\PropertyGridUI\Converters\ColumnDataCategoryConverter.cs(45,9): warning CS1591: Missing XML comment for publicly visible type or member 'ColumnDataCategory.OrgTitle' [D:\PROJ\TabularEditor_J-audit-v02\TOMWrapper\TOMWrapper.csproj]
D:\PROJ\TabularEditor_J-audit-v02\TOMWrapper\PropertyGridUI\Converters\ColumnDataCategoryConverter.cs(46,9): warning CS1591: Missing XML comment for publicly visible type or member 'ColumnDataCategory.Caption' [D:\PROJ\TabularEditor_J-audit-v02\TOMWrapper\TOMWrapper.csproj]
D:\PROJ\TabularEditor_J-audit-v02\TOMWrapper\PropertyGridUI\Converters\ColumnDataCategoryConverter.cs(47,9): warning CS1591: Missing XML comment for publicly visible type or member 'ColumnDataCategory.ShortCaption' [D:\PROJ\TabularEditor_J-audit-v02\TOMWrapper\TOMWrapper.csproj]
D:\PROJ\TabularEditor_J-audit-v02\TOMWrapper\PropertyGridUI\Converters\ColumnDataCategoryConverter.cs(48,9): warning CS1591: Missing XML comment for publicly visible type or member 'ColumnDataCategory.CaptionDescription' [D:\PROJ\TabularEditor_J-audit-v02\TOMWrapper\TOMWrapper.csproj]
D:\PROJ\TabularEditor_J-audit-v02\TOMWrapper\PropertyGridUI\Converters\ColumnDataCategoryConverter.cs(49,9): warning CS1591: Missing XML comment for publicly visible type or member 'ColumnDataCategory.CaptionAbbreviation' [D:\PROJ\TabularEditor_J-audit-v02\TOMWrapper\TOMWrapper.csproj]
D:\PROJ\TabularEditor_J-audit-v02\TOMWrapper\PropertyGridUI\Converters\ColumnDataCategoryConverter.cs(50,9): warning CS1591: Missing XML comment for publicly visible type or member 'ColumnDataCategory.WebURL' [D:\PROJ\TabularEditor_J-audit-v02\TOMWrapper\TOMWrapper.csproj]
D:\PROJ\TabularEditor_J-audit-v02\TOMWrapper\PropertyGridUI\Converters\ColumnDataCategoryConverter.cs(51,9): warning CS1591: Missing XML comment for publicly visible type or member 'ColumnDataCategory.WebHTML' [D:\PROJ\TabularEditor_J-audit-v02\TOMWrapper\TOMWrapper.csproj]
D:\PROJ\TabularEditor_J-audit-v02\TOMWrapper\PropertyGridUI\Converters\ColumnDataCategoryConverter.cs(52,9): warning CS1591: Missing XML comment for publicly visible type or member 'ColumnDataCategory.WebXMLOrXSL' [D:\PROJ\TabularEditor_J-audit-v02\TOMWrapper\TOMWrapper.csproj]
D:\PROJ\TabularEditor_J-audit-v02\TOMWrapper\PropertyGridUI\Converters\ColumnDataCategoryConverter.cs(53,9): warning CS1591: Missing XML comment for publicly visible type or member 'ColumnDataCategory.WebmailAlias' [D:\PROJ\TabularEditor_J-audit-v02\TOMWrapper\TOMWrapper.csproj]
D:\PROJ\TabularEditor_J-audit-v02\TOMWrapper\PropertyGridUI\Converters\ColumnDataCategoryConverter.cs(54,9): warning CS1591: Missing XML comment for publicly visible type or member 'ColumnDataCategory.Address' [D:\PROJ\TabularEditor_J-audit-v02\TOMWrapper\TOMWrapper.csproj]
D:\PROJ\TabularEditor_J-audit-v02\TOMWrapper\PropertyGridUI\Converters\ColumnDataCategoryConverter.cs(55,9): warning CS1591: Missing XML comment for publicly visible type or member 'ColumnDataCategory.AddressStreet' [D:\PROJ\TabularEditor_J-audit-v02\TOMWrapper\TOMWrapper.csproj]
D:\PROJ\TabularEditor_J-audit-v02\TOMWrapper\PropertyGridUI\Converters\ColumnDataCategoryConverter.cs(56,9): warning CS1591: Missing XML comment for publicly visible type or member 'ColumnDataCategory.AddressHouse' [D:\PROJ\TabularEditor_J-audit-v02\TOMWrapper\TOMWrapper.csproj]
D:\PROJ\TabularEditor_J-audit-v02\TOMWrapper\PropertyGridUI\Converters\ColumnDataCategoryConverter.cs(57,9): warning CS1591: Missing XML comment for publicly visible type or member 'ColumnDataCategory.AddressCity' [D:\PROJ\TabularEditor_J-audit-v02\TOMWrapper\TOMWrapper.csproj]
D:\PROJ\TabularEditor_J-audit-v02\TOMWrapper\PropertyGridUI\Converters\ColumnDataCategoryConverter.cs(58,9): warning CS1591: Missing XML comment for publicly visible type or member 'ColumnDataCategory.AddressStateOrProvince' [D:\PROJ\TabularEditor_J-audit-v02\TOMWrapper\TOMWrapper.csproj]
D:\PROJ\TabularEditor_J-audit-v02\TOMWrapper\PropertyGridUI\Converters\ColumnDataCategoryConverter.cs(59,9): warning CS1591: Missing XML comment for publicly visible type or member 'ColumnDataCategory.AddressZIP' [D:\PROJ\TabularEditor_J-audit-v02\TOMWrapper\TOMWrapper.csproj]
D:\PROJ\TabularEditor_J-audit-v02\TOMWrapper\PropertyGridUI\Converters\ColumnDataCategoryConverter.cs(60,9): warning CS1591: Missing XML comment for publicly visible type or member 'ColumnDataCategory.AddressQuarter' [D:\PROJ\TabularEditor_J-audit-v02\TOMWrapper\TOMWrapper.csproj]
D:\PROJ\TabularEditor_J-audit-v02\TOMWrapper\PropertyGridUI\Converters\ColumnDataCategoryConverter.cs(61,9): warning CS1591: Missing XML comment for publicly visible type or member 'ColumnDataCategory.AddressCountry' [D:\PROJ\TabularEditor_J-audit-v02\TOMWrapper\TOMWrapper.csproj]
D:\PROJ\TabularEditor_J-audit-v02\TOMWrapper\PropertyGridUI\Converters\ColumnDataCategoryConverter.cs(62,9): warning CS1591: Missing XML comment for publicly visible type or member 'ColumnDataCategory.AddressBuilding' [D:\PROJ\TabularEditor_J-audit-v02\TOMWrapper\TOMWrapper.csproj]
D:\PROJ\TabularEditor_J-audit-v02\TOMWrapper\PropertyGridUI\Converters\ColumnDataCategoryConverter.cs(63,9): warning CS1591: Missing XML comment for publicly visible type or member 'ColumnDataCategory.AddressRoom' [D:\PROJ\TabularEditor_J-audit-v02\TOMWrapper\TOMWrapper.csproj]
D:\PROJ\TabularEditor_J-audit-v02\TOMWrapper\PropertyGridUI\Converters\ColumnDataCategoryConverter.cs(64,9): warning CS1591: Missing XML comment for publicly visible type or member 'ColumnDataCategory.AddressFloor' [D:\PROJ\TabularEditor_J-audit-v02\TOMWrapper\TOMWrapper.csproj]
D:\PROJ\TabularEditor_J-audit-v02\TOMWrapper\PropertyGridUI\Converters\ColumnDataCategoryConverter.cs(65,9): warning CS1591: Missing XML comment for publicly visible type or member 'ColumnDataCategory.AddressFax' [D:\PROJ\TabularEditor_J-audit-v02\TOMWrapper\TOMWrapper.csproj]
D:\PROJ\TabularEditor_J-audit-v02\TOMWrapper\PropertyGridUI\Converters\ColumnDataCategoryConverter.cs(66,9): warning CS1591: Missing XML comment for publicly visible type or member 'ColumnDataCategory.AddressPhone' [D:\PROJ\TabularEditor_J-audit-v02\TOMWrapper\TOMWrapper.csproj]
D:\PROJ\TabularEditor_J-audit-v02\TOMWrapper\PropertyGridUI\Converters\ColumnDataCategoryConverter.cs(67,9): warning CS1591: Missing XML comment for publicly visible type or member 'ColumnDataCategory.GeoCentroidX' [D:\PROJ\TabularEditor_J-audit-v02\TOMWrapper\TOMWrapper.csproj]
D:\PROJ\TabularEditor_J-audit-v02\TOMWrapper\PropertyGridUI\Converters\ColumnDataCategoryConverter.cs(68,9): warning CS1591: Missing XML comment for publicly visible type or member 'ColumnDataCategory.GeoCentroidY' [D:\PROJ\TabularEditor_J-audit-v02\TOMWrapper\TOMWrapper.csproj]
D:\PROJ\TabularEditor_J-audit-v02\TOMWrapper\PropertyGridUI\Converters\ColumnDataCategoryConverter.cs(69,9): warning CS1591: Missing XML comment for publicly visible type or member 'ColumnDataCategory.GeoCentroidZ' [D:\PROJ\TabularEditor_J-audit-v02\TOMWrapper\TOMWrapper.csproj]
D:\PROJ\TabularEditor_J-audit-v02\TOMWrapper\PropertyGridUI\Converters\ColumnDataCategoryConverter.cs(70,9): warning CS1591: Missing XML comment for publicly visible type or member 'ColumnDataCategory.GeoBoundaryTop' [D:\PROJ\TabularEditor_J-audit-v02\TOMWrapper\TOMWrapper.csproj]
D:\PROJ\TabularEditor_J-audit-v02\TOMWrapper\PropertyGridUI\Converters\ColumnDataCategoryConverter.cs(71,9): warning CS1591: Missing XML comment for publicly visible type or member 'ColumnDataCategory.GeoBoundaryLeft' [D:\PROJ\TabularEditor_J-audit-v02\TOMWrapper\TOMWrapper.csproj]
D:\PROJ\TabularEditor_J-audit-v02\TOMWrapper\PropertyGridUI\Converters\ColumnDataCategoryConverter.cs(72,9): warning CS1591: Missing XML comment for publicly visible type or member 'ColumnDataCategory.GeoBoundaryBottom' [D:\PROJ\TabularEditor_J-audit-v02\TOMWrapper\TOMWrapper.csproj]
D:\PROJ\TabularEditor_J-audit-v02\TOMWrapper\PropertyGridUI\Converters\ColumnDataCategoryConverter.cs(73,9): warning CS1591: Missing XML comment for publicly visible type or member 'ColumnDataCategory.GeoBoundaryRight' [D:\PROJ\TabularEditor_J-audit-v02\TOMWrapper\TOMWrapper.csproj]
D:\PROJ\TabularEditor_J-audit-v02\TOMWrapper\PropertyGridUI\Converters\ColumnDataCategoryConverter.cs(74,9): warning CS1591: Missing XML comment for publicly visible type or member 'ColumnDataCategory.GeoBoundaryFront' [D:\PROJ\TabularEditor_J-audit-v02\TOMWrapper\TOMWrapper.csproj]
D:\PROJ\TabularEditor_J-audit-v02\TOMWrapper\PropertyGridUI\Converters\ColumnDataCategoryConverter.cs(75,9): warning CS1591: Missing XML comment for publicly visible type or member 'ColumnDataCategory.GeoBoundaryRear' [D:\PROJ\TabularEditor_J-audit-v02\TOMWrapper\TOMWrapper.csproj]
D:\PROJ\TabularEditor_J-audit-v02\TOMWrapper\PropertyGridUI\Converters\ColumnDataCategoryConverter.cs(76,9): warning CS1591: Missing XML comment for publicly visible type or member 'ColumnDataCategory.GeoBoundaryPolygon' [D:\PROJ\TabularEditor_J-audit-v02\TOMWrapper\TOMWrapper.csproj]
D:\PROJ\TabularEditor_J-audit-v02\TOMWrapper\PropertyGridUI\Converters\ColumnDataCategoryConverter.cs(77,9): warning CS1591: Missing XML comment for publicly visible type or member 'ColumnDataCategory.PhysicalSize' [D:\PROJ\TabularEditor_J-audit-v02\TOMWrapper\TOMWrapper.csproj]
D:\PROJ\TabularEditor_J-audit-v02\TOMWrapper\PropertyGridUI\Converters\ColumnDataCategoryConverter.cs(78,9): warning CS1591: Missing XML comment for publicly visible type or member 'ColumnDataCategory.PhysicalColor' [D:\PROJ\TabularEditor_J-audit-v02\TOMWrapper\TOMWrapper.csproj]
D:\PROJ\TabularEditor_J-audit-v02\TOMWrapper\PropertyGridUI\Converters\ColumnDataCategoryConverter.cs(79,9): warning CS1591: Missing XML comment for publicly visible type or member 'ColumnDataCategory.PhysicalWeight' [D:\PROJ\TabularEditor_J-audit-v02\TOMWrapper\TOMWrapper.csproj]
D:\PROJ\TabularEditor_J-audit-v02\TOMWrapper\PropertyGridUI\Converters\ColumnDataCategoryConverter.cs(80,9): warning CS1591: Missing XML comment for publicly visible type or member 'ColumnDataCategory.PhysicalHeight' [D:\PROJ\TabularEditor_J-audit-v02\TOMWrapper\TOMWrapper.csproj]
D:\PROJ\TabularEditor_J-audit-v02\TOMWrapper\PropertyGridUI\Converters\ColumnDataCategoryConverter.cs(81,9): warning CS1591: Missing XML comment for publicly visible type or member 'ColumnDataCategory.PhysicalWidth' [D:\PROJ\TabularEditor_J-audit-v02\TOMWrapper\TOMWrapper.csproj]
D:\PROJ\TabularEditor_J-audit-v02\TOMWrapper\PropertyGridUI\Converters\ColumnDataCategoryConverter.cs(82,9): warning CS1591: Missing XML comment for publicly visible type or member 'ColumnDataCategory.PhysicalDepth' [D:\PROJ\TabularEditor_J-audit-v02\TOMWrapper\TOMWrapper.csproj]
D:\PROJ\TabularEditor_J-audit-v02\TOMWrapper\PropertyGridUI\Converters\ColumnDataCategoryConverter.cs(83,9): warning CS1591: Missing XML comment for publicly visible type or member 'ColumnDataCategory.PhysicalVolume' [D:\PROJ\TabularEditor_J-audit-v02\TOMWrapper\TOMWrapper.csproj]
D:\PROJ\TabularEditor_J-audit-v02\TOMWrapper\PropertyGridUI\Converters\ColumnDataCategoryConverter.cs(84,9): warning CS1591: Missing XML comment for publicly visible type or member 'ColumnDataCategory.PhysicalDensity' [D:\PROJ\TabularEditor_J-audit-v02\TOMWrapper\TOMWrapper.csproj]
D:\PROJ\TabularEditor_J-audit-v02\TOMWrapper\PropertyGridUI\Converters\ColumnDataCategoryConverter.cs(85,9): warning CS1591: Missing XML comment for publicly visible type or member 'ColumnDataCategory.PersonFullName' [D:\PROJ\TabularEditor_J-audit-v02\TOMWrapper\TOMWrapper.csproj]
D:\PROJ\TabularEditor_J-audit-v02\TOMWrapper\PropertyGridUI\Converters\ColumnDataCategoryConverter.cs(86,9): warning CS1591: Missing XML comment for publicly visible type or member 'ColumnDataCategory.PersonFirstName' [D:\PROJ\TabularEditor_J-audit-v02\TOMWrapper\TOMWrapper.csproj]
D:\PROJ\TabularEditor_J-audit-v02\TOMWrapper\PropertyGridUI\Converters\ColumnDataCategoryConverter.cs(87,9): warning CS1591: Missing XML comment for publicly visible type or member 'ColumnDataCategory.PersonLastName' [D:\PROJ\TabularEditor_J-audit-v02\TOMWrapper\TOMWrapper.csproj]
D:\PROJ\TabularEditor_J-audit-v02\TOMWrapper\PropertyGridUI\Converters\ColumnDataCategoryConverter.cs(88,9): warning CS1591: Missing XML comment for publicly visible type or member 'ColumnDataCategory.PersonMiddleName' [D:\PROJ\TabularEditor_J-audit-v02\TOMWrapper\TOMWrapper.csproj]
D:\PROJ\TabularEditor_J-audit-v02\TOMWrapper\PropertyGridUI\Converters\ColumnDataCategoryConverter.cs(89,9): warning CS1591: Missing XML comment for publicly visible type or member 'ColumnDataCategory.PersonDemographic' [D:\PROJ\TabularEditor_J-audit-v02\TOMWrapper\TOMWrapper.csproj]
D:\PROJ\TabularEditor_J-audit-v02\TOMWrapper\PropertyGridUI\Converters\ColumnDataCategoryConverter.cs(90,9): warning CS1591: Missing XML comment for publicly visible type or member 'ColumnDataCategory.PersonContact' [D:\PROJ\TabularEditor_J-audit-v02\TOMWrapper\TOMWrapper.csproj]
D:\PROJ\TabularEditor_J-audit-v02\TOMWrapper\PropertyGridUI\Converters\ColumnDataCategoryConverter.cs(91,9): warning CS1591: Missing XML comment for publicly visible type or member 'ColumnDataCategory.QtyRangeLow' [D:\PROJ\TabularEditor_J-audit-v02\TOMWrapper\TOMWrapper.csproj]
D:\PROJ\TabularEditor_J-audit-v02\TOMWrapper\PropertyGridUI\Converters\ColumnDataCategoryConverter.cs(92,9): warning CS1591: Missing XML comment for publicly visible type or member 'ColumnDataCategory.QtyRangeHigh' [D:\PROJ\TabularEditor_J-audit-v02\TOMWrapper\TOMWrapper.csproj]
D:\PROJ\TabularEditor_J-audit-v02\TOMWrapper\PropertyGridUI\Converters\ColumnDataCategoryConverter.cs(93,9): warning CS1591: Missing XML comment for publicly visible type or member 'ColumnDataCategory.FormattingColor' [D:\PROJ\TabularEditor_J-audit-v02\TOMWrapper\TOMWrapper.csproj]
D:\PROJ\TabularEditor_J-audit-v02\TOMWrapper\PropertyGridUI\Converters\ColumnDataCategoryConverter.cs(94,9): warning CS1591: Missing XML comment for publicly visible type or member 'ColumnDataCategory.FormattingOrder' [D:\PROJ\TabularEditor_J-audit-v02\TOMWrapper\TOMWrapper.csproj]
D:\PROJ\TabularEditor_J-audit-v02\TOMWrapper\PropertyGridUI\Converters\ColumnDataCategoryConverter.cs(95,9): warning CS1591: Missing XML comment for publicly visible type or member 'ColumnDataCategory.FormattingFont' [D:\PROJ\TabularEditor_J-audit-v02\TOMWrapper\TOMWrapper.csproj]
D:\PROJ\TabularEditor_J-audit-v02\TOMWrapper\PropertyGridUI\Converters\ColumnDataCategoryConverter.cs(96,9): warning CS1591: Missing XML comment for publicly visible type or member 'ColumnDataCategory.FormattingFontEffects' [D:\PROJ\TabularEditor_J-audit-v02\TOMWrapper\TOMWrapper.csproj]
D:\PROJ\TabularEditor_J-audit-v02\TOMWrapper\PropertyGridUI\Converters\ColumnDataCategoryConverter.cs(97,9): warning CS1591: Missing XML comment for publicly visible type or member 'ColumnDataCategory.FormattingFontSize' [D:\PROJ\TabularEditor_J-audit-v02\TOMWrapper\TOMWrapper.csproj]
D:\PROJ\TabularEditor_J-audit-v02\TOMWrapper\PropertyGridUI\Converters\ColumnDataCategoryConverter.cs(98,9): warning CS1591: Missing XML comment for publicly visible type or member 'ColumnDataCategory.FormattingSubtotal' [D:\PROJ\TabularEditor_J-audit-v02\TOMWrapper\TOMWrapper.csproj]
D:\PROJ\TabularEditor_J-audit-v02\TOMWrapper\PropertyGridUI\Converters\ColumnDataCategoryConverter.cs(99,9): warning CS1591: Missing XML comment for publicly visible type or member 'ColumnDataCategory.Date' [D:\PROJ\TabularEditor_J-audit-v02\TOMWrapper\TOMWrapper.csproj]
D:\PROJ\TabularEditor_J-audit-v02\TOMWrapper\PropertyGridUI\Converters\ColumnDataCategoryConverter.cs(100,9): warning CS1591: Missing XML comment for publicly visible type or member 'ColumnDataCategory.DateStart' [D:\PROJ\TabularEditor_J-audit-v02\TOMWrapper\TOMWrapper.csproj]
D:\PROJ\TabularEditor_J-audit-v02\TOMWrapper\PropertyGridUI\Converters\ColumnDataCategoryConverter.cs(101,9): warning CS1591: Missing XML comment for publicly visible type or member 'ColumnDataCategory.DateEnded' [D:\PROJ\TabularEditor_J-audit-v02\TOMWrapper\TOMWrapper.csproj]
D:\PROJ\TabularEditor_J-audit-v02\TOMWrapper\PropertyGridUI\Converters\ColumnDataCategoryConverter.cs(102,9): warning CS1591: Missing XML comment for publicly visible type or member 'ColumnDataCategory.DateCanceled' [D:\PROJ\TabularEditor_J-audit-v02\TOMWrapper\TOMWrapper.csproj]
D:\PROJ\TabularEditor_J-audit-v02\TOMWrapper\PropertyGridUI\Converters\ColumnDataCategoryConverter.cs(103,9): warning CS1591: Missing XML comment for publicly visible type or member 'ColumnDataCategory.DateModified' [D:\PROJ\TabularEditor_J-audit-v02\TOMWrapper\TOMWrapper.csproj]
D:\PROJ\TabularEditor_J-audit-v02\TOMWrapper\PropertyGridUI\Converters\ColumnDataCategoryConverter.cs(104,9): warning CS1591: Missing XML comment for publicly visible type or member 'ColumnDataCategory.DateDuration' [D:\PROJ\TabularEditor_J-audit-v02\TOMWrapper\TOMWrapper.csproj]
D:\PROJ\TabularEditor_J-audit-v02\TOMWrapper\PropertyGridUI\Converters\ColumnDataCategoryConverter.cs(105,9): warning CS1591: Missing XML comment for publicly visible type or member 'ColumnDataCategory.Version' [D:\PROJ\TabularEditor_J-audit-v02\TOMWrapper\TOMWrapper.csproj]
D:\PROJ\TabularEditor_J-audit-v02\TOMWrapper\PropertyGridUI\Converters\ColumnDataCategoryConverter.cs(106,9): warning CS1591: Missing XML comment for publicly visible type or member 'ColumnDataCategory.Years' [D:\PROJ\TabularEditor_J-audit-v02\TOMWrapper\TOMWrapper.csproj]
D:\PROJ\TabularEditor_J-audit-v02\TOMWrapper\PropertyGridUI\Converters\ColumnDataCategoryConverter.cs(107,9): warning CS1591: Missing XML comment for publicly visible type or member 'ColumnDataCategory.Quarters' [D:\PROJ\TabularEditor_J-audit-v02\TOMWrapper\TOMWrapper.csproj]
D:\PROJ\TabularEditor_J-audit-v02\TOMWrapper\PropertyGridUI\Converters\ColumnDataCategoryConverter.cs(108,9): warning CS1591: Missing XML comment for publicly visible type or member 'ColumnDataCategory.Months' [D:\PROJ\TabularEditor_J-audit-v02\TOMWrapper\TOMWrapper.csproj]
D:\PROJ\TabularEditor_J-audit-v02\TOMWrapper\PropertyGridUI\Converters\ColumnDataCategoryConverter.cs(109,9): warning CS1591: Missing XML comment for publicly visible type or member 'ColumnDataCategory.Weeks' [D:\PROJ\TabularEditor_J-audit-v02\TOMWrapper\TOMWrapper.csproj]
D:\PROJ\TabularEditor_J-audit-v02\TOMWrapper\PropertyGridUI\Converters\ColumnDataCategoryConverter.cs(110,9): warning CS1591: Missing XML comment for publicly visible type or member 'ColumnDataCategory.Days' [D:\PROJ\TabularEditor_J-audit-v02\TOMWrapper\TOMWrapper.csproj]
D:\PROJ\TabularEditor_J-audit-v02\TOMWrapper\PropertyGridUI\Converters\ColumnDataCategoryConverter.cs(111,9): warning CS1591: Missing XML comment for publicly visible type or member 'ColumnDataCategory.Hours' [D:\PROJ\TabularEditor_J-audit-v02\TOMWrapper\TOMWrapper.csproj]
D:\PROJ\TabularEditor_J-audit-v02\TOMWrapper\PropertyGridUI\Converters\ColumnDataCategoryConverter.cs(112,9): warning CS1591: Missing XML comment for publicly visible type or member 'ColumnDataCategory.Minutes' [D:\PROJ\TabularEditor_J-audit-v02\TOMWrapper\TOMWrapper.csproj]
D:\PROJ\TabularEditor_J-audit-v02\TOMWrapper\PropertyGridUI\Converters\ColumnDataCategoryConverter.cs(113,9): warning CS1591: Missing XML comment for publicly visible type or member 'ColumnDataCategory.Seconds' [D:\PROJ\TabularEditor_J-audit-v02\TOMWrapper\TOMWrapper.csproj]
D:\PROJ\TabularEditor_J-audit-v02\TOMWrapper\PropertyGridUI\Converters\ColumnDataCategoryConverter.cs(114,9): warning CS1591: Missing XML comment for publicly visible type or member 'ColumnDataCategory.UndefinedTime' [D:\PROJ\TabularEditor_J-audit-v02\TOMWrapper\TOMWrapper.csproj]
D:\PROJ\TabularEditor_J-audit-v02\TOMWrapper\PropertyGridUI\Converters\ColumnDataCategoryConverter.cs(115,9): warning CS1591: Missing XML comment for publicly visible type or member 'ColumnDataCategory.OrganizationalUnit' [D:\PROJ\TabularEditor_J-audit-v02\TOMWrapper\TOMWrapper.csproj]
D:\PROJ\TabularEditor_J-audit-v02\TOMWrapper\PropertyGridUI\Converters\ColumnDataCategoryConverter.cs(116,9): warning CS1591: Missing XML comment for publicly visible type or member 'ColumnDataCategory.BomResource' [D:\PROJ\TabularEditor_J-audit-v02\TOMWrapper\TOMWrapper.csproj]
D:\PROJ\TabularEditor_J-audit-v02\TOMWrapper\PropertyGridUI\Converters\ColumnDataCategoryConverter.cs(117,9): warning CS1591: Missing XML comment for publicly visible type or member 'ColumnDataCategory.Quantitative' [D:\PROJ\TabularEditor_J-audit-v02\TOMWrapper\TOMWrapper.csproj]
D:\PROJ\TabularEditor_J-audit-v02\TOMWrapper\PropertyGridUI\Converters\ColumnDataCategoryConverter.cs(118,9): warning CS1591: Missing XML comment for publicly visible type or member 'ColumnDataCategory.Account' [D:\PROJ\TabularEditor_J-audit-v02\TOMWrapper\TOMWrapper.csproj]
D:\PROJ\TabularEditor_J-audit-v02\TOMWrapper\PropertyGridUI\Converters\ColumnDataCategoryConverter.cs(119,9): warning CS1591: Missing XML comment for publicly visible type or member 'ColumnDataCategory.Customers' [D:\PROJ\TabularEditor_J-audit-v02\TOMWrapper\TOMWrapper.csproj]
D:\PROJ\TabularEditor_J-audit-v02\TOMWrapper\PropertyGridUI\Converters\ColumnDataCategoryConverter.cs(120,9): warning CS1591: Missing XML comment for publicly visible type or member 'ColumnDataCategory.CustomerGroup' [D:\PROJ\TabularEditor_J-audit-v02\TOMWrapper\TOMWrapper.csproj]
D:\PROJ\TabularEditor_J-audit-v02\TOMWrapper\PropertyGridUI\Converters\ColumnDataCategoryConverter.cs(121,9): warning CS1591: Missing XML comment for publicly visible type or member 'ColumnDataCategory.CustomerHousehold' [D:\PROJ\TabularEditor_J-audit-v02\TOMWrapper\TOMWrapper.csproj]
D:\PROJ\TabularEditor_J-audit-v02\TOMWrapper\PropertyGridUI\Converters\ColumnDataCategoryConverter.cs(122,9): warning CS1591: Missing XML comment for publicly visible type or member 'ColumnDataCategory.Product' [D:\PROJ\TabularEditor_J-audit-v02\TOMWrapper\TOMWrapper.csproj]
D:\PROJ\TabularEditor_J-audit-v02\TOMWrapper\PropertyGridUI\Converters\ColumnDataCategoryConverter.cs(123,9): warning CS1591: Missing XML comment for publicly visible type or member 'ColumnDataCategory.ProductGroup' [D:\PROJ\TabularEditor_J-audit-v02\TOMWrapper\TOMWrapper.csproj]
D:\PROJ\TabularEditor_J-audit-v02\TOMWrapper\PropertyGridUI\Converters\ColumnDataCategoryConverter.cs(124,9): warning CS1591: Missing XML comment for publicly visible type or member 'ColumnDataCategory.Scenario' [D:\PROJ\TabularEditor_J-audit-v02\TOMWrapper\TOMWrapper.csproj]
D:\PROJ\TabularEditor_J-audit-v02\TOMWrapper\PropertyGridUI\Converters\ColumnDataCategoryConverter.cs(125,9): warning CS1591: Missing XML comment for publicly visible type or member 'ColumnDataCategory.Utility' [D:\PROJ\TabularEditor_J-audit-v02\TOMWrapper\TOMWrapper.csproj]
D:\PROJ\TabularEditor_J-audit-v02\TOMWrapper\PropertyGridUI\Converters\ColumnDataCategoryConverter.cs(126,9): warning CS1591: Missing XML comment for publicly visible type or member 'ColumnDataCategory.Person' [D:\PROJ\TabularEditor_J-audit-v02\TOMWrapper\TOMWrapper.csproj]
D:\PROJ\TabularEditor_J-audit-v02\TOMWrapper\PropertyGridUI\Converters\ColumnDataCategoryConverter.cs(127,9): warning CS1591: Missing XML comment for publicly visible type or member 'ColumnDataCategory.Company' [D:\PROJ\TabularEditor_J-audit-v02\TOMWrapper\TOMWrapper.csproj]
D:\PROJ\TabularEditor_J-audit-v02\TOMWrapper\PropertyGridUI\Converters\ColumnDataCategoryConverter.cs(128,9): warning CS1591: Missing XML comment for publicly visible type or member 'ColumnDataCategory.CurrencySource' [D:\PROJ\TabularEditor_J-audit-v02\TOMWrapper\TOMWrapper.csproj]
D:\PROJ\TabularEditor_J-audit-v02\TOMWrapper\PropertyGridUI\Converters\ColumnDataCategoryConverter.cs(129,9): warning CS1591: Missing XML comment for publicly visible type or member 'ColumnDataCategory.CurrencyDestination' [D:\PROJ\TabularEditor_J-audit-v02\TOMWrapper\TOMWrapper.csproj]
D:\PROJ\TabularEditor_J-audit-v02\TOMWrapper\PropertyGridUI\Converters\ColumnDataCategoryConverter.cs(130,9): warning CS1591: Missing XML comment for publicly visible type or member 'ColumnDataCategory.Channel' [D:\PROJ\TabularEditor_J-audit-v02\TOMWrapper\TOMWrapper.csproj]
D:\PROJ\TabularEditor_J-audit-v02\TOMWrapper\PropertyGridUI\Converters\ColumnDataCategoryConverter.cs(131,9): warning CS1591: Missing XML comment for publicly visible type or member 'ColumnDataCategory.Representative' [D:\PROJ\TabularEditor_J-audit-v02\TOMWrapper\TOMWrapper.csproj]
D:\PROJ\TabularEditor_J-audit-v02\TOMWrapper\PropertyGridUI\Converters\ColumnDataCategoryConverter.cs(132,9): warning CS1591: Missing XML comment for publicly visible type or member 'ColumnDataCategory.Promotion' [D:\PROJ\TabularEditor_J-audit-v02\TOMWrapper\TOMWrapper.csproj]
D:\PROJ\TabularEditor_J-audit-v02\TOMWrapper\PropertyGridUI\Converters\ColumnDataCategoryConverter.cs(133,9): warning CS1591: Missing XML comment for publicly visible type or member 'ColumnDataCategory.Continent' [D:\PROJ\TabularEditor_J-audit-v02\TOMWrapper\TOMWrapper.csproj]
D:\PROJ\TabularEditor_J-audit-v02\TOMWrapper\PropertyGridUI\Converters\ColumnDataCategoryConverter.cs(134,9): warning CS1591: Missing XML comment for publicly visible type or member 'ColumnDataCategory.Region' [D:\PROJ\TabularEditor_J-audit-v02\TOMWrapper\TOMWrapper.csproj]
D:\PROJ\TabularEditor_J-audit-v02\TOMWrapper\PropertyGridUI\Converters\ColumnDataCategoryConverter.cs(135,9): warning CS1591: Missing XML comment for publicly visible type or member 'ColumnDataCategory.Country' [D:\PROJ\TabularEditor_J-audit-v02\TOMWrapper\TOMWrapper.csproj]
D:\PROJ\TabularEditor_J-audit-v02\TOMWrapper\PropertyGridUI\Converters\ColumnDataCategoryConverter.cs(136,9): warning CS1591: Missing XML comment for publicly visible type or member 'ColumnDataCategory.StateOrProvince' [D:\PROJ\TabularEditor_J-audit-v02\TOMWrapper\TOMWrapper.csproj]
D:\PROJ\TabularEditor_J-audit-v02\TOMWrapper\PropertyGridUI\Converters\ColumnDataCategoryConverter.cs(137,9): warning CS1591: Missing XML comment for publicly visible type or member 'ColumnDataCategory.County' [D:\PROJ\TabularEditor_J-audit-v02\TOMWrapper\TOMWrapper.csproj]
D:\PROJ\TabularEditor_J-audit-v02\TOMWrapper\PropertyGridUI\Converters\ColumnDataCategoryConverter.cs(138,9): warning CS1591: Missing XML comment for publicly visible type or member 'ColumnDataCategory.City' [D:\PROJ\TabularEditor_J-audit-v02\TOMWrapper\TOMWrapper.csproj]
D:\PROJ\TabularEditor_J-audit-v02\TOMWrapper\PropertyGridUI\Converters\ColumnDataCategoryConverter.cs(139,9): warning CS1591: Missing XML comment for publicly visible type or member 'ColumnDataCategory.PostalCode' [D:\PROJ\TabularEditor_J-audit-v02\TOMWrapper\TOMWrapper.csproj]
D:\PROJ\TabularEditor_J-audit-v02\TOMWrapper\PropertyGridUI\Converters\ColumnDataCategoryConverter.cs(140,9): warning CS1591: Missing XML comment for publicly visible type or member 'ColumnDataCategory.Point' [D:\PROJ\TabularEditor_J-audit-v02\TOMWrapper\TOMWrapper.csproj]
D:\PROJ\TabularEditor_J-audit-v02\TOMWrapper\PropertyGridUI\Converters\ColumnDataCategoryConverter.cs(141,9): warning CS1591: Missing XML comment for publicly visible type or member 'ColumnDataCategory.AccountType' [D:\PROJ\TabularEditor_J-audit-v02\TOMWrapper\TOMWrapper.csproj]
D:\PROJ\TabularEditor_J-audit-v02\TOMWrapper\PropertyGridUI\Converters\ColumnDataCategoryConverter.cs(142,9): warning CS1591: Missing XML comment for publicly visible type or member 'ColumnDataCategory.AccountName' [D:\PROJ\TabularEditor_J-audit-v02\TOMWrapper\TOMWrapper.csproj]
D:\PROJ\TabularEditor_J-audit-v02\TOMWrapper\PropertyGridUI\Converters\ColumnDataCategoryConverter.cs(143,9): warning CS1591: Missing XML comment for publicly visible type or member 'ColumnDataCategory.AccountNumber' [D:\PROJ\TabularEditor_J-audit-v02\TOMWrapper\TOMWrapper.csproj]
D:\PROJ\TabularEditor_J-audit-v02\TOMWrapper\PropertyGridUI\Converters\ColumnDataCategoryConverter.cs(144,9): warning CS1591: Missing XML comment for publicly visible type or member 'ColumnDataCategory.ProjectName' [D:\PROJ\TabularEditor_J-audit-v02\TOMWrapper\TOMWrapper.csproj]
D:\PROJ\TabularEditor_J-audit-v02\TOMWrapper\PropertyGridUI\Converters\ColumnDataCategoryConverter.cs(145,9): warning CS1591: Missing XML comment for publicly visible type or member 'ColumnDataCategory.ProjectCode' [D:\PROJ\TabularEditor_J-audit-v02\TOMWrapper\TOMWrapper.csproj]
D:\PROJ\TabularEditor_J-audit-v02\TOMWrapper\PropertyGridUI\Converters\ColumnDataCategoryConverter.cs(146,9): warning CS1591: Missing XML comment for publicly visible type or member 'ColumnDataCategory.ProjectStartDate' [D:\PROJ\TabularEditor_J-audit-v02\TOMWrapper\TOMWrapper.csproj]
D:\PROJ\TabularEditor_J-audit-v02\TOMWrapper\PropertyGridUI\Converters\ColumnDataCategoryConverter.cs(147,9): warning CS1591: Missing XML comment for publicly visible type or member 'ColumnDataCategory.ProjectEndDate' [D:\PROJ\TabularEditor_J-audit-v02\TOMWrapper\TOMWrapper.csproj]
D:\PROJ\TabularEditor_J-audit-v02\TOMWrapper\PropertyGridUI\Converters\ColumnDataCategoryConverter.cs(148,9): warning CS1591: Missing XML comment for publicly visible type or member 'ColumnDataCategory.ProjectCompletion' [D:\PROJ\TabularEditor_J-audit-v02\TOMWrapper\TOMWrapper.csproj]
D:\PROJ\TabularEditor_J-audit-v02\TOMWrapper\PropertyGridUI\Converters\ColumnDataCategoryConverter.cs(149,9): warning CS1591: Missing XML comment for publicly visible type or member 'ColumnDataCategory.CurrencyName' [D:\PROJ\TabularEditor_J-audit-v02\TOMWrapper\TOMWrapper.csproj]
D:\PROJ\TabularEditor_J-audit-v02\TOMWrapper\PropertyGridUI\Converters\ColumnDataCategoryConverter.cs(150,9): warning CS1591: Missing XML comment for publicly visible type or member 'ColumnDataCategory.CurrencyIsOCode' [D:\PROJ\TabularEditor_J-audit-v02\TOMWrapper\TOMWrapper.csproj]
D:\PROJ\TabularEditor_J-audit-v02\TOMWrapper\PropertyGridUI\Converters\ColumnDataCategoryConverter.cs(151,9): warning CS1591: Missing XML comment for publicly visible type or member 'ColumnDataCategory.PercentOwnership' [D:\PROJ\TabularEditor_J-audit-v02\TOMWrapper\TOMWrapper.csproj]
D:\PROJ\TabularEditor_J-audit-v02\TOMWrapper\PropertyGridUI\Converters\ColumnDataCategoryConverter.cs(152,9): warning CS1591: Missing XML comment for publicly visible type or member 'ColumnDataCategory.PercentVoteright' [D:\PROJ\TabularEditor_J-audit-v02\TOMWrapper\TOMWrapper.csproj]
D:\PROJ\TabularEditor_J-audit-v02\TOMWrapper\PropertyGridUI\Converters\ColumnDataCategoryConverter.cs(153,9): warning CS1591: Missing XML comment for publicly visible type or member 'ColumnDataCategory.Project' [D:\PROJ\TabularEditor_J-audit-v02\TOMWrapper\TOMWrapper.csproj]
D:\PROJ\TabularEditor_J-audit-v02\TOMWrapper\PropertyGridUI\Converters\ColumnDataCategoryConverter.cs(154,9): warning CS1591: Missing XML comment for publicly visible type or member 'ColumnDataCategory.RateType' [D:\PROJ\TabularEditor_J-audit-v02\TOMWrapper\TOMWrapper.csproj]
D:\PROJ\TabularEditor_J-audit-v02\TOMWrapper\PropertyGridUI\Converters\ColumnDataCategoryConverter.cs(155,9): warning CS1591: Missing XML comment for publicly visible type or member 'ColumnDataCategory.Rate' [D:\PROJ\TabularEditor_J-audit-v02\TOMWrapper\TOMWrapper.csproj]
D:\PROJ\TabularEditor_J-audit-v02\TOMWrapper\PropertyGridUI\Converters\ColumnDataCategoryConverter.cs(156,9): warning CS1591: Missing XML comment for publicly visible type or member 'ColumnDataCategory.ProductSKU' [D:\PROJ\TabularEditor_J-audit-v02\TOMWrapper\TOMWrapper.csproj]
D:\PROJ\TabularEditor_J-audit-v02\TOMWrapper\PropertyGridUI\Converters\ColumnDataCategoryConverter.cs(157,9): warning CS1591: Missing XML comment for publicly visible type or member 'ColumnDataCategory.ProductCategory' [D:\PROJ\TabularEditor_J-audit-v02\TOMWrapper\TOMWrapper.csproj]
D:\PROJ\TabularEditor_J-audit-v02\TOMWrapper\PropertyGridUI\Converters\ColumnDataCategoryConverter.cs(158,9): warning CS1591: Missing XML comment for publicly visible type or member 'ColumnDataCategory.ProductBrand' [D:\PROJ\TabularEditor_J-audit-v02\TOMWrapper\TOMWrapper.csproj]
D:\PROJ\TabularEditor_J-audit-v02\TOMWrapper\PropertyGridUI\Converters\ColumnDataCategoryConverter.cs(159,9): warning CS1591: Missing XML comment for publicly visible type or member 'ColumnDataCategory.DeletedFlag' [D:\PROJ\TabularEditor_J-audit-v02\TOMWrapper\TOMWrapper.csproj]
D:\PROJ\TabularEditor_J-audit-v02\TOMWrapper\PropertyGridUI\Converters\ColumnDataCategoryConverter.cs(160,9): warning CS1591: Missing XML comment for publicly visible type or member 'ColumnDataCategory.ScdStatus' [D:\PROJ\TabularEditor_J-audit-v02\TOMWrapper\TOMWrapper.csproj]
D:\PROJ\TabularEditor_J-audit-v02\TOMWrapper\PropertyGridUI\Converters\ColumnDataCategoryConverter.cs(161,9): warning CS1591: Missing XML comment for publicly visible type or member 'ColumnDataCategory.ScdEndDate' [D:\PROJ\TabularEditor_J-audit-v02\TOMWrapper\TOMWrapper.csproj]
D:\PROJ\TabularEditor_J-audit-v02\TOMWrapper\PropertyGridUI\Converters\ColumnDataCategoryConverter.cs(162,9): warning CS1591: Missing XML comment for publicly visible type or member 'ColumnDataCategory.ScdOriginalID' [D:\PROJ\TabularEditor_J-audit-v02\TOMWrapper\TOMWrapper.csproj]
D:\PROJ\TabularEditor_J-audit-v02\TOMWrapper\PropertyGridUI\Converters\ColumnDataCategoryConverter.cs(163,9): warning CS1591: Missing XML comment for publicly visible type or member 'ColumnDataCategory.ScdStartDate' [D:\PROJ\TabularEditor_J-audit-v02\TOMWrapper\TOMWrapper.csproj]
D:\PROJ\TabularEditor_J-audit-v02\TOMWrapper\PropertyGridUI\Converters\ColumnDataCategoryConverter.cs(164,9): warning CS1591: Missing XML comment for publicly visible type or member 'ColumnDataCategory.DayOfMonthOrPeriod' [D:\PROJ\TabularEditor_J-audit-v02\TOMWrapper\TOMWrapper.csproj]
D:\PROJ\TabularEditor_J-audit-v02\TOMWrapper\PropertyGridUI\Converters\ColumnDataCategoryConverter.cs(165,9): warning CS1591: Missing XML comment for publicly visible type or member 'ColumnDataCategory.WeekOfQuarter' [D:\PROJ\TabularEditor_J-audit-v02\TOMWrapper\TOMWrapper.csproj]
D:\PROJ\TabularEditor_J-audit-v02\TOMWrapper\PropertyGridUI\Converters\ColumnDataCategoryConverter.cs(166,9): warning CS1591: Missing XML comment for publicly visible type or member 'ColumnDataCategory.WeekOfMonthOrPeriod' [D:\PROJ\TabularEditor_J-audit-v02\TOMWrapper\TOMWrapper.csproj]
D:\PROJ\TabularEditor_J-audit-v02\TOMWrapper\PropertyGridUI\Converters\ColumnDataCategoryConverter.cs(167,9): warning CS1591: Missing XML comment for publicly visible type or member 'ColumnDataCategory.MonthOrPeriodOfQuarter' [D:\PROJ\TabularEditor_J-audit-v02\TOMWrapper\TOMWrapper.csproj]
D:\PROJ\TabularEditor_J-audit-v02\TOMWrapper\PropertyGridUI\Converters\ColumnDataCategoryConverter.cs(168,9): warning CS1591: Missing XML comment for publicly visible type or member 'ColumnDataCategory.MonthOrPeriodOfYear' [D:\PROJ\TabularEditor_J-audit-v02\TOMWrapper\TOMWrapper.csproj]
D:\PROJ\TabularEditor_J-audit-v02\TOMWrapper\PropertyGridUI\Converters\ColumnDataCategoryConverter.cs(169,9): warning CS1591: Missing XML comment for publicly visible type or member 'ColumnDataCategory.Trimesters' [D:\PROJ\TabularEditor_J-audit-v02\TOMWrapper\TOMWrapper.csproj]
D:\PROJ\TabularEditor_J-audit-v02\TOMWrapper\PropertyGridUI\Converters\ColumnDataCategoryConverter.cs(170,9): warning CS1591: Missing XML comment for publicly visible type or member 'ColumnDataCategory.Halfyears' [D:\PROJ\TabularEditor_J-audit-v02\TOMWrapper\TOMWrapper.csproj]
D:\PROJ\TabularEditor_J-audit-v02\TOMWrapper\PropertyGridUI\Converters\ColumnDataCategoryConverter.cs(171,9): warning CS1591: Missing XML comment for publicly visible type or member 'ColumnDataCategory.Tendays' [D:\PROJ\TabularEditor_J-audit-v02\TOMWrapper\TOMWrapper.csproj]
D:\PROJ\TabularEditor_J-audit-v02\TOMWrapper\PropertyGridUI\Converters\ColumnDataCategoryConverter.cs(172,9): warning CS1591: Missing XML comment for publicly visible type or member 'ColumnDataCategory.DayOfWeek' [D:\PROJ\TabularEditor_J-audit-v02\TOMWrapper\TOMWrapper.csproj]
D:\PROJ\TabularEditor_J-audit-v02\TOMWrapper\PropertyGridUI\Converters\ColumnDataCategoryConverter.cs(173,9): warning CS1591: Missing XML comment for publicly visible type or member 'ColumnDataCategory.DayOfTendays' [D:\PROJ\TabularEditor_J-audit-v02\TOMWrapper\TOMWrapper.csproj]
D:\PROJ\TabularEditor_J-audit-v02\TOMWrapper\PropertyGridUI\Converters\ColumnDataCategoryConverter.cs(174,9): warning CS1591: Missing XML comment for publicly visible type or member 'ColumnDataCategory.DayOfMonth' [D:\PROJ\TabularEditor_J-audit-v02\TOMWrapper\TOMWrapper.csproj]
D:\PROJ\TabularEditor_J-audit-v02\TOMWrapper\PropertyGridUI\Converters\ColumnDataCategoryConverter.cs(175,9): warning CS1591: Missing XML comment for publicly visible type or member 'ColumnDataCategory.DayOfQuarter' [D:\PROJ\TabularEditor_J-audit-v02\TOMWrapper\TOMWrapper.csproj]
D:\PROJ\TabularEditor_J-audit-v02\TOMWrapper\PropertyGridUI\Converters\ColumnDataCategoryConverter.cs(176,9): warning CS1591: Missing XML comment for publicly visible type or member 'ColumnDataCategory.DayOfTrimester' [D:\PROJ\TabularEditor_J-audit-v02\TOMWrapper\TOMWrapper.csproj]
D:\PROJ\TabularEditor_J-audit-v02\TOMWrapper\PropertyGridUI\Converters\ColumnDataCategoryConverter.cs(177,9): warning CS1591: Missing XML comment for publicly visible type or member 'ColumnDataCategory.DayOfHalfyear' [D:\PROJ\TabularEditor_J-audit-v02\TOMWrapper\TOMWrapper.csproj]
D:\PROJ\TabularEditor_J-audit-v02\TOMWrapper\PropertyGridUI\Converters\ColumnDataCategoryConverter.cs(178,9): warning CS1591: Missing XML comment for publicly visible type or member 'ColumnDataCategory.DayOfYear' [D:\PROJ\TabularEditor_J-audit-v02\TOMWrapper\TOMWrapper.csproj]
D:\PROJ\TabularEditor_J-audit-v02\TOMWrapper\PropertyGridUI\Converters\ColumnDataCategoryConverter.cs(179,9): warning CS1591: Missing XML comment for publicly visible type or member 'ColumnDataCategory.WeekOfYear' [D:\PROJ\TabularEditor_J-audit-v02\TOMWrapper\TOMWrapper.csproj]
D:\PROJ\TabularEditor_J-audit-v02\TOMWrapper\PropertyGridUI\Converters\ColumnDataCategoryConverter.cs(180,9): warning CS1591: Missing XML comment for publicly visible type or member 'ColumnDataCategory.TendayOfMonth' [D:\PROJ\TabularEditor_J-audit-v02\TOMWrapper\TOMWrapper.csproj]
D:\PROJ\TabularEditor_J-audit-v02\TOMWrapper\PropertyGridUI\Converters\ColumnDataCategoryConverter.cs(181,9): warning CS1591: Missing XML comment for publicly visible type or member 'ColumnDataCategory.TendayOfQuarter' [D:\PROJ\TabularEditor_J-audit-v02\TOMWrapper\TOMWrapper.csproj]
D:\PROJ\TabularEditor_J-audit-v02\TOMWrapper\PropertyGridUI\Converters\ColumnDataCategoryConverter.cs(182,9): warning CS1591: Missing XML comment for publicly visible type or member 'ColumnDataCategory.TendayOfTrimester' [D:\PROJ\TabularEditor_J-audit-v02\TOMWrapper\TOMWrapper.csproj]
D:\PROJ\TabularEditor_J-audit-v02\TOMWrapper\PropertyGridUI\Converters\ColumnDataCategoryConverter.cs(183,9): warning CS1591: Missing XML comment for publicly visible type or member 'ColumnDataCategory.TendayOfHalfyear' [D:\PROJ\TabularEditor_J-audit-v02\TOMWrapper\TOMWrapper.csproj]
D:\PROJ\TabularEditor_J-audit-v02\TOMWrapper\PropertyGridUI\Converters\ColumnDataCategoryConverter.cs(184,9): warning CS1591: Missing XML comment for publicly visible type or member 'ColumnDataCategory.TendayOfYear' [D:\PROJ\TabularEditor_J-audit-v02\TOMWrapper\TOMWrapper.csproj]
D:\PROJ\TabularEditor_J-audit-v02\TOMWrapper\PropertyGridUI\Converters\ColumnDataCategoryConverter.cs(185,9): warning CS1591: Missing XML comment for publicly visible type or member 'ColumnDataCategory.MonthOfTrimester' [D:\PROJ\TabularEditor_J-audit-v02\TOMWrapper\TOMWrapper.csproj]
D:\PROJ\TabularEditor_J-audit-v02\TOMWrapper\PropertyGridUI\Converters\ColumnDataCategoryConverter.cs(186,9): warning CS1591: Missing XML comment for publicly visible type or member 'ColumnDataCategory.MonthOfQuarter' [D:\PROJ\TabularEditor_J-audit-v02\TOMWrapper\TOMWrapper.csproj]
D:\PROJ\TabularEditor_J-audit-v02\TOMWrapper\PropertyGridUI\Converters\ColumnDataCategoryConverter.cs(187,9): warning CS1591: Missing XML comment for publicly visible type or member 'ColumnDataCategory.MonthOfHalfyear' [D:\PROJ\TabularEditor_J-audit-v02\TOMWrapper\TOMWrapper.csproj]
D:\PROJ\TabularEditor_J-audit-v02\TOMWrapper\PropertyGridUI\Converters\ColumnDataCategoryConverter.cs(188,9): warning CS1591: Missing XML comment for publicly visible type or member 'ColumnDataCategory.MonthOfYear' [D:\PROJ\TabularEditor_J-audit-v02\TOMWrapper\TOMWrapper.csproj]
D:\PROJ\TabularEditor_J-audit-v02\TOMWrapper\PropertyGridUI\Converters\ColumnDataCategoryConverter.cs(189,9): warning CS1591: Missing XML comment for publicly visible type or member 'ColumnDataCategory.TrimesterOfYear' [D:\PROJ\TabularEditor_J-audit-v02\TOMWrapper\TOMWrapper.csproj]
D:\PROJ\TabularEditor_J-audit-v02\TOMWrapper\PropertyGridUI\Converters\ColumnDataCategoryConverter.cs(190,9): warning CS1591: Missing XML comment for publicly visible type or member 'ColumnDataCategory.QuarterOfHalfyear' [D:\PROJ\TabularEditor_J-audit-v02\TOMWrapper\TOMWrapper.csproj]
D:\PROJ\TabularEditor_J-audit-v02\TOMWrapper\PropertyGridUI\Converters\ColumnDataCategoryConverter.cs(191,9): warning CS1591: Missing XML comment for publicly visible type or member 'ColumnDataCategory.QuarterOfYear' [D:\PROJ\TabularEditor_J-audit-v02\TOMWrapper\TOMWrapper.csproj]
D:\PROJ\TabularEditor_J-audit-v02\TOMWrapper\PropertyGridUI\Converters\ColumnDataCategoryConverter.cs(192,9): warning CS1591: Missing XML comment for publicly visible type or member 'ColumnDataCategory.HalfyearOfYear' [D:\PROJ\TabularEditor_J-audit-v02\TOMWrapper\TOMWrapper.csproj]
D:\PROJ\TabularEditor_J-audit-v02\TOMWrapper\PropertyGridUI\Converters\ColumnDataCategoryConverter.cs(193,9): warning CS1591: Missing XML comment for publicly visible type or member 'ColumnDataCategory.FiscalDate' [D:\PROJ\TabularEditor_J-audit-v02\TOMWrapper\TOMWrapper.csproj]
D:\PROJ\TabularEditor_J-audit-v02\TOMWrapper\PropertyGridUI\Converters\ColumnDataCategoryConverter.cs(194,9): warning CS1591: Missing XML comment for publicly visible type or member 'ColumnDataCategory.FiscalDayOfWeek' [D:\PROJ\TabularEditor_J-audit-v02\TOMWrapper\TOMWrapper.csproj]
D:\PROJ\TabularEditor_J-audit-v02\TOMWrapper\PropertyGridUI\Converters\ColumnDataCategoryConverter.cs(195,9): warning CS1591: Missing XML comment for publicly visible type or member 'ColumnDataCategory.FiscalDayOfMonth' [D:\PROJ\TabularEditor_J-audit-v02\TOMWrapper\TOMWrapper.csproj]
D:\PROJ\TabularEditor_J-audit-v02\TOMWrapper\PropertyGridUI\Converters\ColumnDataCategoryConverter.cs(196,9): warning CS1591: Missing XML comment for publicly visible type or member 'ColumnDataCategory.FiscalDayOfQuarter' [D:\PROJ\TabularEditor_J-audit-v02\TOMWrapper\TOMWrapper.csproj]
D:\PROJ\TabularEditor_J-audit-v02\TOMWrapper\PropertyGridUI\Converters\ColumnDataCategoryConverter.cs(197,9): warning CS1591: Missing XML comment for publicly visible type or member 'ColumnDataCategory.FiscalDayOfTrimester' [D:\PROJ\TabularEditor_J-audit-v02\TOMWrapper\TOMWrapper.csproj]
D:\PROJ\TabularEditor_J-audit-v02\TOMWrapper\PropertyGridUI\Converters\ColumnDataCategoryConverter.cs(198,9): warning CS1591: Missing XML comment for publicly visible type or member 'ColumnDataCategory.FiscalDayOfHalfyear' [D:\PROJ\TabularEditor_J-audit-v02\TOMWrapper\TOMWrapper.csproj]
D:\PROJ\TabularEditor_J-audit-v02\TOMWrapper\PropertyGridUI\Converters\ColumnDataCategoryConverter.cs(199,9): warning CS1591: Missing XML comment for publicly visible type or member 'ColumnDataCategory.FiscalDayOfYear' [D:\PROJ\TabularEditor_J-audit-v02\TOMWrapper\TOMWrapper.csproj]
D:\PROJ\TabularEditor_J-audit-v02\TOMWrapper\PropertyGridUI\Converters\ColumnDataCategoryConverter.cs(200,9): warning CS1591: Missing XML comment for publicly visible type or member 'ColumnDataCategory.FiscalWeeks' [D:\PROJ\TabularEditor_J-audit-v02\TOMWrapper\TOMWrapper.csproj]
D:\PROJ\TabularEditor_J-audit-v02\TOMWrapper\PropertyGridUI\Converters\ColumnDataCategoryConverter.cs(201,9): warning CS1591: Missing XML comment for publicly visible type or member 'ColumnDataCategory.FiscalWeekOfYear' [D:\PROJ\TabularEditor_J-audit-v02\TOMWrapper\TOMWrapper.csproj]
D:\PROJ\TabularEditor_J-audit-v02\TOMWrapper\PropertyGridUI\Converters\ColumnDataCategoryConverter.cs(202,9): warning CS1591: Missing XML comment for publicly visible type or member 'ColumnDataCategory.FiscalWeekOfHalfyear' [D:\PROJ\TabularEditor_J-audit-v02\TOMWrapper\TOMWrapper.csproj]
D:\PROJ\TabularEditor_J-audit-v02\TOMWrapper\PropertyGridUI\Converters\ColumnDataCategoryConverter.cs(203,9): warning CS1591: Missing XML comment for publicly visible type or member 'ColumnDataCategory.FiscalWeekOfQuarter' [D:\PROJ\TabularEditor_J-audit-v02\TOMWrapper\TOMWrapper.csproj]
D:\PROJ\TabularEditor_J-audit-v02\TOMWrapper\PropertyGridUI\Converters\ColumnDataCategoryConverter.cs(204,9): warning CS1591: Missing XML comment for publicly visible type or member 'ColumnDataCategory.FiscalWeekOfTrimester' [D:\PROJ\TabularEditor_J-audit-v02\TOMWrapper\TOMWrapper.csproj]
D:\PROJ\TabularEditor_J-audit-v02\TOMWrapper\PropertyGridUI\Converters\ColumnDataCategoryConverter.cs(205,9): warning CS1591: Missing XML comment for publicly visible type or member 'ColumnDataCategory.FiscalWeekOfMonth' [D:\PROJ\TabularEditor_J-audit-v02\TOMWrapper\TOMWrapper.csproj]
D:\PROJ\TabularEditor_J-audit-v02\TOMWrapper\PropertyGridUI\Converters\ColumnDataCategoryConverter.cs(206,9): warning CS1591: Missing XML comment for publicly visible type or member 'ColumnDataCategory.FiscalMonths' [D:\PROJ\TabularEditor_J-audit-v02\TOMWrapper\TOMWrapper.csproj]
D:\PROJ\TabularEditor_J-audit-v02\TOMWrapper\PropertyGridUI\Converters\ColumnDataCategoryConverter.cs(207,9): warning CS1591: Missing XML comment for publicly visible type or member 'ColumnDataCategory.FiscalMonthOfTrimester' [D:\PROJ\TabularEditor_J-audit-v02\TOMWrapper\TOMWrapper.csproj]
D:\PROJ\TabularEditor_J-audit-v02\TOMWrapper\PropertyGridUI\Converters\ColumnDataCategoryConverter.cs(208,9): warning CS1591: Missing XML comment for publicly visible type or member 'ColumnDataCategory.FiscalMonthOfQuarter' [D:\PROJ\TabularEditor_J-audit-v02\TOMWrapper\TOMWrapper.csproj]
D:\PROJ\TabularEditor_J-audit-v02\TOMWrapper\PropertyGridUI\Converters\ColumnDataCategoryConverter.cs(209,9): warning CS1591: Missing XML comment for publicly visible type or member 'ColumnDataCategory.FiscalMonthOfHalfyear' [D:\PROJ\TabularEditor_J-audit-v02\TOMWrapper\TOMWrapper.csproj]
D:\PROJ\TabularEditor_J-audit-v02\TOMWrapper\PropertyGridUI\Converters\ColumnDataCategoryConverter.cs(210,9): warning CS1591: Missing XML comment for publicly visible type or member 'ColumnDataCategory.FiscalMonthOfYear' [D:\PROJ\TabularEditor_J-audit-v02\TOMWrapper\TOMWrapper.csproj]
D:\PROJ\TabularEditor_J-audit-v02\TOMWrapper\PropertyGridUI\Converters\ColumnDataCategoryConverter.cs(211,9): warning CS1591: Missing XML comment for publicly visible type or member 'ColumnDataCategory.FiscalTrimesters' [D:\PROJ\TabularEditor_J-audit-v02\TOMWrapper\TOMWrapper.csproj]
D:\PROJ\TabularEditor_J-audit-v02\TOMWrapper\PropertyGridUI\Converters\ColumnDataCategoryConverter.cs(212,9): warning CS1591: Missing XML comment for publicly visible type or member 'ColumnDataCategory.FiscalTrimesterOfYear' [D:\PROJ\TabularEditor_J-audit-v02\TOMWrapper\TOMWrapper.csproj]
D:\PROJ\TabularEditor_J-audit-v02\TOMWrapper\PropertyGridUI\Converters\ColumnDataCategoryConverter.cs(213,9): warning CS1591: Missing XML comment for publicly visible type or member 'ColumnDataCategory.FiscalQuarters' [D:\PROJ\TabularEditor_J-audit-v02\TOMWrapper\TOMWrapper.csproj]
D:\PROJ\TabularEditor_J-audit-v02\TOMWrapper\PropertyGridUI\Converters\ColumnDataCategoryConverter.cs(214,9): warning CS1591: Missing XML comment for publicly visible type or member 'ColumnDataCategory.FiscalQuarterOfYear' [D:\PROJ\TabularEditor_J-audit-v02\TOMWrapper\TOMWrapper.csproj]
D:\PROJ\TabularEditor_J-audit-v02\TOMWrapper\PropertyGridUI\Converters\ColumnDataCategoryConverter.cs(215,9): warning CS1591: Missing XML comment for publicly visible type or member 'ColumnDataCategory.FiscalQuarterOfHalfyear' [D:\PROJ\TabularEditor_J-audit-v02\TOMWrapper\TOMWrapper.csproj]
D:\PROJ\TabularEditor_J-audit-v02\TOMWrapper\PropertyGridUI\Converters\ColumnDataCategoryConverter.cs(216,9): warning CS1591: Missing XML comment for publicly visible type or member 'ColumnDataCategory.FiscalHalfyears' [D:\PROJ\TabularEditor_J-audit-v02\TOMWrapper\TOMWrapper.csproj]
D:\PROJ\TabularEditor_J-audit-v02\TOMWrapper\PropertyGridUI\Converters\ColumnDataCategoryConverter.cs(217,9): warning CS1591: Missing XML comment for publicly visible type or member 'ColumnDataCategory.FiscalHalfyearOfYear' [D:\PROJ\TabularEditor_J-audit-v02\TOMWrapper\TOMWrapper.csproj]
D:\PROJ\TabularEditor_J-audit-v02\TOMWrapper\PropertyGridUI\Converters\ColumnDataCategoryConverter.cs(218,9): warning CS1591: Missing XML comment for publicly visible type or member 'ColumnDataCategory.FiscalYears' [D:\PROJ\TabularEditor_J-audit-v02\TOMWrapper\TOMWrapper.csproj]
D:\PROJ\TabularEditor_J-audit-v02\TOMWrapper\PropertyGridUI\Converters\ColumnDataCategoryConverter.cs(219,9): warning CS1591: Missing XML comment for publicly visible type or member 'ColumnDataCategory.ReportingDate' [D:\PROJ\TabularEditor_J-audit-v02\TOMWrapper\TOMWrapper.csproj]
D:\PROJ\TabularEditor_J-audit-v02\TOMWrapper\PropertyGridUI\Converters\ColumnDataCategoryConverter.cs(220,9): warning CS1591: Missing XML comment for publicly visible type or member 'ColumnDataCategory.ReportingDayOfWeek' [D:\PROJ\TabularEditor_J-audit-v02\TOMWrapper\TOMWrapper.csproj]
D:\PROJ\TabularEditor_J-audit-v02\TOMWrapper\PropertyGridUI\Converters\ColumnDataCategoryConverter.cs(221,9): warning CS1591: Missing XML comment for publicly visible type or member 'ColumnDataCategory.ReportingDayOfMonth' [D:\PROJ\TabularEditor_J-audit-v02\TOMWrapper\TOMWrapper.csproj]
D:\PROJ\TabularEditor_J-audit-v02\TOMWrapper\PropertyGridUI\Converters\ColumnDataCategoryConverter.cs(222,9): warning CS1591: Missing XML comment for publicly visible type or member 'ColumnDataCategory.ReportingDayOfQuarter' [D:\PROJ\TabularEditor_J-audit-v02\TOMWrapper\TOMWrapper.csproj]
D:\PROJ\TabularEditor_J-audit-v02\TOMWrapper\PropertyGridUI\Converters\ColumnDataCategoryConverter.cs(223,9): warning CS1591: Missing XML comment for publicly visible type or member 'ColumnDataCategory.ReportingDayOfTrimester' [D:\PROJ\TabularEditor_J-audit-v02\TOMWrapper\TOMWrapper.csproj]
D:\PROJ\TabularEditor_J-audit-v02\TOMWrapper\PropertyGridUI\Converters\ColumnDataCategoryConverter.cs(224,9): warning CS1591: Missing XML comment for publicly visible type or member 'ColumnDataCategory.ReportingDayOfHalfyear' [D:\PROJ\TabularEditor_J-audit-v02\TOMWrapper\TOMWrapper.csproj]
D:\PROJ\TabularEditor_J-audit-v02\TOMWrapper\PropertyGridUI\Converters\ColumnDataCategoryConverter.cs(225,9): warning CS1591: Missing XML comment for publicly visible type or member 'ColumnDataCategory.ReportingDayOfYear' [D:\PROJ\TabularEditor_J-audit-v02\TOMWrapper\TOMWrapper.csproj]
D:\PROJ\TabularEditor_J-audit-v02\TOMWrapper\PropertyGridUI\Converters\ColumnDataCategoryConverter.cs(226,9): warning CS1591: Missing XML comment for publicly visible type or member 'ColumnDataCategory.ReportingWeeks' [D:\PROJ\TabularEditor_J-audit-v02\TOMWrapper\TOMWrapper.csproj]
D:\PROJ\TabularEditor_J-audit-v02\TOMWrapper\PropertyGridUI\Converters\ColumnDataCategoryConverter.cs(227,9): warning CS1591: Missing XML comment for publicly visible type or member 'ColumnDataCategory.ReportingWeekOfYear' [D:\PROJ\TabularEditor_J-audit-v02\TOMWrapper\TOMWrapper.csproj]
D:\PROJ\TabularEditor_J-audit-v02\TOMWrapper\PropertyGridUI\Converters\ColumnDataCategoryConverter.cs(228,9): warning CS1591: Missing XML comment for publicly visible type or member 'ColumnDataCategory.ReportingWeekOfHalfyear' [D:\PROJ\TabularEditor_J-audit-v02\TOMWrapper\TOMWrapper.csproj]
D:\PROJ\TabularEditor_J-audit-v02\TOMWrapper\PropertyGridUI\Converters\ColumnDataCategoryConverter.cs(229,9): warning CS1591: Missing XML comment for publicly visible type or member 'ColumnDataCategory.ReportingWeekOfQuarter' [D:\PROJ\TabularEditor_J-audit-v02\TOMWrapper\TOMWrapper.csproj]
D:\PROJ\TabularEditor_J-audit-v02\TOMWrapper\PropertyGridUI\Converters\ColumnDataCategoryConverter.cs(230,9): warning CS1591: Missing XML comment for publicly visible type or member 'ColumnDataCategory.ReportingWeekOfTrimester' [D:\PROJ\TabularEditor_J-audit-v02\TOMWrapper\TOMWrapper.csproj]
D:\PROJ\TabularEditor_J-audit-v02\TOMWrapper\PropertyGridUI\Converters\ColumnDataCategoryConverter.cs(231,9): warning CS1591: Missing XML comment for publicly visible type or member 'ColumnDataCategory.ReportingWeekOfMonth' [D:\PROJ\TabularEditor_J-audit-v02\TOMWrapper\TOMWrapper.csproj]
D:\PROJ\TabularEditor_J-audit-v02\TOMWrapper\PropertyGridUI\Converters\ColumnDataCategoryConverter.cs(232,9): warning CS1591: Missing XML comment for publicly visible type or member 'ColumnDataCategory.ReportingMonths' [D:\PROJ\TabularEditor_J-audit-v02\TOMWrapper\TOMWrapper.csproj]
D:\PROJ\TabularEditor_J-audit-v02\TOMWrapper\PropertyGridUI\Converters\ColumnDataCategoryConverter.cs(233,9): warning CS1591: Missing XML comment for publicly visible type or member 'ColumnDataCategory.ReportingMonthOfTrimester' [D:\PROJ\TabularEditor_J-audit-v02\TOMWrapper\TOMWrapper.csproj]
D:\PROJ\TabularEditor_J-audit-v02\TOMWrapper\PropertyGridUI\Converters\ColumnDataCategoryConverter.cs(234,9): warning CS1591: Missing XML comment for publicly visible type or member 'ColumnDataCategory.ReportingMonthOfQuarter' [D:\PROJ\TabularEditor_J-audit-v02\TOMWrapper\TOMWrapper.csproj]
D:\PROJ\TabularEditor_J-audit-v02\TOMWrapper\PropertyGridUI\Converters\ColumnDataCategoryConverter.cs(235,9): warning CS1591: Missing XML comment for publicly visible type or member 'ColumnDataCategory.ReportingMonthOfHalfyear' [D:\PROJ\TabularEditor_J-audit-v02\TOMWrapper\TOMWrapper.csproj]
D:\PROJ\TabularEditor_J-audit-v02\TOMWrapper\PropertyGridUI\Converters\ColumnDataCategoryConverter.cs(236,9): warning CS1591: Missing XML comment for publicly visible type or member 'ColumnDataCategory.ReportingMonthOfYear' [D:\PROJ\TabularEditor_J-audit-v02\TOMWrapper\TOMWrapper.csproj]
D:\PROJ\TabularEditor_J-audit-v02\TOMWrapper\PropertyGridUI\Converters\ColumnDataCategoryConverter.cs(237,9): warning CS1591: Missing XML comment for publicly visible type or member 'ColumnDataCategory.ReportingTrimesters' [D:\PROJ\TabularEditor_J-audit-v02\TOMWrapper\TOMWrapper.csproj]
D:\PROJ\TabularEditor_J-audit-v02\TOMWrapper\PropertyGridUI\Converters\ColumnDataCategoryConverter.cs(238,9): warning CS1591: Missing XML comment for publicly visible type or member 'ColumnDataCategory.ReportingTrimesterOfYear' [D:\PROJ\TabularEditor_J-audit-v02\TOMWrapper\TOMWrapper.csproj]
D:\PROJ\TabularEditor_J-audit-v02\TOMWrapper\PropertyGridUI\Converters\ColumnDataCategoryConverter.cs(239,9): warning CS1591: Missing XML comment for publicly visible type or member 'ColumnDataCategory.ReportingQuarters' [D:\PROJ\TabularEditor_J-audit-v02\TOMWrapper\TOMWrapper.csproj]
D:\PROJ\TabularEditor_J-audit-v02\TOMWrapper\PropertyGridUI\Converters\ColumnDataCategoryConverter.cs(240,9): warning CS1591: Missing XML comment for publicly visible type or member 'ColumnDataCategory.ReportingQuarterOfYear' [D:\PROJ\TabularEditor_J-audit-v02\TOMWrapper\TOMWrapper.csproj]
D:\PROJ\TabularEditor_J-audit-v02\TOMWrapper\PropertyGridUI\Converters\ColumnDataCategoryConverter.cs(241,9): warning CS1591: Missing XML comment for publicly visible type or member 'ColumnDataCategory.ReportingQuarterOfHalfyear' [D:\PROJ\TabularEditor_J-audit-v02\TOMWrapper\TOMWrapper.csproj]
D:\PROJ\TabularEditor_J-audit-v02\TOMWrapper\PropertyGridUI\Converters\ColumnDataCategoryConverter.cs(242,9): warning CS1591: Missing XML comment for publicly visible type or member 'ColumnDataCategory.ReportingHalfyears' [D:\PROJ\TabularEditor_J-audit-v02\TOMWrapper\TOMWrapper.csproj]
D:\PROJ\TabularEditor_J-audit-v02\TOMWrapper\PropertyGridUI\Converters\ColumnDataCategoryConverter.cs(243,9): warning CS1591: Missing XML comment for publicly visible type or member 'ColumnDataCategory.ReportingHalfyearOfYear' [D:\PROJ\TabularEditor_J-audit-v02\TOMWrapper\TOMWrapper.csproj]
D:\PROJ\TabularEditor_J-audit-v02\TOMWrapper\PropertyGridUI\Converters\ColumnDataCategoryConverter.cs(244,9): warning CS1591: Missing XML comment for publicly visible type or member 'ColumnDataCategory.ReportingYears' [D:\PROJ\TabularEditor_J-audit-v02\TOMWrapper\TOMWrapper.csproj]
D:\PROJ\TabularEditor_J-audit-v02\TOMWrapper\PropertyGridUI\Converters\ColumnDataCategoryConverter.cs(245,9): warning CS1591: Missing XML comment for publicly visible type or member 'ColumnDataCategory.ManufacturingDate' [D:\PROJ\TabularEditor_J-audit-v02\TOMWrapper\TOMWrapper.csproj]
D:\PROJ\TabularEditor_J-audit-v02\TOMWrapper\PropertyGridUI\Converters\ColumnDataCategoryConverter.cs(246,9): warning CS1591: Missing XML comment for publicly visible type or member 'ColumnDataCategory.ManufacturingDayOfWeek' [D:\PROJ\TabularEditor_J-audit-v02\TOMWrapper\TOMWrapper.csproj]
D:\PROJ\TabularEditor_J-audit-v02\TOMWrapper\PropertyGridUI\Converters\ColumnDataCategoryConverter.cs(247,9): warning CS1591: Missing XML comment for publicly visible type or member 'ColumnDataCategory.ManufacturingDayOfMonth' [D:\PROJ\TabularEditor_J-audit-v02\TOMWrapper\TOMWrapper.csproj]
D:\PROJ\TabularEditor_J-audit-v02\TOMWrapper\PropertyGridUI\Converters\ColumnDataCategoryConverter.cs(248,9): warning CS1591: Missing XML comment for publicly visible type or member 'ColumnDataCategory.ManufacturingDayOfQuarter' [D:\PROJ\TabularEditor_J-audit-v02\TOMWrapper\TOMWrapper.csproj]
D:\PROJ\TabularEditor_J-audit-v02\TOMWrapper\PropertyGridUI\Converters\ColumnDataCategoryConverter.cs(249,9): warning CS1591: Missing XML comment for publicly visible type or member 'ColumnDataCategory.ManufacturingDayOfHalfyear' [D:\PROJ\TabularEditor_J-audit-v02\TOMWrapper\TOMWrapper.csproj]
D:\PROJ\TabularEditor_J-audit-v02\TOMWrapper\PropertyGridUI\Converters\ColumnDataCategoryConverter.cs(250,9): warning CS1591: Missing XML comment for publicly visible type or member 'ColumnDataCategory.ManufacturingDayOfYear' [D:\PROJ\TabularEditor_J-audit-v02\TOMWrapper\TOMWrapper.csproj]
D:\PROJ\TabularEditor_J-audit-v02\TOMWrapper\PropertyGridUI\Converters\ColumnDataCategoryConverter.cs(251,9): warning CS1591: Missing XML comment for publicly visible type or member 'ColumnDataCategory.ManufacturingWeeks' [D:\PROJ\TabularEditor_J-audit-v02\TOMWrapper\TOMWrapper.csproj]
D:\PROJ\TabularEditor_J-audit-v02\TOMWrapper\PropertyGridUI\Converters\ColumnDataCategoryConverter.cs(252,9): warning CS1591: Missing XML comment for publicly visible type or member 'ColumnDataCategory.ManufacturingWeekOfYear' [D:\PROJ\TabularEditor_J-audit-v02\TOMWrapper\TOMWrapper.csproj]
D:\PROJ\TabularEditor_J-audit-v02\TOMWrapper\PropertyGridUI\Converters\ColumnDataCategoryConverter.cs(253,9): warning CS1591: Missing XML comment for publicly visible type or member 'ColumnDataCategory.ManufacturingWeekOfHalfyear' [D:\PROJ\TabularEditor_J-audit-v02\TOMWrapper\TOMWrapper.csproj]
D:\PROJ\TabularEditor_J-audit-v02\TOMWrapper\PropertyGridUI\Converters\ColumnDataCategoryConverter.cs(254,9): warning CS1591: Missing XML comment for publicly visible type or member 'ColumnDataCategory.ManufacturingWeekOfQuarter' [D:\PROJ\TabularEditor_J-audit-v02\TOMWrapper\TOMWrapper.csproj]
D:\PROJ\TabularEditor_J-audit-v02\TOMWrapper\PropertyGridUI\Converters\ColumnDataCategoryConverter.cs(255,9): warning CS1591: Missing XML comment for publicly visible type or member 'ColumnDataCategory.ManufacturingWeekOfMonth' [D:\PROJ\TabularEditor_J-audit-v02\TOMWrapper\TOMWrapper.csproj]
D:\PROJ\TabularEditor_J-audit-v02\TOMWrapper\PropertyGridUI\Converters\ColumnDataCategoryConverter.cs(256,9): warning CS1591: Missing XML comment for publicly visible type or member 'ColumnDataCategory.ManufacturingMonths' [D:\PROJ\TabularEditor_J-audit-v02\TOMWrapper\TOMWrapper.csproj]
D:\PROJ\TabularEditor_J-audit-v02\TOMWrapper\PropertyGridUI\Converters\ColumnDataCategoryConverter.cs(257,9): warning CS1591: Missing XML comment for publicly visible type or member 'ColumnDataCategory.ManufacturingMonthOfQuarter' [D:\PROJ\TabularEditor_J-audit-v02\TOMWrapper\TOMWrapper.csproj]
D:\PROJ\TabularEditor_J-audit-v02\TOMWrapper\PropertyGridUI\Converters\ColumnDataCategoryConverter.cs(258,9): warning CS1591: Missing XML comment for publicly visible type or member 'ColumnDataCategory.ManufacturingMonthOfHalfyear' [D:\PROJ\TabularEditor_J-audit-v02\TOMWrapper\TOMWrapper.csproj]
D:\PROJ\TabularEditor_J-audit-v02\TOMWrapper\PropertyGridUI\Converters\ColumnDataCategoryConverter.cs(259,9): warning CS1591: Missing XML comment for publicly visible type or member 'ColumnDataCategory.ManufacturingMonthOfYear' [D:\PROJ\TabularEditor_J-audit-v02\TOMWrapper\TOMWrapper.csproj]
D:\PROJ\TabularEditor_J-audit-v02\TOMWrapper\PropertyGridUI\Converters\ColumnDataCategoryConverter.cs(260,9): warning CS1591: Missing XML comment for publicly visible type or member 'ColumnDataCategory.ManufacturingTrimesters' [D:\PROJ\TabularEditor_J-audit-v02\TOMWrapper\TOMWrapper.csproj]
D:\PROJ\TabularEditor_J-audit-v02\TOMWrapper\PropertyGridUI\Converters\ColumnDataCategoryConverter.cs(261,9): warning CS1591: Missing XML comment for publicly visible type or member 'ColumnDataCategory.ManufacturingTrimesterOfYear' [D:\PROJ\TabularEditor_J-audit-v02\TOMWrapper\TOMWrapper.csproj]
D:\PROJ\TabularEditor_J-audit-v02\TOMWrapper\PropertyGridUI\Converters\ColumnDataCategoryConverter.cs(262,9): warning CS1591: Missing XML comment for publicly visible type or member 'ColumnDataCategory.ManufacturingQuarters' [D:\PROJ\TabularEditor_J-audit-v02\TOMWrapper\TOMWrapper.csproj]
D:\PROJ\TabularEditor_J-audit-v02\TOMWrapper\PropertyGridUI\Converters\ColumnDataCategoryConverter.cs(263,9): warning CS1591: Missing XML comment for publicly visible type or member 'ColumnDataCategory.ManufacturingQuarterOfYear' [D:\PROJ\TabularEditor_J-audit-v02\TOMWrapper\TOMWrapper.csproj]
D:\PROJ\TabularEditor_J-audit-v02\TOMWrapper\PropertyGridUI\Converters\ColumnDataCategoryConverter.cs(264,9): warning CS1591: Missing XML comment for publicly visible type or member 'ColumnDataCategory.ManufacturingQuarterOfHalfyear' [D:\PROJ\TabularEditor_J-audit-v02\TOMWrapper\TOMWrapper.csproj]
D:\PROJ\TabularEditor_J-audit-v02\TOMWrapper\PropertyGridUI\Converters\ColumnDataCategoryConverter.cs(265,9): warning CS1591: Missing XML comment for publicly visible type or member 'ColumnDataCategory.ManufacturingHalfyears' [D:\PROJ\TabularEditor_J-audit-v02\TOMWrapper\TOMWrapper.csproj]
D:\PROJ\TabularEditor_J-audit-v02\TOMWrapper\PropertyGridUI\Converters\ColumnDataCategoryConverter.cs(266,9): warning CS1591: Missing XML comment for publicly visible type or member 'ColumnDataCategory.ManufacturingHalfyearOfYear' [D:\PROJ\TabularEditor_J-audit-v02\TOMWrapper\TOMWrapper.csproj]
D:\PROJ\TabularEditor_J-audit-v02\TOMWrapper\PropertyGridUI\Converters\ColumnDataCategoryConverter.cs(267,9): warning CS1591: Missing XML comment for publicly visible type or member 'ColumnDataCategory.ManufacturingYears' [D:\PROJ\TabularEditor_J-audit-v02\TOMWrapper\TOMWrapper.csproj]
D:\PROJ\TabularEditor_J-audit-v02\TOMWrapper\PropertyGridUI\Converters\ColumnDataCategoryConverter.cs(268,9): warning CS1591: Missing XML comment for publicly visible type or member 'ColumnDataCategory.WinterSummerSeason' [D:\PROJ\TabularEditor_J-audit-v02\TOMWrapper\TOMWrapper.csproj]
D:\PROJ\TabularEditor_J-audit-v02\TOMWrapper\PropertyGridUI\Converters\ColumnDataCategoryConverter.cs(269,9): warning CS1591: Missing XML comment for publicly visible type or member 'ColumnDataCategory.IsHoliday' [D:\PROJ\TabularEditor_J-audit-v02\TOMWrapper\TOMWrapper.csproj]
D:\PROJ\TabularEditor_J-audit-v02\TOMWrapper\PropertyGridUI\Converters\ColumnDataCategoryConverter.cs(270,9): warning CS1591: Missing XML comment for publicly visible type or member 'ColumnDataCategory.IsWeekday' [D:\PROJ\TabularEditor_J-audit-v02\TOMWrapper\TOMWrapper.csproj]
D:\PROJ\TabularEditor_J-audit-v02\TOMWrapper\PropertyGridUI\Converters\ColumnDataCategoryConverter.cs(271,9): warning CS1591: Missing XML comment for publicly visible type or member 'ColumnDataCategory.IsWorkingDay' [D:\PROJ\TabularEditor_J-audit-v02\TOMWrapper\TOMWrapper.csproj]
D:\PROJ\TabularEditor_J-audit-v02\TOMWrapper\PropertyGridUI\Converters\ColumnDataCategoryConverter.cs(272,9): warning CS1591: Missing XML comment for publicly visible type or member 'ColumnDataCategory.IsPeakDay' [D:\PROJ\TabularEditor_J-audit-v02\TOMWrapper\TOMWrapper.csproj]
D:\PROJ\TabularEditor_J-audit-v02\TOMWrapper\PropertyGridUI\Converters\ColumnDataCategoryConverter.cs(273,9): warning CS1591: Missing XML comment for publicly visible type or member 'ColumnDataCategory.ISO8601Date' [D:\PROJ\TabularEditor_J-audit-v02\TOMWrapper\TOMWrapper.csproj]
D:\PROJ\TabularEditor_J-audit-v02\TOMWrapper\PropertyGridUI\Converters\ColumnDataCategoryConverter.cs(274,9): warning CS1591: Missing XML comment for publicly visible type or member 'ColumnDataCategory.ISO8601DayOfWeek' [D:\PROJ\TabularEditor_J-audit-v02\TOMWrapper\TOMWrapper.csproj]
D:\PROJ\TabularEditor_J-audit-v02\TOMWrapper\PropertyGridUI\Converters\ColumnDataCategoryConverter.cs(275,9): warning CS1591: Missing XML comment for publicly visible type or member 'ColumnDataCategory.ISO8601DayOfYear' [D:\PROJ\TabularEditor_J-audit-v02\TOMWrapper\TOMWrapper.csproj]
D:\PROJ\TabularEditor_J-audit-v02\TOMWrapper\PropertyGridUI\Converters\ColumnDataCategoryConverter.cs(276,9): warning CS1591: Missing XML comment for publicly visible type or member 'ColumnDataCategory.ISO8601Weeks' [D:\PROJ\TabularEditor_J-audit-v02\TOMWrapper\TOMWrapper.csproj]
D:\PROJ\TabularEditor_J-audit-v02\TOMWrapper\PropertyGridUI\Converters\ColumnDataCategoryConverter.cs(277,9): warning CS1591: Missing XML comment for publicly visible type or member 'ColumnDataCategory.ISO8601WeekOfYear' [D:\PROJ\TabularEditor_J-audit-v02\TOMWrapper\TOMWrapper.csproj]
D:\PROJ\TabularEditor_J-audit-v02\TOMWrapper\PropertyGridUI\Converters\ColumnDataCategoryConverter.cs(278,9): warning CS1591: Missing XML comment for publicly visible type or member 'ColumnDataCategory.ISO8601Years' [D:\PROJ\TabularEditor_J-audit-v02\TOMWrapper\TOMWrapper.csproj]
D:\PROJ\TabularEditor_J-audit-v02\TOMWrapper\PropertyGridUI\Converters\ColumnDataCategoryConverter.cs(279,9): warning CS1591: Missing XML comment for publicly visible type or member 'ColumnDataCategory.RowNumber' [D:\PROJ\TabularEditor_J-audit-v02\TOMWrapper\TOMWrapper.csproj]
D:\PROJ\TabularEditor_J-audit-v02\TOMWrapper\PropertyGridUI\Converters\ColumnDataCategoryConverter.cs(280,9): warning CS1591: Missing XML comment for publicly visible type or member 'ColumnDataCategory.ExtendedType' [D:\PROJ\TabularEditor_J-audit-v02\TOMWrapper\TOMWrapper.csproj]
D:\PROJ\TabularEditor_J-audit-v02\TOMWrapper\PropertyGridUI\Converters\ColumnDataCategoryConverter.cs(282,9): warning CS1591: Missing XML comment for publicly visible type or member 'ColumnDataCategory.PaddedDateTableDates' [D:\PROJ\TabularEditor_J-audit-v02\TOMWrapper\TOMWrapper.csproj]
D:\PROJ\TabularEditor_J-audit-v02\TOMWrapper\PropertyGridUI\Converters\TableDataCategoryConverter.cs(29,17): warning CS1591: Missing XML comment for publicly visible type or member 'TableDataCategory' [D:\PROJ\TabularEditor_J-audit-v02\TOMWrapper\TOMWrapper.csproj]
D:\PROJ\TabularEditor_J-audit-v02\TOMWrapper\PropertyGridUI\Converters\TableDataCategoryConverter.cs(31,9): warning CS1591: Missing XML comment for publicly visible type or member 'TableDataCategory.Unknown' [D:\PROJ\TabularEditor_J-audit-v02\TOMWrapper\TOMWrapper.csproj]
D:\PROJ\TabularEditor_J-audit-v02\TOMWrapper\PropertyGridUI\Converters\TableDataCategoryConverter.cs(32,9): warning CS1591: Missing XML comment for publicly visible type or member 'TableDataCategory.Regular' [D:\PROJ\TabularEditor_J-audit-v02\TOMWrapper\TOMWrapper.csproj]
D:\PROJ\TabularEditor_J-audit-v02\TOMWrapper\PropertyGridUI\Converters\TableDataCategoryConverter.cs(33,9): warning CS1591: Missing XML comment for publicly visible type or member 'TableDataCategory.Time' [D:\PROJ\TabularEditor_J-audit-v02\TOMWrapper\TOMWrapper.csproj]
D:\PROJ\TabularEditor_J-audit-v02\TOMWrapper\PropertyGridUI\Converters\TableDataCategoryConverter.cs(34,9): warning CS1591: Missing XML comment for publicly visible type or member 'TableDataCategory.Geography' [D:\PROJ\TabularEditor_J-audit-v02\TOMWrapper\TOMWrapper.csproj]
D:\PROJ\TabularEditor_J-audit-v02\TOMWrapper\PropertyGridUI\Converters\TableDataCategoryConverter.cs(35,9): warning CS1591: Missing XML comment for publicly visible type or member 'TableDataCategory.Organization' [D:\PROJ\TabularEditor_J-audit-v02\TOMWrapper\TOMWrapper.csproj]
D:\PROJ\TabularEditor_J-audit-v02\TOMWrapper\PropertyGridUI\Converters\TableDataCategoryConverter.cs(36,9): warning CS1591: Missing XML comment for publicly visible type or member 'TableDataCategory.BillOfMaterials' [D:\PROJ\TabularEditor_J-audit-v02\TOMWrapper\TOMWrapper.csproj]
D:\PROJ\TabularEditor_J-audit-v02\TOMWrapper\PropertyGridUI\Converters\TableDataCategoryConverter.cs(37,9): warning CS1591: Missing XML comment for publicly visible type or member 'TableDataCategory.Accounts' [D:\PROJ\TabularEditor_J-audit-v02\TOMWrapper\TOMWrapper.csproj]
D:\PROJ\TabularEditor_J-audit-v02\TOMWrapper\PropertyGridUI\Converters\TableDataCategoryConverter.cs(38,9): warning CS1591: Missing XML comment for publicly visible type or member 'TableDataCategory.Customers' [D:\PROJ\TabularEditor_J-audit-v02\TOMWrapper\TOMWrapper.csproj]
D:\PROJ\TabularEditor_J-audit-v02\TOMWrapper\PropertyGridUI\Converters\TableDataCategoryConverter.cs(39,9): warning CS1591: Missing XML comment for publicly visible type or member 'TableDataCategory.Products' [D:\PROJ\TabularEditor_J-audit-v02\TOMWrapper\TOMWrapper.csproj]
D:\PROJ\TabularEditor_J-audit-v02\TOMWrapper\PropertyGridUI\Converters\TableDataCategoryConverter.cs(40,9): warning CS1591: Missing XML comment for publicly visible type or member 'TableDataCategory.Scenario' [D:\PROJ\TabularEditor_J-audit-v02\TOMWrapper\TOMWrapper.csproj]
D:\PROJ\TabularEditor_J-audit-v02\TOMWrapper\PropertyGridUI\Converters\TableDataCategoryConverter.cs(41,9): warning CS1591: Missing XML comment for publicly visible type or member 'TableDataCategory.Quantitative' [D:\PROJ\TabularEditor_J-audit-v02\TOMWrapper\TOMWrapper.csproj]
D:\PROJ\TabularEditor_J-audit-v02\TOMWrapper\PropertyGridUI\Converters\TableDataCategoryConverter.cs(42,9): warning CS1591: Missing XML comment for publicly visible type or member 'TableDataCategory.Utility' [D:\PROJ\TabularEditor_J-audit-v02\TOMWrapper\TOMWrapper.csproj]
D:\PROJ\TabularEditor_J-audit-v02\TOMWrapper\PropertyGridUI\Converters\TableDataCategoryConverter.cs(43,9): warning CS1591: Missing XML comment for publicly visible type or member 'TableDataCategory.Currency' [D:\PROJ\TabularEditor_J-audit-v02\TOMWrapper\TOMWrapper.csproj]
D:\PROJ\TabularEditor_J-audit-v02\TOMWrapper\PropertyGridUI\Converters\TableDataCategoryConverter.cs(44,9): warning CS1591: Missing XML comment for publicly visible type or member 'TableDataCategory.Rates' [D:\PROJ\TabularEditor_J-audit-v02\TOMWrapper\TOMWrapper.csproj]
D:\PROJ\TabularEditor_J-audit-v02\TOMWrapper\PropertyGridUI\Converters\TableDataCategoryConverter.cs(45,9): warning CS1591: Missing XML comment for publicly visible type or member 'TableDataCategory.Channel' [D:\PROJ\TabularEditor_J-audit-v02\TOMWrapper\TOMWrapper.csproj]
D:\PROJ\TabularEditor_J-audit-v02\TOMWrapper\PropertyGridUI\Converters\TableDataCategoryConverter.cs(46,9): warning CS1591: Missing XML comment for publicly visible type or member 'TableDataCategory.Promotion' [D:\PROJ\TabularEditor_J-audit-v02\TOMWrapper\TOMWrapper.csproj]
D:\PROJ\TabularEditor_J-audit-v02\TOMWrapper\PropertyGridUI\AlternateOfEditor.cs(12,18): warning CS1591: Missing XML comment for publicly visible type or member 'AlternateOfEditor' [D:\PROJ\TabularEditor_J-audit-v02\TOMWrapper\TOMWrapper.csproj]
D:\PROJ\TabularEditor_J-audit-v02\TOMWrapper\PropertyGridUI\AlternateOfEditor.cs(14,47): warning CS1591: Missing XML comment for publicly visible type or member 'AlternateOfEditor.GetEditStyle(ITypeDescriptorContext)' [D:\PROJ\TabularEditor_J-audit-v02\TOMWrapper\TOMWrapper.csproj]
D:\PROJ\TabularEditor_J-audit-v02\TOMWrapper\PropertyGridUI\AlternateOfEditor.cs(21,32): warning CS1591: Missing XML comment for publicly visible type or member 'AlternateOfEditor.EditValue(ITypeDescriptorContext, IServiceProvider, object)' [D:\PROJ\TabularEditor_J-audit-v02\TOMWrapper\TOMWrapper.csproj]
D:\PROJ\TabularEditor_J-audit-v02\TOMWrapper\PropertyGridUI\AlternateOfEditor.cs(27,18): warning CS1591: Missing XML comment for publicly visible type or member 'KpiEditor' [D:\PROJ\TabularEditor_J-audit-v02\TOMWrapper\TOMWrapper.csproj]
D:\PROJ\TabularEditor_J-audit-v02\TOMWrapper\PropertyGridUI\AlternateOfEditor.cs(29,47): warning CS1591: Missing XML comment for publicly visible type or member 'KpiEditor.GetEditStyle(ITypeDescriptorContext)' [D:\PROJ\TabularEditor_J-audit-v02\TOMWrapper\TOMWrapper.csproj]
D:\PROJ\TabularEditor_J-audit-v02\TOMWrapper\PropertyGridUI\AlternateOfEditor.cs(36,32): warning CS1591: Missing XML comment for publicly visible type or member 'KpiEditor.EditValue(ITypeDescriptorContext, IServiceProvider, object)' [D:\PROJ\TabularEditor_J-audit-v02\TOMWrapper\TOMWrapper.csproj]
D:\PROJ\TabularEditor_J-audit-v02\TOMWrapper\PropertyGridUI\AlternateOfEditor.cs(42,18): warning CS1591: Missing XML comment for publicly visible type or member 'DataCoverageDefinitionEditor' [D:\PROJ\TabularEditor_J-audit-v02\TOMWrapper\TOMWrapper.csproj]
D:\PROJ\TabularEditor_J-audit-v02\TOMWrapper\PropertyGridUI\AlternateOfEditor.cs(44,47): warning CS1591: Missing XML comment for publicly visible type or member 'DataCoverageDefinitionEditor.GetEditStyle(ITypeDescriptorContext)' [D:\PROJ\TabularEditor_J-audit-v02\TOMWrapper\TOMWrapper.csproj]
D:\PROJ\TabularEditor_J-audit-v02\TOMWrapper\PropertyGridUI\AlternateOfEditor.cs(51,32): warning CS1591: Missing XML comment for publicly visible type or member 'DataCoverageDefinitionEditor.EditValue(ITypeDescriptorContext, IServiceProvider, object)' [D:\PROJ\TabularEditor_J-audit-v02\TOMWrapper\TOMWrapper.csproj]
D:\PROJ\TabularEditor_J-audit-v02\TOMWrapper\PropertyGridUI\PropertyActionAttribute.cs(12,18): warning CS1591: Missing XML comment for publicly visible type or member 'PropertyActionAttribute' [D:\PROJ\TabularEditor_J-audit-v02\TOMWrapper\TOMWrapper.csproj]
D:\PROJ\TabularEditor_J-audit-v02\TOMWrapper\PropertyGridUI\PropertyActionAttribute.cs(16,16): warning CS1591: Missing XML comment for publicly visible type or member 'PropertyActionAttribute.PropertyActionAttribute(params string[])' [D:\PROJ\TabularEditor_J-audit-v02\TOMWrapper\TOMWrapper.csproj]
D:\PROJ\TabularEditor_J-audit-v02\TOMWrapper\PropertyGridUI\PropertyActionAttribute.cs(21,37): warning CS1591: Missing XML comment for publicly visible type or member 'PropertyActionAttribute.GetPropertyActions(object, Type)' [D:\PROJ\TabularEditor_J-audit-v02\TOMWrapper\TOMWrapper.csproj]
D:\PROJ\TabularEditor_J-audit-v02\TOMWrapper\PropertyGridUI\CustomDialogEditor.cs(29,16): warning CS1591: Missing XML comment for publicly visible type or member 'ICustomEditor.Edit(object, string, object, out bool)' [D:\PROJ\TabularEditor_J-audit-v02\TOMWrapper\TOMWrapper.csproj]
D:\PROJ\TabularEditor_J-audit-v02\TOMWrapper\PropertyGridUI\CustomDialogEditor.cs(32,25): warning CS1591: Missing XML comment for publicly visible type or member 'CustomEditors' [D:\PROJ\TabularEditor_J-audit-v02\TOMWrapper\TOMWrapper.csproj]
D:\PROJ\TabularEditor_J-audit-v02\TOMWrapper\PropertyGridUI\CustomDialogEditor.cs(36,28): warning CS1591: Missing XML comment for publicly visible type or member 'CustomEditors.RegisterEditor(string, ICustomEditor)' [D:\PROJ\TabularEditor_J-audit-v02\TOMWrapper\TOMWrapper.csproj]
D:\PROJ\TabularEditor_J-audit-v02\TOMWrapper\PropertyGridUI\DynamicPropertyObject.cs(150,18): warning CS1591: Missing XML comment for publicly visible type or member 'PropertyAction' [D:\PROJ\TabularEditor_J-audit-v02\TOMWrapper\TOMWrapper.csproj]
D:\PROJ\TabularEditor_J-audit-v02\TOMWrapper\PropertyGridUI\DynamicPropertyObject.cs(152,23): warning CS1591: Missing XML comment for publicly visible type or member 'PropertyAction.Name' [D:\PROJ\TabularEditor_J-audit-v02\TOMWrapper\TOMWrapper.csproj]
D:\PROJ\TabularEditor_J-audit-v02\TOMWrapper\PropertyGridUI\DynamicPropertyObject.cs(153,23): warning CS1591: Missing XML comment for publicly visible type or member 'PropertyAction.Execute' [D:\PROJ\TabularEditor_J-audit-v02\TOMWrapper\TOMWrapper.csproj]
D:\PROJ\TabularEditor_J-audit-v02\TOMWrapper\PropertyGridUI\DynamicPropertyObject.cs(154,27): warning CS1591: Missing XML comment for publicly visible type or member 'PropertyAction.Enabled' [D:\PROJ\TabularEditor_J-audit-v02\TOMWrapper\TOMWrapper.csproj]
D:\PROJ\TabularEditor_J-audit-v02\TOMWrapper\TOMWrapper\Calendar.cs(81,33): warning CS1591: Missing XML comment for publicly visible type or member 'Calendar.OnPropertyChanging(string, object, ref bool, ref bool)' [D:\PROJ\TabularEditor_J-audit-v02\TOMWrapper\TOMWrapper.csproj]
D:\PROJ\TabularEditor_J-audit-v02\TOMWrapper\TOMWrapper\Calendar.cs(97,33): warning CS1591: Missing XML comment for publicly visible type or member 'Calendar.OnPropertyChanged(string, object, object)' [D:\PROJ\TabularEditor_J-audit-v02\TOMWrapper\TOMWrapper.csproj]
D:\PROJ\TabularEditor_J-audit-v02\TOMWrapper\TOMWrapper\Calendar.cs(224,50): warning CS1591: Missing XML comment for publicly visible type or member 'CalendarCollection.PropertyChanged' [D:\PROJ\TabularEditor_J-audit-v02\TOMWrapper\TOMWrapper.csproj]
D:\PROJ\TabularEditor_J-audit-v02\TOMWrapper\TOMWrapper\TimeUnitColumnAssociation.cs(36,33): warning CS1591: Missing XML comment for publicly visible type or member 'TimeUnitColumnAssociation.OnPropertyChanged(string, object, object)' [D:\PROJ\TabularEditor_J-audit-v02\TOMWrapper\TOMWrapper.csproj]
D:\PROJ\TabularEditor_J-audit-v02\TOMWrapper\TOMWrapper\Function.cs(14,21): warning CS1591: Missing XML comment for publicly visible type or member 'Function.IsVisible' [D:\PROJ\TabularEditor_J-audit-v02\TOMWrapper\TOMWrapper.csproj]
D:\PROJ\TabularEditor_J-audit-v02\TOMWrapper\TOMWrapper\Function.cs(16,21): warning CS1591: Missing XML comment for publicly visible type or member 'Function.NeedsValidation' [D:\PROJ\TabularEditor_J-audit-v02\TOMWrapper\TOMWrapper.csproj]
D:\PROJ\TabularEditor_J-audit-v02\TOMWrapper\TOMWrapper\Function.cs(34,33): warning CS1591: Missing XML comment for publicly visible type or member 'Function.OnPropertyChanging(string, object, ref bool, ref bool)' [D:\PROJ\TabularEditor_J-audit-v02\TOMWrapper\TOMWrapper.csproj]
D:\PROJ\TabularEditor_J-audit-v02\TOMWrapper\TOMWrapper\Function.cs(49,33): warning CS1591: Missing XML comment for publicly visible type or member 'Function.OnPropertyChanged(string, object, object)' [D:\PROJ\TabularEditor_J-audit-v02\TOMWrapper\TOMWrapper.csproj]
D:\PROJ\TabularEditor_J-audit-v02\TOMWrapper\TOMWrapper\Function.cs(72,23): warning CS1591: Missing XML comment for publicly visible type or member 'Function.DaxObjectName' [D:\PROJ\TabularEditor_J-audit-v02\TOMWrapper\TOMWrapper.csproj]
D:\PROJ\TabularEditor_J-audit-v02\TOMWrapper\TOMWrapper\Function.cs(74,23): warning CS1591: Missing XML comment for publicly visible type or member 'Function.DaxObjectFullName' [D:\PROJ\TabularEditor_J-audit-v02\TOMWrapper\TOMWrapper.csproj]
D:\PROJ\TabularEditor_J-audit-v02\TOMWrapper\TOMWrapper\Function.cs(77,23): warning CS1591: Missing XML comment for publicly visible type or member 'Function.DaxTableName' [D:\PROJ\TabularEditor_J-audit-v02\TOMWrapper\TOMWrapper.csproj]
D:\PROJ\TabularEditor_J-audit-v02\TOMWrapper\TOMWrapper\Function.cs(80,33): warning CS1591: Missing XML comment for publicly visible type or member 'Function.ReferencedBy' [D:\PROJ\TabularEditor_J-audit-v02\TOMWrapper\TOMWrapper.csproj]
D:\PROJ\TabularEditor_J-audit-v02\TOMWrapper\TOMWrapper\Function.cs(84,30): warning CS1591: Missing XML comment for publicly visible type or member 'Function.DependsOn' [D:\PROJ\TabularEditor_J-audit-v02\TOMWrapper\TOMWrapper.csproj]
D:\PROJ\TabularEditor_J-audit-v02\TOMWrapper\TOMWrapper\Function.cs(114,35): warning CS1591: Missing XML comment for publicly visible type or member 'FunctionCollection.RemoveInvalidNameChars(string)' [D:\PROJ\TabularEditor_J-audit-v02\TOMWrapper\TOMWrapper.csproj]
D:\PROJ\TabularEditor_J-audit-v02\TOMWrapper\Serialization\TmdlSerializeOptions.cs(10,25): warning CS1591: Missing XML comment for publicly visible type or member 'TmdlSerializeOptions' [D:\PROJ\TabularEditor_J-audit-v02\TOMWrapper\TOMWrapper.csproj]
D:\PROJ\TabularEditor_J-audit-v02\TOMWrapper\Serialization\TmdlSerializeOptions.cs(28,21): warning CS1591: Missing XML comment for publicly visible type or member 'TmdlSerializeOptions.IncludeRefs' [D:\PROJ\TabularEditor_J-audit-v02\TOMWrapper\TOMWrapper.csproj]
D:\PROJ\TabularEditor_J-audit-v02\TOMWrapper\Serialization\TmdlSerializeOptions.cs(31,32): warning CS1591: Missing XML comment for publicly visible type or member 'TmdlSerializeOptions.CasingStyle' [D:\PROJ\TabularEditor_J-audit-v02\TOMWrapper\TOMWrapper.csproj]
D:\PROJ\TabularEditor_J-audit-v02\TOMWrapper\Serialization\TmdlSerializeOptions.cs(34,40): warning CS1591: Missing XML comment for publicly visible type or member 'TmdlSerializeOptions.ExpressionTrimStyle' [D:\PROJ\TabularEditor_J-audit-v02\TOMWrapper\TOMWrapper.csproj]
D:\PROJ\TabularEditor_J-audit-v02\TOMWrapper\Serialization\TmdlSerializeOptions.cs(37,29): warning CS1591: Missing XML comment for publicly visible type or member 'TmdlSerializeOptions.NewLineStyle' [D:\PROJ\TabularEditor_J-audit-v02\TOMWrapper\TOMWrapper.csproj]
D:\PROJ\TabularEditor_J-audit-v02\TOMWrapper\Serialization\TmdlSerializeOptions.cs(40,38): warning CS1591: Missing XML comment for publicly visible type or member 'TmdlSerializeOptions.Encoding' [D:\PROJ\TabularEditor_J-audit-v02\TOMWrapper\TOMWrapper.csproj]
D:\PROJ\TabularEditor_J-audit-v02\TOMWrapper\Serialization\TmdlSerializeOptions.cs(41,20): warning CS1591: Missing XML comment for publicly visible type or member 'TmdlSerializeOptions.BaseIndentationLevel' [D:\PROJ\TabularEditor_J-audit-v02\TOMWrapper\TOMWrapper.csproj]
D:\PROJ\TabularEditor_J-audit-v02\TOMWrapper\Serialization\TmdlSerializeOptions.cs(48,21): warning CS1591: Missing XML comment for publicly visible type or member 'TmdlSerializeOptions.SerializeDefaults' [D:\PROJ\TabularEditor_J-audit-v02\TOMWrapper\TOMWrapper.csproj]
D:\PROJ\TabularEditor_J-audit-v02\TOMWrapper\Serialization\TmdlSerializeOptions.cs(50,21): warning CS1591: Missing XML comment for publicly visible type or member 'TmdlSerializeOptions.ShouldSerializeIncludeRefs()' [D:\PROJ\TabularEditor_J-audit-v02\TOMWrapper\TOMWrapper.csproj]
D:\PROJ\TabularEditor_J-audit-v02\TOMWrapper\Serialization\TmdlSerializeOptions.cs(51,21): warning CS1591: Missing XML comment for publicly visible type or member 'TmdlSerializeOptions.ShouldSerializeCasingStyle()' [D:\PROJ\TabularEditor_J-audit-v02\TOMWrapper\TOMWrapper.csproj]
D:\PROJ\TabularEditor_J-audit-v02\TOMWrapper\Serialization\TmdlSerializeOptions.cs(52,21): warning CS1591: Missing XML comment for publicly visible type or member 'TmdlSerializeOptions.ShouldSerializeExpressionTrimStyle()' [D:\PROJ\TabularEditor_J-audit-v02\TOMWrapper\TOMWrapper.csproj]
D:\PROJ\TabularEditor_J-audit-v02\TOMWrapper\Serialization\TmdlSerializeOptions.cs(53,21): warning CS1591: Missing XML comment for publicly visible type or member 'TmdlSerializeOptions.ShouldSerializeNewLineStyle()' [D:\PROJ\TabularEditor_J-audit-v02\TOMWrapper\TOMWrapper.csproj]
D:\PROJ\TabularEditor_J-audit-v02\TOMWrapper\Serialization\TmdlSerializeOptions.cs(54,21): warning CS1591: Missing XML comment for publicly visible type or member 'TmdlSerializeOptions.ShouldSerializeEncoding()' [D:\PROJ\TabularEditor_J-audit-v02\TOMWrapper\TOMWrapper.csproj]
D:\PROJ\TabularEditor_J-audit-v02\TOMWrapper\Serialization\TmdlSerializeOptions.cs(55,21): warning CS1591: Missing XML comment for publicly visible type or member 'TmdlSerializeOptions.ShouldSerializeBaseIndentationLevel()' [D:\PROJ\TabularEditor_J-audit-v02\TOMWrapper\TOMWrapper.csproj]
D:\PROJ\TabularEditor_J-audit-v02\TOMWrapper\Serialization\TmdlSerializeOptions.cs(56,21): warning CS1591: Missing XML comment for publicly visible type or member 'TmdlSerializeOptions.ShouldSerializeSpacesIndentation()' [D:\PROJ\TabularEditor_J-audit-v02\TOMWrapper\TOMWrapper.csproj]
D:\PROJ\TabularEditor_J-audit-v02\TOMWrapper\Serialization\TmdlSerializeOptions.cs(59,17): warning CS1591: Missing XML comment for publicly visible type or member 'SerializationEncoding' [D:\PROJ\TabularEditor_J-audit-v02\TOMWrapper\TOMWrapper.csproj]
D:\PROJ\TabularEditor_J-audit-v02\TOMWrapper\Serialization\TmdlSerializeOptions.cs(61,9): warning CS1591: Missing XML comment for publicly visible type or member 'SerializationEncoding.Default' [D:\PROJ\TabularEditor_J-audit-v02\TOMWrapper\TOMWrapper.csproj]
D:\PROJ\TabularEditor_J-audit-v02\TOMWrapper\Serialization\TmdlSerializeOptions.cs(62,9): warning CS1591: Missing XML comment for publicly visible type or member 'SerializationEncoding.UTF8' [D:\PROJ\TabularEditor_J-audit-v02\TOMWrapper\TOMWrapper.csproj]
D:\PROJ\TabularEditor_J-audit-v02\TOMWrapper\Serialization\TmdlSerializeOptions.cs(63,9): warning CS1591: Missing XML comment for publicly visible type or member 'SerializationEncoding.UTF7' [D:\PROJ\TabularEditor_J-audit-v02\TOMWrapper\TOMWrapper.csproj]
D:\PROJ\TabularEditor_J-audit-v02\TOMWrapper\Serialization\TmdlSerializeOptions.cs(64,9): warning CS1591: Missing XML comment for publicly visible type or member 'SerializationEncoding.UTF32' [D:\PROJ\TabularEditor_J-audit-v02\TOMWrapper\TOMWrapper.csproj]
D:\PROJ\TabularEditor_J-audit-v02\TOMWrapper\Serialization\TmdlSerializeOptions.cs(65,9): warning CS1591: Missing XML comment for publicly visible type or member 'SerializationEncoding.Unicode' [D:\PROJ\TabularEditor_J-audit-v02\TOMWrapper\TOMWrapper.csproj]
D:\PROJ\TabularEditor_J-audit-v02\TOMWrapper\Serialization\TmdlSerializeOptions.cs(66,9): warning CS1591: Missing XML comment for publicly visible type or member 'SerializationEncoding.ASCII' [D:\PROJ\TabularEditor_J-audit-v02\TOMWrapper\TOMWrapper.csproj]
D:\PROJ\TabularEditor_J-audit-v02\TOMWrapper\Serialization\TmdlSerializeOptions.cs(67,9): warning CS1591: Missing XML comment for publicly visible type or member 'SerializationEncoding.BigEndianUnicode' [D:\PROJ\TabularEditor_J-audit-v02\TOMWrapper\TOMWrapper.csproj]
D:\PROJ\TabularEditor_J-audit-v02\TOMWrapper\TOMWrapper\Serialization\RelationshipAnnotationSerializer.cs(42,18): warning CS1591: Missing XML comment for publicly visible type or member 'SerializationException' [D:\PROJ\TabularEditor_J-audit-v02\TOMWrapper\TOMWrapper.csproj]
D:\PROJ\TabularEditor_J-audit-v02\TOMWrapper\TOMWrapper\Serialization\RelationshipAnnotationSerializer.cs(44,16): warning CS1591: Missing XML comment for publicly visible type or member 'SerializationException.SerializationException(string)' [D:\PROJ\TabularEditor_J-audit-v02\TOMWrapper\TOMWrapper.csproj]
D:\PROJ\TabularEditor_J-audit-v02\TOMWrapper\TOMWrapper\Serialization\SerializeOptions.cs(7,18): warning CS1591: Missing XML comment for publicly visible type or member 'SerializeOptions' [D:\PROJ\TabularEditor_J-audit-v02\TOMWrapper\TOMWrapper.csproj]
D:\PROJ\TabularEditor_J-audit-v02\TOMWrapper\TOMWrapper\Serialization\SerializeOptions.cs(9,33): warning CS1591: Missing XML comment for publicly visible type or member 'SerializeOptions.Clone()' [D:\PROJ\TabularEditor_J-audit-v02\TOMWrapper\TOMWrapper.csproj]
D:\PROJ\TabularEditor_J-audit-v02\TOMWrapper\TOMWrapper\Serialization\SerializeOptions.cs(16,40): warning CS1591: Missing XML comment for publicly visible type or member 'SerializeOptions.Default' [D:\PROJ\TabularEditor_J-audit-v02\TOMWrapper\TOMWrapper.csproj]
D:\PROJ\TabularEditor_J-audit-v02\TOMWrapper\TOMWrapper\Serialization\SerializeOptions.cs(24,40): warning CS1591: Missing XML comment for publicly visible type or member 'SerializeOptions.DefaultFolder' [D:\PROJ\TabularEditor_J-audit-v02\TOMWrapper\TOMWrapper.csproj]
D:\PROJ\TabularEditor_J-audit-v02\TOMWrapper\TOMWrapper\Serialization\SerializeOptions.cs(46,40): warning CS1591: Missing XML comment for publicly visible type or member 'SerializeOptions.PowerBi' [D:\PROJ\TabularEditor_J-audit-v02\TOMWrapper\TOMWrapper.csproj]
D:\PROJ\TabularEditor_J-audit-v02\TOMWrapper\TOMWrapper\Serialization\SerializeOptions.cs(58,21): warning CS1591: Missing XML comment for publicly visible type or member 'SerializeOptions.IgnoreInferredObjects' [D:\PROJ\TabularEditor_J-audit-v02\TOMWrapper\TOMWrapper.csproj]
D:\PROJ\TabularEditor_J-audit-v02\TOMWrapper\TOMWrapper\Serialization\SerializeOptions.cs(59,21): warning CS1591: Missing XML comment for publicly visible type or member 'SerializeOptions.IgnoreInferredProperties' [D:\PROJ\TabularEditor_J-audit-v02\TOMWrapper\TOMWrapper.csproj]
D:\PROJ\TabularEditor_J-audit-v02\TOMWrapper\TOMWrapper\Serialization\SerializeOptions.cs(60,21): warning CS1591: Missing XML comment for publicly visible type or member 'SerializeOptions.IgnoreTimestamps' [D:\PROJ\TabularEditor_J-audit-v02\TOMWrapper\TOMWrapper.csproj]
D:\PROJ\TabularEditor_J-audit-v02\TOMWrapper\TOMWrapper\Serialization\SerializeOptions.cs(61,21): warning CS1591: Missing XML comment for publicly visible type or member 'SerializeOptions.IgnoreLineageTags' [D:\PROJ\TabularEditor_J-audit-v02\TOMWrapper\TOMWrapper.csproj]
D:\PROJ\TabularEditor_J-audit-v02\TOMWrapper\TOMWrapper\Serialization\SerializeOptions.cs(62,21): warning CS1591: Missing XML comment for publicly visible type or member 'SerializeOptions.ShouldSerializeIgnoreLineageTags()' [D:\PROJ\TabularEditor_J-audit-v02\TOMWrapper\TOMWrapper.csproj]
D:\PROJ\TabularEditor_J-audit-v02\TOMWrapper\TOMWrapper\Serialization\SerializeOptions.cs(63,21): warning CS1591: Missing XML comment for publicly visible type or member 'SerializeOptions.SplitMultilineStrings' [D:\PROJ\TabularEditor_J-audit-v02\TOMWrapper\TOMWrapper.csproj]
D:\PROJ\TabularEditor_J-audit-v02\TOMWrapper\TOMWrapper\Serialization\SerializeOptions.cs(65,21): warning CS1591: Missing XML comment for publicly visible type or member 'SerializeOptions.IgnorePrivacySettings' [D:\PROJ\TabularEditor_J-audit-v02\TOMWrapper\TOMWrapper.csproj]
D:\PROJ\TabularEditor_J-audit-v02\TOMWrapper\TOMWrapper\Serialization\SerializeOptions.cs(66,21): warning CS1591: Missing XML comment for publicly visible type or member 'SerializeOptions.ShouldSerializeIgnorePrivacySettings()' [D:\PROJ\TabularEditor_J-audit-v02\TOMWrapper\TOMWrapper.csproj]
D:\PROJ\TabularEditor_J-audit-v02\TOMWrapper\TOMWrapper\Serialization\SerializeOptions.cs(67,21): warning CS1591: Missing XML comment for publicly visible type or member 'SerializeOptions.IgnoreIncrementalRefreshPartitions' [D:\PROJ\TabularEditor_J-audit-v02\TOMWrapper\TOMWrapper.csproj]
D:\PROJ\TabularEditor_J-audit-v02\TOMWrapper\TOMWrapper\Serialization\SerializeOptions.cs(68,21): warning CS1591: Missing XML comment for publicly visible type or member 'SerializeOptions.ShouldSerializeIgnoreIncrementalRefreshPartitions()' [D:\PROJ\TabularEditor_J-audit-v02\TOMWrapper\TOMWrapper.csproj]
D:\PROJ\TabularEditor_J-audit-v02\TOMWrapper\TOMWrapper\Serialization\SerializeOptions.cs(70,21): warning CS1591: Missing XML comment for publicly visible type or member 'SerializeOptions.PrefixFilenames' [D:\PROJ\TabularEditor_J-audit-v02\TOMWrapper\TOMWrapper.csproj]
D:\PROJ\TabularEditor_J-audit-v02\TOMWrapper\TOMWrapper\Serialization\SerializeOptions.cs(71,21): warning CS1591: Missing XML comment for publicly visible type or member 'SerializeOptions.AlsoSaveAsBim' [D:\PROJ\TabularEditor_J-audit-v02\TOMWrapper\TOMWrapper.csproj]
D:\PROJ\TabularEditor_J-audit-v02\TOMWrapper\TOMWrapper\Serialization\SerializeOptions.cs(72,21): warning CS1591: Missing XML comment for publicly visible type or member 'SerializeOptions.ShouldSerializeAlsoSaveAsBim()' [D:\PROJ\TabularEditor_J-audit-v02\TOMWrapper\TOMWrapper.csproj]
D:\PROJ\TabularEditor_J-audit-v02\TOMWrapper\TOMWrapper\Serialization\SerializeOptions.cs(73,21): warning CS1591: Missing XML comment for publicly visible type or member 'SerializeOptions.LocalTranslations' [D:\PROJ\TabularEditor_J-audit-v02\TOMWrapper\TOMWrapper.csproj]
D:\PROJ\TabularEditor_J-audit-v02\TOMWrapper\TOMWrapper\Serialization\SerializeOptions.cs(74,21): warning CS1591: Missing XML comment for publicly visible type or member 'SerializeOptions.LocalPerspectives' [D:\PROJ\TabularEditor_J-audit-v02\TOMWrapper\TOMWrapper.csproj]
D:\PROJ\TabularEditor_J-audit-v02\TOMWrapper\TOMWrapper\Serialization\SerializeOptions.cs(75,21): warning CS1591: Missing XML comment for publicly visible type or member 'SerializeOptions.SortArrays' [D:\PROJ\TabularEditor_J-audit-v02\TOMWrapper\TOMWrapper.csproj]
D:\PROJ\TabularEditor_J-audit-v02\TOMWrapper\TOMWrapper\Serialization\SerializeOptions.cs(76,21): warning CS1591: Missing XML comment for publicly visible type or member 'SerializeOptions.LocalRelationships' [D:\PROJ\TabularEditor_J-audit-v02\TOMWrapper\TOMWrapper.csproj]
D:\PROJ\TabularEditor_J-audit-v02\TOMWrapper\TOMWrapper\Serialization\SerializeOptions.cs(78,21): warning CS1591: Missing XML comment for publicly visible type or member 'SerializeOptions.IncludeSensitive' [D:\PROJ\TabularEditor_J-audit-v02\TOMWrapper\TOMWrapper.csproj]
D:\PROJ\TabularEditor_J-audit-v02\TOMWrapper\TOMWrapper\Serialization\SerializeOptions.cs(79,21): warning CS1591: Missing XML comment for publicly visible type or member 'SerializeOptions.ShouldSerializeIncludeSensitive()' [D:\PROJ\TabularEditor_J-audit-v02\TOMWrapper\TOMWrapper.csproj]
D:\PROJ\TabularEditor_J-audit-v02\TOMWrapper\TOMWrapper\Serialization\SerializeOptions.cs(80,37): warning CS1591: Missing XML comment for publicly visible type or member 'SerializeOptions.TmdlOptions' [D:\PROJ\TabularEditor_J-audit-v02\TOMWrapper\TOMWrapper.csproj]
D:\PROJ\TabularEditor_J-audit-v02\TOMWrapper\TOMWrapper\Serialization\SerializeOptions.cs(81,21): warning CS1591: Missing XML comment for publicly visible type or member 'SerializeOptions.ShouldSerializeTmdlOptions()' [D:\PROJ\TabularEditor_J-audit-v02\TOMWrapper\TOMWrapper.csproj]
D:\PROJ\TabularEditor_J-audit-v02\TOMWrapper\TOMWrapper\Serialization\SerializeOptions.cs(83,23): warning CS1591: Missing XML comment for publicly visible type or member 'SerializeOptions.DatabaseNameOverride' [D:\PROJ\TabularEditor_J-audit-v02\TOMWrapper\TOMWrapper.csproj]
D:\PROJ\TabularEditor_J-audit-v02\TOMWrapper\TOMWrapper\Serialization\SerializeOptions.cs(85,32): warning CS1591: Missing XML comment for publicly visible type or member 'SerializeOptions.Levels' [D:\PROJ\TabularEditor_J-audit-v02\TOMWrapper\TOMWrapper.csproj]
D:\PROJ\TabularEditor_J-audit-v02\TOMWrapper\TOMWrapper\Serialization\SerializeOptions.cs(87,21): warning CS1591: Missing XML comment for publicly visible type or member 'SerializeOptions.Equals(SerializeOptions)' [D:\PROJ\TabularEditor_J-audit-v02\TOMWrapper\TOMWrapper.csproj]
D:\PROJ\TabularEditor_J-audit-v02\TOMWrapper\TOMWrapper\Serialization\SerializeOptions.cs(108,30): warning CS1591: Missing XML comment for publicly visible type or member 'SerializeOptions.Equals(object)' [D:\PROJ\TabularEditor_J-audit-v02\TOMWrapper\TOMWrapper.csproj]
D:\PROJ\TabularEditor_J-audit-v02\TOMWrapper\TOMWrapper\Serialization\SerializeOptions.cs(113,36): warning CS1591: Missing XML comment for publicly visible type or member 'SerializeOptions.operator ==(SerializeOptions, SerializeOptions)' [D:\PROJ\TabularEditor_J-audit-v02\TOMWrapper\TOMWrapper.csproj]
D:\PROJ\TabularEditor_J-audit-v02\TOMWrapper\TOMWrapper\Serialization\SerializeOptions.cs(121,36): warning CS1591: Missing XML comment for publicly visible type or member 'SerializeOptions.operator !=(SerializeOptions, SerializeOptions)' [D:\PROJ\TabularEditor_J-audit-v02\TOMWrapper\TOMWrapper.csproj]
D:\PROJ\TabularEditor_J-audit-v02\TOMWrapper\TOMWrapper\CalculationGroup.cs(217,32): warning CS1591: Missing XML comment for publicly visible type or member 'CalculationGroup.ToString()' [D:\PROJ\TabularEditor_J-audit-v02\TOMWrapper\TOMWrapper.csproj]
D:\PROJ\TabularEditor_J-audit-v02\TOMWrapper\TOMWrapper\DataCoverageDefinition.cs(15,22): warning CS1591: Missing XML comment for publicly visible type or member 'DataCoverageDefinition.Table' [D:\PROJ\TabularEditor_J-audit-v02\TOMWrapper\TOMWrapper.csproj]
D:\PROJ\TabularEditor_J-audit-v02\TOMWrapper\TOMWrapper\DataCoverageDefinition.cs(20,20): warning CS1591: Missing XML comment for publicly visible type or member 'DataCoverageDefinition.MetadataIndex' [D:\PROJ\TabularEditor_J-audit-v02\TOMWrapper\TOMWrapper.csproj]
D:\PROJ\TabularEditor_J-audit-v02\TOMWrapper\TOMWrapper\DataCoverageDefinition.cs(30,33): warning CS1591: Missing XML comment for publicly visible type or member 'DataCoverageDefinition.OnPropertyChanged(string, object, object)' [D:\PROJ\TabularEditor_J-audit-v02\TOMWrapper\TOMWrapper.csproj]
D:\PROJ\TabularEditor_J-audit-v02\TOMWrapper\TOMWrapper\DataCoverageDefinition.cs(38,46): warning CS1591: Missing XML comment for publicly visible type or member 'DataCoverageDefinition.CreateNew()' [D:\PROJ\TabularEditor_J-audit-v02\TOMWrapper\TOMWrapper.csproj]
D:\PROJ\TabularEditor_J-audit-v02\TOMWrapper\TOMWrapper\DataCoverageDefinition.cs(46,46): warning CS1591: Missing XML comment for publicly visible type or member 'DataCoverageDefinition.CreateFromMetadata(Partition, DataCoverageDefinition)' [D:\PROJ\TabularEditor_J-audit-v02\TOMWrapper\TOMWrapper.csproj]
D:\PROJ\TabularEditor_J-audit-v02\TOMWrapper\TOMWrapper\DataCoverageDefinition.cs(57,23): warning CS1591: Missing XML comment for publicly visible type or member 'DataCoverageDefinition.Name' [D:\PROJ\TabularEditor_J-audit-v02\TOMWrapper\TOMWrapper.csproj]
D:\PROJ\TabularEditor_J-audit-v02\TOMWrapper\TOMWrapper\DataCoverageDefinition.cs(71,21): warning CS1591: Missing XML comment for publicly visible type or member 'DataCoverageDefinition.NeedsValidation' [D:\PROJ\TabularEditor_J-audit-v02\TOMWrapper\TOMWrapper.csproj]
D:\PROJ\TabularEditor_J-audit-v02\TOMWrapper\TOMWrapper\DataCoverageDefinition.cs(73,21): warning CS1591: Missing XML comment for publicly visible type or member 'DataCoverageDefinition.CanDelete()' [D:\PROJ\TabularEditor_J-audit-v02\TOMWrapper\TOMWrapper.csproj]
D:\PROJ\TabularEditor_J-audit-v02\TOMWrapper\TOMWrapper\DataCoverageDefinition.cs(78,21): warning CS1591: Missing XML comment for publicly visible type or member 'DataCoverageDefinition.CanDelete(out string)' [D:\PROJ\TabularEditor_J-audit-v02\TOMWrapper\TOMWrapper.csproj]
D:\PROJ\TabularEditor_J-audit-v02\TOMWrapper\TOMWrapper\DataCoverageDefinition.cs(84,30): warning CS1591: Missing XML comment for publicly visible type or member 'DataCoverageDefinition.Delete()' [D:\PROJ\TabularEditor_J-audit-v02\TOMWrapper\TOMWrapper.csproj]
D:\PROJ\TabularEditor_J-audit-v02\TOMWrapper\TOMWrapper\ModelMetadataSourceInfo.cs(36,32): warning CS1591: Missing XML comment for publicly visible type or member 'ModelMetadataSourceInfo.ToString()' [D:\PROJ\TabularEditor_J-audit-v02\TOMWrapper\TOMWrapper.csproj]
D:\PROJ\TabularEditor_J-audit-v02\TOMWrapper\TOMWrapper\ModelMetadataSourceInfo.cs(109,32): warning CS1591: Missing XML comment for publicly visible type or member 'PbipInfo.ToString()' [D:\PROJ\TabularEditor_J-audit-v02\TOMWrapper\TOMWrapper.csproj]
D:\PROJ\TabularEditor_J-audit-v02\TOMWrapper\TOMWrapper\TmdlImportOptions.cs(3,18): warning CS1591: Missing XML comment for publicly visible type or member 'TmdlImportOptions' [D:\PROJ\TabularEditor_J-audit-v02\TOMWrapper\TOMWrapper.csproj]
D:\PROJ\TabularEditor_J-audit-v02\TOMWrapper\TOMWrapper\TmdlImportOptions.cs(5,21): warning CS1591: Missing XML comment for publicly visible type or member 'TmdlImportOptions.Replace' [D:\PROJ\TabularEditor_J-audit-v02\TOMWrapper\TOMWrapper.csproj]
D:\PROJ\TabularEditor_J-audit-v02\TOMWrapper\Utils\DbConnectionStringBuilderExtension.cs(5,25): warning CS1591: Missing XML comment for publicly visible type or member 'DbConnectionStringBuilderExtension' [D:\PROJ\TabularEditor_J-audit-v02\TOMWrapper\TOMWrapper.csproj]
D:\PROJ\TabularEditor_J-audit-v02\TOMWrapper\Utils\DbConnectionStringBuilderExtension.cs(7,28): warning CS1591: Missing XML comment for publicly visible type or member 'DbConnectionStringBuilderExtension.TryGet(DbConnectionStringBuilder, string[], out string, out string)' [D:\PROJ\TabularEditor_J-audit-v02\TOMWrapper\TOMWrapper.csproj]
D:\PROJ\TabularEditor_J-audit-v02\TOMWrapper\Utils\DbConnectionStringBuilderExtension.cs(23,30): warning CS1591: Missing XML comment for publicly visible type or member 'DbConnectionStringBuilderExtension.Get(DbConnectionStringBuilder, string)' [D:\PROJ\TabularEditor_J-audit-v02\TOMWrapper\TOMWrapper.csproj]
D:\PROJ\TabularEditor_J-audit-v02\TOMWrapper\Utils\DbConnectionStringBuilderExtension.cs(28,25): warning CS1591: Missing XML comment for publicly visible type or member 'DbConnectionStringBuilderExtension.Get<T>(DbConnectionStringBuilder, string)' [D:\PROJ\TabularEditor_J-audit-v02\TOMWrapper\TOMWrapper.csproj]
D:\PROJ\TabularEditor_J-audit-v02\TOMWrapper\Utils\ITabularDeployer.cs(11,22): warning CS1591: Missing XML comment for publicly visible type or member 'ITabularDeployer' [D:\PROJ\TabularEditor_J-audit-v02\TOMWrapper\TOMWrapper.csproj]
D:\PROJ\TabularEditor_J-audit-v02\TOMWrapper\Utils\ITabularDeployer.cs(13,26): warning CS1591: Missing XML comment for publicly visible type or member 'ITabularDeployer.Deploy(Database, string, string, DeploymentOptions, CancellationToken)' [D:\PROJ\TabularEditor_J-audit-v02\TOMWrapper\TOMWrapper.csproj]
D:\PROJ\TabularEditor_J-audit-v02\TOMWrapper\Utils\ITabularDeployer.cs(14,14): warning CS1591: Missing XML comment for publicly visible type or member 'ITabularDeployer.SaveModelMetadataBackup(string, string, string)' [D:\PROJ\TabularEditor_J-audit-v02\TOMWrapper\TOMWrapper.csproj]
D:\PROJ\TabularEditor_J-audit-v02\TOMWrapper\Utils\DaxDependencyHelper.cs(10,25): warning CS1591: Missing XML comment for publicly visible type or member 'DaxDependencyHelper' [D:\PROJ\TabularEditor_J-audit-v02\TOMWrapper\TOMWrapper.csproj]
D:\PROJ\TabularEditor_J-audit-v02\TOMWrapper\Utils\DaxDependencyHelper.cs(79,48): warning CS1591: Missing XML comment for publicly visible type or member 'DaxDependencyHelper.GetDAXProperties(IDaxDependantObject)' [D:\PROJ\TabularEditor_J-audit-v02\TOMWrapper\TOMWrapper.csproj]
D:\PROJ\TabularEditor_J-audit-v02\TOMWrapper\Utils\DaxDependencyHelper.cs(124,35): warning CS1591: Missing XML comment for publicly visible type or member 'DaxDependencyHelper.GetDefaultDAXProperty(IDaxDependantObject)' [D:\PROJ\TabularEditor_J-audit-v02\TOMWrapper\TOMWrapper.csproj]
D:\PROJ\TabularEditor_J-audit-v02\TOMWrapper\Utils\DaxDependencyHelper.cs(133,30): warning CS1591: Missing XML comment for publicly visible type or member 'DaxDependencyHelper.GetDAXProperty(IDaxDependantObject, DAXProperty)' [D:\PROJ\TabularEditor_J-audit-v02\TOMWrapper\TOMWrapper.csproj]
D:\PROJ\TabularEditor_J-audit-v02\TOMWrapper\Utils\DaxDependencyHelper.cs(185,30): warning CS1591: Missing XML comment for publicly visible type or member 'DaxDependencyHelper.GetDAX(IDaxDependantObject, DAXProperty)' [D:\PROJ\TabularEditor_J-audit-v02\TOMWrapper\TOMWrapper.csproj]
D:\PROJ\TabularEditor_J-audit-v02\TOMWrapper\Utils\DaxDependencyHelper.cs(239,28): warning CS1591: Missing XML comment for publicly visible type or member 'DaxDependencyHelper.SetDAX(IDaxDependantObject, DAXProperty, string)' [D:\PROJ\TabularEditor_J-audit-v02\TOMWrapper\TOMWrapper.csproj]
D:\PROJ\TabularEditor_J-audit-v02\TOMWrapper\Utils\DaxToken.cs(7,26): warning CS1591: Missing XML comment for publicly visible type or member 'DaxToken' [D:\PROJ\TabularEditor_J-audit-v02\TOMWrapper\TOMWrapper.csproj]
D:\PROJ\TabularEditor_J-audit-v02\TOMWrapper\Utils\DaxToken.cs(9,20): warning CS1591: Missing XML comment for publicly visible type or member 'DaxToken.Type' [D:\PROJ\TabularEditor_J-audit-v02\TOMWrapper\TOMWrapper.csproj]
D:\PROJ\TabularEditor_J-audit-v02\TOMWrapper\Utils\DaxToken.cs(10,20): warning CS1591: Missing XML comment for publicly visible type or member 'DaxToken.TokenIndex' [D:\PROJ\TabularEditor_J-audit-v02\TOMWrapper\TOMWrapper.csproj]
D:\PROJ\TabularEditor_J-audit-v02\TOMWrapper\Utils\DaxToken.cs(11,20): warning CS1591: Missing XML comment for publicly visible type or member 'DaxToken.StartIndex' [D:\PROJ\TabularEditor_J-audit-v02\TOMWrapper\TOMWrapper.csproj]
D:\PROJ\TabularEditor_J-audit-v02\TOMWrapper\Utils\DaxToken.cs(12,20): warning CS1591: Missing XML comment for publicly visible type or member 'DaxToken.StopIndex' [D:\PROJ\TabularEditor_J-audit-v02\TOMWrapper\TOMWrapper.csproj]
D:\PROJ\TabularEditor_J-audit-v02\TOMWrapper\Utils\DaxToken.cs(13,23): warning CS1591: Missing XML comment for publicly visible type or member 'DaxToken.Text' [D:\PROJ\TabularEditor_J-audit-v02\TOMWrapper\TOMWrapper.csproj]
D:\PROJ\TabularEditor_J-audit-v02\TOMWrapper\Utils\DaxToken.cs(35,25): warning CS1591: Missing XML comment for publicly visible type or member 'DaxToken.Next' [D:\PROJ\TabularEditor_J-audit-v02\TOMWrapper\TOMWrapper.csproj]
D:\PROJ\TabularEditor_J-audit-v02\TOMWrapper\Utils\DaxToken.cs(50,21): warning CS1591: Missing XML comment for publicly visible type or member 'DaxToken.CommentOrWhitespace' [D:\PROJ\TabularEditor_J-audit-v02\TOMWrapper\TOMWrapper.csproj]
D:\PROJ\TabularEditor_J-audit-v02\TOMWrapper\Utils\DaxToken.cs(63,32): warning CS1591: Missing XML comment for publicly visible type or member 'DaxToken.ToString()' [D:\PROJ\TabularEditor_J-audit-v02\TOMWrapper\TOMWrapper.csproj]
D:\PROJ\TabularEditor_J-audit-v02\TOMWrapper\Utils\DaxToken.Generated.cs(7,10): warning CS1591: Missing XML comment for publicly visible type or member 'DaxToken.SINGLE_LINE_COMMENT' [D:\PROJ\TabularEditor_J-audit-v02\TOMWrapper\TOMWrapper.csproj]
D:\PROJ\TabularEditor_J-audit-v02\TOMWrapper\Utils\DaxToken.Generated.cs(8,10): warning CS1591: Missing XML comment for publicly visible type or member 'DaxToken.DELIMITED_COMMENT' [D:\PROJ\TabularEditor_J-audit-v02\TOMWrapper\TOMWrapper.csproj]
D:\PROJ\TabularEditor_J-audit-v02\TOMWrapper\Utils\DaxToken.Generated.cs(9,10): warning CS1591: Missing XML comment for publicly visible type or member 'DaxToken.WHITESPACES' [D:\PROJ\TabularEditor_J-audit-v02\TOMWrapper\TOMWrapper.csproj]
D:\PROJ\TabularEditor_J-audit-v02\TOMWrapper\Utils\DaxToken.Generated.cs(10,10): warning CS1591: Missing XML comment for publicly visible type or member 'DaxToken.ABS' [D:\PROJ\TabularEditor_J-audit-v02\TOMWrapper\TOMWrapper.csproj]
D:\PROJ\TabularEditor_J-audit-v02\TOMWrapper\Utils\DaxToken.Generated.cs(11,10): warning CS1591: Missing XML comment for publicly visible type or member 'DaxToken.ACOS' [D:\PROJ\TabularEditor_J-audit-v02\TOMWrapper\TOMWrapper.csproj]
D:\PROJ\TabularEditor_J-audit-v02\TOMWrapper\Utils\DaxToken.Generated.cs(12,10): warning CS1591: Missing XML comment for publicly visible type or member 'DaxToken.ACOSH' [D:\PROJ\TabularEditor_J-audit-v02\TOMWrapper\TOMWrapper.csproj]
D:\PROJ\TabularEditor_J-audit-v02\TOMWrapper\Utils\DaxToken.Generated.cs(13,10): warning CS1591: Missing XML comment for publicly visible type or member 'DaxToken.ACOT' [D:\PROJ\TabularEditor_J-audit-v02\TOMWrapper\TOMWrapper.csproj]
D:\PROJ\TabularEditor_J-audit-v02\TOMWrapper\Utils\DaxToken.Generated.cs(14,10): warning CS1591: Missing XML comment for publicly visible type or member 'DaxToken.ACOTH' [D:\PROJ\TabularEditor_J-audit-v02\TOMWrapper\TOMWrapper.csproj]
D:\PROJ\TabularEditor_J-audit-v02\TOMWrapper\Utils\DaxToken.Generated.cs(15,10): warning CS1591: Missing XML comment for publicly visible type or member 'DaxToken.ADDCOLUMNS' [D:\PROJ\TabularEditor_J-audit-v02\TOMWrapper\TOMWrapper.csproj]
D:\PROJ\TabularEditor_J-audit-v02\TOMWrapper\Utils\DaxToken.Generated.cs(16,10): warning CS1591: Missing XML comment for publicly visible type or member 'DaxToken.ADDMISSINGITEMS' [D:\PROJ\TabularEditor_J-audit-v02\TOMWrapper\TOMWrapper.csproj]
D:\PROJ\TabularEditor_J-audit-v02\TOMWrapper\Utils\DaxToken.Generated.cs(17,10): warning CS1591: Missing XML comment for publicly visible type or member 'DaxToken.ALL' [D:\PROJ\TabularEditor_J-audit-v02\TOMWrapper\TOMWrapper.csproj]
D:\PROJ\TabularEditor_J-audit-v02\TOMWrapper\Utils\DaxToken.Generated.cs(18,10): warning CS1591: Missing XML comment for publicly visible type or member 'DaxToken.ALLCROSSFILTERED' [D:\PROJ\TabularEditor_J-audit-v02\TOMWrapper\TOMWrapper.csproj]
D:\PROJ\TabularEditor_J-audit-v02\TOMWrapper\Utils\DaxToken.Generated.cs(19,10): warning CS1591: Missing XML comment for publicly visible type or member 'DaxToken.ALLEXCEPT' [D:\PROJ\TabularEditor_J-audit-v02\TOMWrapper\TOMWrapper.csproj]
D:\PROJ\TabularEditor_J-audit-v02\TOMWrapper\Utils\DaxToken.Generated.cs(20,10): warning CS1591: Missing XML comment for publicly visible type or member 'DaxToken.ALLNOBLANKROW' [D:\PROJ\TabularEditor_J-audit-v02\TOMWrapper\TOMWrapper.csproj]
D:\PROJ\TabularEditor_J-audit-v02\TOMWrapper\Utils\DaxToken.Generated.cs(21,10): warning CS1591: Missing XML comment for publicly visible type or member 'DaxToken.ALLSELECTED' [D:\PROJ\TabularEditor_J-audit-v02\TOMWrapper\TOMWrapper.csproj]
D:\PROJ\TabularEditor_J-audit-v02\TOMWrapper\Utils\DaxToken.Generated.cs(22,10): warning CS1591: Missing XML comment for publicly visible type or member 'DaxToken.AND' [D:\PROJ\TabularEditor_J-audit-v02\TOMWrapper\TOMWrapper.csproj]
D:\PROJ\TabularEditor_J-audit-v02\TOMWrapper\Utils\DaxToken.Generated.cs(23,10): warning CS1591: Missing XML comment for publicly visible type or member 'DaxToken.APPROXIMATEDISTINCTCOUNT' [D:\PROJ\TabularEditor_J-audit-v02\TOMWrapper\TOMWrapper.csproj]
D:\PROJ\TabularEditor_J-audit-v02\TOMWrapper\Utils\DaxToken.Generated.cs(24,10): warning CS1591: Missing XML comment for publicly visible type or member 'DaxToken.ASIN' [D:\PROJ\TabularEditor_J-audit-v02\TOMWrapper\TOMWrapper.csproj]
D:\PROJ\TabularEditor_J-audit-v02\TOMWrapper\Utils\DaxToken.Generated.cs(25,10): warning CS1591: Missing XML comment for publicly visible type or member 'DaxToken.ASINH' [D:\PROJ\TabularEditor_J-audit-v02\TOMWrapper\TOMWrapper.csproj]
D:\PROJ\TabularEditor_J-audit-v02\TOMWrapper\Utils\DaxToken.Generated.cs(26,10): warning CS1591: Missing XML comment for publicly visible type or member 'DaxToken.ATAN' [D:\PROJ\TabularEditor_J-audit-v02\TOMWrapper\TOMWrapper.csproj]
D:\PROJ\TabularEditor_J-audit-v02\TOMWrapper\Utils\DaxToken.Generated.cs(27,10): warning CS1591: Missing XML comment for publicly visible type or member 'DaxToken.ATANH' [D:\PROJ\TabularEditor_J-audit-v02\TOMWrapper\TOMWrapper.csproj]
D:\PROJ\TabularEditor_J-audit-v02\TOMWrapper\Utils\DaxToken.Generated.cs(28,10): warning CS1591: Missing XML comment for publicly visible type or member 'DaxToken.AVERAGE' [D:\PROJ\TabularEditor_J-audit-v02\TOMWrapper\TOMWrapper.csproj]
D:\PROJ\TabularEditor_J-audit-v02\TOMWrapper\Utils\DaxToken.Generated.cs(29,10): warning CS1591: Missing XML comment for publicly visible type or member 'DaxToken.AVERAGEA' [D:\PROJ\TabularEditor_J-audit-v02\TOMWrapper\TOMWrapper.csproj]
D:\PROJ\TabularEditor_J-audit-v02\TOMWrapper\Utils\DaxToken.Generated.cs(30,10): warning CS1591: Missing XML comment for publicly visible type or member 'DaxToken.AVERAGEX' [D:\PROJ\TabularEditor_J-audit-v02\TOMWrapper\TOMWrapper.csproj]
D:\PROJ\TabularEditor_J-audit-v02\TOMWrapper\Utils\DaxToken.Generated.cs(31,10): warning CS1591: Missing XML comment for publicly visible type or member 'DaxToken.BETADIST' [D:\PROJ\TabularEditor_J-audit-v02\TOMWrapper\TOMWrapper.csproj]
D:\PROJ\TabularEditor_J-audit-v02\TOMWrapper\Utils\DaxToken.Generated.cs(32,10): warning CS1591: Missing XML comment for publicly visible type or member 'DaxToken.BETAINV' [D:\PROJ\TabularEditor_J-audit-v02\TOMWrapper\TOMWrapper.csproj]
D:\PROJ\TabularEditor_J-audit-v02\TOMWrapper\Utils\DaxToken.Generated.cs(33,10): warning CS1591: Missing XML comment for publicly visible type or member 'DaxToken.BLANK' [D:\PROJ\TabularEditor_J-audit-v02\TOMWrapper\TOMWrapper.csproj]
D:\PROJ\TabularEditor_J-audit-v02\TOMWrapper\Utils\DaxToken.Generated.cs(34,10): warning CS1591: Missing XML comment for publicly visible type or member 'DaxToken.CALCULATE' [D:\PROJ\TabularEditor_J-audit-v02\TOMWrapper\TOMWrapper.csproj]
D:\PROJ\TabularEditor_J-audit-v02\TOMWrapper\Utils\DaxToken.Generated.cs(35,10): warning CS1591: Missing XML comment for publicly visible type or member 'DaxToken.CALCULATETABLE' [D:\PROJ\TabularEditor_J-audit-v02\TOMWrapper\TOMWrapper.csproj]
D:\PROJ\TabularEditor_J-audit-v02\TOMWrapper\Utils\DaxToken.Generated.cs(36,10): warning CS1591: Missing XML comment for publicly visible type or member 'DaxToken.CALENDAR' [D:\PROJ\TabularEditor_J-audit-v02\TOMWrapper\TOMWrapper.csproj]
D:\PROJ\TabularEditor_J-audit-v02\TOMWrapper\Utils\DaxToken.Generated.cs(37,10): warning CS1591: Missing XML comment for publicly visible type or member 'DaxToken.CALENDARAUTO' [D:\PROJ\TabularEditor_J-audit-v02\TOMWrapper\TOMWrapper.csproj]
D:\PROJ\TabularEditor_J-audit-v02\TOMWrapper\Utils\DaxToken.Generated.cs(38,10): warning CS1591: Missing XML comment for publicly visible type or member 'DaxToken.CEILING' [D:\PROJ\TabularEditor_J-audit-v02\TOMWrapper\TOMWrapper.csproj]
D:\PROJ\TabularEditor_J-audit-v02\TOMWrapper\Utils\DaxToken.Generated.cs(39,10): warning CS1591: Missing XML comment for publicly visible type or member 'DaxToken.CHISQDIST' [D:\PROJ\TabularEditor_J-audit-v02\TOMWrapper\TOMWrapper.csproj]
D:\PROJ\TabularEditor_J-audit-v02\TOMWrapper\Utils\DaxToken.Generated.cs(40,10): warning CS1591: Missing XML comment for publicly visible type or member 'DaxToken.CHISQDISTRT' [D:\PROJ\TabularEditor_J-audit-v02\TOMWrapper\TOMWrapper.csproj]
D:\PROJ\TabularEditor_J-audit-v02\TOMWrapper\Utils\DaxToken.Generated.cs(41,10): warning CS1591: Missing XML comment for publicly visible type or member 'DaxToken.CHISQINV' [D:\PROJ\TabularEditor_J-audit-v02\TOMWrapper\TOMWrapper.csproj]
D:\PROJ\TabularEditor_J-audit-v02\TOMWrapper\Utils\DaxToken.Generated.cs(42,10): warning CS1591: Missing XML comment for publicly visible type or member 'DaxToken.CHISQINVRT' [D:\PROJ\TabularEditor_J-audit-v02\TOMWrapper\TOMWrapper.csproj]
D:\PROJ\TabularEditor_J-audit-v02\TOMWrapper\Utils\DaxToken.Generated.cs(43,10): warning CS1591: Missing XML comment for publicly visible type or member 'DaxToken.CLOSINGBALANCEMONTH' [D:\PROJ\TabularEditor_J-audit-v02\TOMWrapper\TOMWrapper.csproj]
D:\PROJ\TabularEditor_J-audit-v02\TOMWrapper\Utils\DaxToken.Generated.cs(44,10): warning CS1591: Missing XML comment for publicly visible type or member 'DaxToken.CLOSINGBALANCEQUARTER' [D:\PROJ\TabularEditor_J-audit-v02\TOMWrapper\TOMWrapper.csproj]
D:\PROJ\TabularEditor_J-audit-v02\TOMWrapper\Utils\DaxToken.Generated.cs(45,10): warning CS1591: Missing XML comment for publicly visible type or member 'DaxToken.CLOSINGBALANCEYEAR' [D:\PROJ\TabularEditor_J-audit-v02\TOMWrapper\TOMWrapper.csproj]
D:\PROJ\TabularEditor_J-audit-v02\TOMWrapper\Utils\DaxToken.Generated.cs(46,10): warning CS1591: Missing XML comment for publicly visible type or member 'DaxToken.COALESCE' [D:\PROJ\TabularEditor_J-audit-v02\TOMWrapper\TOMWrapper.csproj]
D:\PROJ\TabularEditor_J-audit-v02\TOMWrapper\Utils\DaxToken.Generated.cs(47,10): warning CS1591: Missing XML comment for publicly visible type or member 'DaxToken.COMBIN' [D:\PROJ\TabularEditor_J-audit-v02\TOMWrapper\TOMWrapper.csproj]
D:\PROJ\TabularEditor_J-audit-v02\TOMWrapper\Utils\DaxToken.Generated.cs(48,10): warning CS1591: Missing XML comment for publicly visible type or member 'DaxToken.COMBINA' [D:\PROJ\TabularEditor_J-audit-v02\TOMWrapper\TOMWrapper.csproj]
D:\PROJ\TabularEditor_J-audit-v02\TOMWrapper\Utils\DaxToken.Generated.cs(49,10): warning CS1591: Missing XML comment for publicly visible type or member 'DaxToken.COMBINEVALUES' [D:\PROJ\TabularEditor_J-audit-v02\TOMWrapper\TOMWrapper.csproj]
D:\PROJ\TabularEditor_J-audit-v02\TOMWrapper\Utils\DaxToken.Generated.cs(50,10): warning CS1591: Missing XML comment for publicly visible type or member 'DaxToken.CONCATENATE' [D:\PROJ\TabularEditor_J-audit-v02\TOMWrapper\TOMWrapper.csproj]
D:\PROJ\TabularEditor_J-audit-v02\TOMWrapper\Utils\DaxToken.Generated.cs(51,10): warning CS1591: Missing XML comment for publicly visible type or member 'DaxToken.CONCATENATEX' [D:\PROJ\TabularEditor_J-audit-v02\TOMWrapper\TOMWrapper.csproj]
D:\PROJ\TabularEditor_J-audit-v02\TOMWrapper\Utils\DaxToken.Generated.cs(52,10): warning CS1591: Missing XML comment for publicly visible type or member 'DaxToken.CONFIDENCENORM' [D:\PROJ\TabularEditor_J-audit-v02\TOMWrapper\TOMWrapper.csproj]
D:\PROJ\TabularEditor_J-audit-v02\TOMWrapper\Utils\DaxToken.Generated.cs(53,10): warning CS1591: Missing XML comment for publicly visible type or member 'DaxToken.CONFIDENCET' [D:\PROJ\TabularEditor_J-audit-v02\TOMWrapper\TOMWrapper.csproj]
D:\PROJ\TabularEditor_J-audit-v02\TOMWrapper\Utils\DaxToken.Generated.cs(54,10): warning CS1591: Missing XML comment for publicly visible type or member 'DaxToken.CONTAINS' [D:\PROJ\TabularEditor_J-audit-v02\TOMWrapper\TOMWrapper.csproj]
D:\PROJ\TabularEditor_J-audit-v02\TOMWrapper\Utils\DaxToken.Generated.cs(55,10): warning CS1591: Missing XML comment for publicly visible type or member 'DaxToken.CONTAINSROW' [D:\PROJ\TabularEditor_J-audit-v02\TOMWrapper\TOMWrapper.csproj]
D:\PROJ\TabularEditor_J-audit-v02\TOMWrapper\Utils\DaxToken.Generated.cs(56,10): warning CS1591: Missing XML comment for publicly visible type or member 'DaxToken.CONTAINSSTRING' [D:\PROJ\TabularEditor_J-audit-v02\TOMWrapper\TOMWrapper.csproj]
D:\PROJ\TabularEditor_J-audit-v02\TOMWrapper\Utils\DaxToken.Generated.cs(57,10): warning CS1591: Missing XML comment for publicly visible type or member 'DaxToken.CONTAINSSTRINGEXACT' [D:\PROJ\TabularEditor_J-audit-v02\TOMWrapper\TOMWrapper.csproj]
D:\PROJ\TabularEditor_J-audit-v02\TOMWrapper\Utils\DaxToken.Generated.cs(58,10): warning CS1591: Missing XML comment for publicly visible type or member 'DaxToken.CONVERT' [D:\PROJ\TabularEditor_J-audit-v02\TOMWrapper\TOMWrapper.csproj]
D:\PROJ\TabularEditor_J-audit-v02\TOMWrapper\Utils\DaxToken.Generated.cs(59,10): warning CS1591: Missing XML comment for publicly visible type or member 'DaxToken.COS' [D:\PROJ\TabularEditor_J-audit-v02\TOMWrapper\TOMWrapper.csproj]
D:\PROJ\TabularEditor_J-audit-v02\TOMWrapper\Utils\DaxToken.Generated.cs(60,10): warning CS1591: Missing XML comment for publicly visible type or member 'DaxToken.COSH' [D:\PROJ\TabularEditor_J-audit-v02\TOMWrapper\TOMWrapper.csproj]
D:\PROJ\TabularEditor_J-audit-v02\TOMWrapper\Utils\DaxToken.Generated.cs(61,10): warning CS1591: Missing XML comment for publicly visible type or member 'DaxToken.COT' [D:\PROJ\TabularEditor_J-audit-v02\TOMWrapper\TOMWrapper.csproj]
D:\PROJ\TabularEditor_J-audit-v02\TOMWrapper\Utils\DaxToken.Generated.cs(62,10): warning CS1591: Missing XML comment for publicly visible type or member 'DaxToken.COTH' [D:\PROJ\TabularEditor_J-audit-v02\TOMWrapper\TOMWrapper.csproj]
D:\PROJ\TabularEditor_J-audit-v02\TOMWrapper\Utils\DaxToken.Generated.cs(63,10): warning CS1591: Missing XML comment for publicly visible type or member 'DaxToken.COUNT' [D:\PROJ\TabularEditor_J-audit-v02\TOMWrapper\TOMWrapper.csproj]
D:\PROJ\TabularEditor_J-audit-v02\TOMWrapper\Utils\DaxToken.Generated.cs(64,10): warning CS1591: Missing XML comment for publicly visible type or member 'DaxToken.COUNTA' [D:\PROJ\TabularEditor_J-audit-v02\TOMWrapper\TOMWrapper.csproj]
D:\PROJ\TabularEditor_J-audit-v02\TOMWrapper\Utils\DaxToken.Generated.cs(65,10): warning CS1591: Missing XML comment for publicly visible type or member 'DaxToken.COUNTAX' [D:\PROJ\TabularEditor_J-audit-v02\TOMWrapper\TOMWrapper.csproj]
D:\PROJ\TabularEditor_J-audit-v02\TOMWrapper\Utils\DaxToken.Generated.cs(66,10): warning CS1591: Missing XML comment for publicly visible type or member 'DaxToken.COUNTBLANK' [D:\PROJ\TabularEditor_J-audit-v02\TOMWrapper\TOMWrapper.csproj]
D:\PROJ\TabularEditor_J-audit-v02\TOMWrapper\Utils\DaxToken.Generated.cs(67,10): warning CS1591: Missing XML comment for publicly visible type or member 'DaxToken.COUNTROWS' [D:\PROJ\TabularEditor_J-audit-v02\TOMWrapper\TOMWrapper.csproj]
D:\PROJ\TabularEditor_J-audit-v02\TOMWrapper\Utils\DaxToken.Generated.cs(68,10): warning CS1591: Missing XML comment for publicly visible type or member 'DaxToken.COUNTX' [D:\PROJ\TabularEditor_J-audit-v02\TOMWrapper\TOMWrapper.csproj]
D:\PROJ\TabularEditor_J-audit-v02\TOMWrapper\Utils\DaxToken.Generated.cs(69,10): warning CS1591: Missing XML comment for publicly visible type or member 'DaxToken.CROSSFILTER' [D:\PROJ\TabularEditor_J-audit-v02\TOMWrapper\TOMWrapper.csproj]
D:\PROJ\TabularEditor_J-audit-v02\TOMWrapper\Utils\DaxToken.Generated.cs(70,10): warning CS1591: Missing XML comment for publicly visible type or member 'DaxToken.CROSSJOIN' [D:\PROJ\TabularEditor_J-audit-v02\TOMWrapper\TOMWrapper.csproj]
D:\PROJ\TabularEditor_J-audit-v02\TOMWrapper\Utils\DaxToken.Generated.cs(71,10): warning CS1591: Missing XML comment for publicly visible type or member 'DaxToken.CURRENCY' [D:\PROJ\TabularEditor_J-audit-v02\TOMWrapper\TOMWrapper.csproj]
D:\PROJ\TabularEditor_J-audit-v02\TOMWrapper\Utils\DaxToken.Generated.cs(72,10): warning CS1591: Missing XML comment for publicly visible type or member 'DaxToken.CURRENTGROUP' [D:\PROJ\TabularEditor_J-audit-v02\TOMWrapper\TOMWrapper.csproj]
D:\PROJ\TabularEditor_J-audit-v02\TOMWrapper\Utils\DaxToken.Generated.cs(73,10): warning CS1591: Missing XML comment for publicly visible type or member 'DaxToken.CUSTOMDATA' [D:\PROJ\TabularEditor_J-audit-v02\TOMWrapper\TOMWrapper.csproj]
D:\PROJ\TabularEditor_J-audit-v02\TOMWrapper\Utils\DaxToken.Generated.cs(74,10): warning CS1591: Missing XML comment for publicly visible type or member 'DaxToken.DATATABLE' [D:\PROJ\TabularEditor_J-audit-v02\TOMWrapper\TOMWrapper.csproj]
D:\PROJ\TabularEditor_J-audit-v02\TOMWrapper\Utils\DaxToken.Generated.cs(75,10): warning CS1591: Missing XML comment for publicly visible type or member 'DaxToken.DATE' [D:\PROJ\TabularEditor_J-audit-v02\TOMWrapper\TOMWrapper.csproj]
D:\PROJ\TabularEditor_J-audit-v02\TOMWrapper\Utils\DaxToken.Generated.cs(76,10): warning CS1591: Missing XML comment for publicly visible type or member 'DaxToken.DATEADD' [D:\PROJ\TabularEditor_J-audit-v02\TOMWrapper\TOMWrapper.csproj]
D:\PROJ\TabularEditor_J-audit-v02\TOMWrapper\Utils\DaxToken.Generated.cs(77,10): warning CS1591: Missing XML comment for publicly visible type or member 'DaxToken.DATEDIFF' [D:\PROJ\TabularEditor_J-audit-v02\TOMWrapper\TOMWrapper.csproj]
D:\PROJ\TabularEditor_J-audit-v02\TOMWrapper\Utils\DaxToken.Generated.cs(78,10): warning CS1591: Missing XML comment for publicly visible type or member 'DaxToken.DATESBETWEEN' [D:\PROJ\TabularEditor_J-audit-v02\TOMWrapper\TOMWrapper.csproj]
D:\PROJ\TabularEditor_J-audit-v02\TOMWrapper\Utils\DaxToken.Generated.cs(79,10): warning CS1591: Missing XML comment for publicly visible type or member 'DaxToken.DATESINPERIOD' [D:\PROJ\TabularEditor_J-audit-v02\TOMWrapper\TOMWrapper.csproj]
D:\PROJ\TabularEditor_J-audit-v02\TOMWrapper\Utils\DaxToken.Generated.cs(80,10): warning CS1591: Missing XML comment for publicly visible type or member 'DaxToken.DATESMTD' [D:\PROJ\TabularEditor_J-audit-v02\TOMWrapper\TOMWrapper.csproj]
D:\PROJ\TabularEditor_J-audit-v02\TOMWrapper\Utils\DaxToken.Generated.cs(81,10): warning CS1591: Missing XML comment for publicly visible type or member 'DaxToken.DATESQTD' [D:\PROJ\TabularEditor_J-audit-v02\TOMWrapper\TOMWrapper.csproj]
D:\PROJ\TabularEditor_J-audit-v02\TOMWrapper\Utils\DaxToken.Generated.cs(82,10): warning CS1591: Missing XML comment for publicly visible type or member 'DaxToken.DATESYTD' [D:\PROJ\TabularEditor_J-audit-v02\TOMWrapper\TOMWrapper.csproj]
D:\PROJ\TabularEditor_J-audit-v02\TOMWrapper\Utils\DaxToken.Generated.cs(83,10): warning CS1591: Missing XML comment for publicly visible type or member 'DaxToken.DATEVALUE' [D:\PROJ\TabularEditor_J-audit-v02\TOMWrapper\TOMWrapper.csproj]
D:\PROJ\TabularEditor_J-audit-v02\TOMWrapper\Utils\DaxToken.Generated.cs(84,10): warning CS1591: Missing XML comment for publicly visible type or member 'DaxToken.DAY' [D:\PROJ\TabularEditor_J-audit-v02\TOMWrapper\TOMWrapper.csproj]
D:\PROJ\TabularEditor_J-audit-v02\TOMWrapper\Utils\DaxToken.Generated.cs(85,10): warning CS1591: Missing XML comment for publicly visible type or member 'DaxToken.DEGREES' [D:\PROJ\TabularEditor_J-audit-v02\TOMWrapper\TOMWrapper.csproj]
D:\PROJ\TabularEditor_J-audit-v02\TOMWrapper\Utils\DaxToken.Generated.cs(86,10): warning CS1591: Missing XML comment for publicly visible type or member 'DaxToken.DETAILROWS' [D:\PROJ\TabularEditor_J-audit-v02\TOMWrapper\TOMWrapper.csproj]
D:\PROJ\TabularEditor_J-audit-v02\TOMWrapper\Utils\DaxToken.Generated.cs(87,10): warning CS1591: Missing XML comment for publicly visible type or member 'DaxToken.DISTINCT' [D:\PROJ\TabularEditor_J-audit-v02\TOMWrapper\TOMWrapper.csproj]
D:\PROJ\TabularEditor_J-audit-v02\TOMWrapper\Utils\DaxToken.Generated.cs(88,10): warning CS1591: Missing XML comment for publicly visible type or member 'DaxToken.DISTINCTCOUNT' [D:\PROJ\TabularEditor_J-audit-v02\TOMWrapper\TOMWrapper.csproj]
D:\PROJ\TabularEditor_J-audit-v02\TOMWrapper\Utils\DaxToken.Generated.cs(89,10): warning CS1591: Missing XML comment for publicly visible type or member 'DaxToken.DISTINCTCOUNTNOBLANK' [D:\PROJ\TabularEditor_J-audit-v02\TOMWrapper\TOMWrapper.csproj]
D:\PROJ\TabularEditor_J-audit-v02\TOMWrapper\Utils\DaxToken.Generated.cs(90,10): warning CS1591: Missing XML comment for publicly visible type or member 'DaxToken.DIVIDE' [D:\PROJ\TabularEditor_J-audit-v02\TOMWrapper\TOMWrapper.csproj]
D:\PROJ\TabularEditor_J-audit-v02\TOMWrapper\Utils\DaxToken.Generated.cs(91,10): warning CS1591: Missing XML comment for publicly visible type or member 'DaxToken.EARLIER' [D:\PROJ\TabularEditor_J-audit-v02\TOMWrapper\TOMWrapper.csproj]
D:\PROJ\TabularEditor_J-audit-v02\TOMWrapper\Utils\DaxToken.Generated.cs(92,10): warning CS1591: Missing XML comment for publicly visible type or member 'DaxToken.EARLIEST' [D:\PROJ\TabularEditor_J-audit-v02\TOMWrapper\TOMWrapper.csproj]
D:\PROJ\TabularEditor_J-audit-v02\TOMWrapper\Utils\DaxToken.Generated.cs(93,10): warning CS1591: Missing XML comment for publicly visible type or member 'DaxToken.EDATE' [D:\PROJ\TabularEditor_J-audit-v02\TOMWrapper\TOMWrapper.csproj]
D:\PROJ\TabularEditor_J-audit-v02\TOMWrapper\Utils\DaxToken.Generated.cs(94,10): warning CS1591: Missing XML comment for publicly visible type or member 'DaxToken.ENDOFMONTH' [D:\PROJ\TabularEditor_J-audit-v02\TOMWrapper\TOMWrapper.csproj]
D:\PROJ\TabularEditor_J-audit-v02\TOMWrapper\Utils\DaxToken.Generated.cs(95,10): warning CS1591: Missing XML comment for publicly visible type or member 'DaxToken.ENDOFQUARTER' [D:\PROJ\TabularEditor_J-audit-v02\TOMWrapper\TOMWrapper.csproj]
D:\PROJ\TabularEditor_J-audit-v02\TOMWrapper\Utils\DaxToken.Generated.cs(96,10): warning CS1591: Missing XML comment for publicly visible type or member 'DaxToken.ENDOFYEAR' [D:\PROJ\TabularEditor_J-audit-v02\TOMWrapper\TOMWrapper.csproj]
D:\PROJ\TabularEditor_J-audit-v02\TOMWrapper\Utils\DaxToken.Generated.cs(97,10): warning CS1591: Missing XML comment for publicly visible type or member 'DaxToken.EOMONTH' [D:\PROJ\TabularEditor_J-audit-v02\TOMWrapper\TOMWrapper.csproj]
D:\PROJ\TabularEditor_J-audit-v02\TOMWrapper\Utils\DaxToken.Generated.cs(98,10): warning CS1591: Missing XML comment for publicly visible type or member 'DaxToken.ERROR' [D:\PROJ\TabularEditor_J-audit-v02\TOMWrapper\TOMWrapper.csproj]
D:\PROJ\TabularEditor_J-audit-v02\TOMWrapper\Utils\DaxToken.Generated.cs(99,10): warning CS1591: Missing XML comment for publicly visible type or member 'DaxToken.EVEN' [D:\PROJ\TabularEditor_J-audit-v02\TOMWrapper\TOMWrapper.csproj]
D:\PROJ\TabularEditor_J-audit-v02\TOMWrapper\Utils\DaxToken.Generated.cs(100,10): warning CS1591: Missing XML comment for publicly visible type or member 'DaxToken.EXACT' [D:\PROJ\TabularEditor_J-audit-v02\TOMWrapper\TOMWrapper.csproj]
D:\PROJ\TabularEditor_J-audit-v02\TOMWrapper\Utils\DaxToken.Generated.cs(101,10): warning CS1591: Missing XML comment for publicly visible type or member 'DaxToken.EXCEPT' [D:\PROJ\TabularEditor_J-audit-v02\TOMWrapper\TOMWrapper.csproj]
D:\PROJ\TabularEditor_J-audit-v02\TOMWrapper\Utils\DaxToken.Generated.cs(102,10): warning CS1591: Missing XML comment for publicly visible type or member 'DaxToken.EXP' [D:\PROJ\TabularEditor_J-audit-v02\TOMWrapper\TOMWrapper.csproj]
D:\PROJ\TabularEditor_J-audit-v02\TOMWrapper\Utils\DaxToken.Generated.cs(103,10): warning CS1591: Missing XML comment for publicly visible type or member 'DaxToken.EXPONDIST' [D:\PROJ\TabularEditor_J-audit-v02\TOMWrapper\TOMWrapper.csproj]
D:\PROJ\TabularEditor_J-audit-v02\TOMWrapper\Utils\DaxToken.Generated.cs(104,10): warning CS1591: Missing XML comment for publicly visible type or member 'DaxToken.FACT' [D:\PROJ\TabularEditor_J-audit-v02\TOMWrapper\TOMWrapper.csproj]
D:\PROJ\TabularEditor_J-audit-v02\TOMWrapper\Utils\DaxToken.Generated.cs(105,10): warning CS1591: Missing XML comment for publicly visible type or member 'DaxToken.FALSE' [D:\PROJ\TabularEditor_J-audit-v02\TOMWrapper\TOMWrapper.csproj]
D:\PROJ\TabularEditor_J-audit-v02\TOMWrapper\Utils\DaxToken.Generated.cs(106,10): warning CS1591: Missing XML comment for publicly visible type or member 'DaxToken.FILTER' [D:\PROJ\TabularEditor_J-audit-v02\TOMWrapper\TOMWrapper.csproj]
D:\PROJ\TabularEditor_J-audit-v02\TOMWrapper\Utils\DaxToken.Generated.cs(107,10): warning CS1591: Missing XML comment for publicly visible type or member 'DaxToken.FILTERS' [D:\PROJ\TabularEditor_J-audit-v02\TOMWrapper\TOMWrapper.csproj]
D:\PROJ\TabularEditor_J-audit-v02\TOMWrapper\Utils\DaxToken.Generated.cs(108,10): warning CS1591: Missing XML comment for publicly visible type or member 'DaxToken.FIND' [D:\PROJ\TabularEditor_J-audit-v02\TOMWrapper\TOMWrapper.csproj]
D:\PROJ\TabularEditor_J-audit-v02\TOMWrapper\Utils\DaxToken.Generated.cs(109,10): warning CS1591: Missing XML comment for publicly visible type or member 'DaxToken.FIRSTDATE' [D:\PROJ\TabularEditor_J-audit-v02\TOMWrapper\TOMWrapper.csproj]
D:\PROJ\TabularEditor_J-audit-v02\TOMWrapper\Utils\DaxToken.Generated.cs(110,10): warning CS1591: Missing XML comment for publicly visible type or member 'DaxToken.FIRSTNONBLANK' [D:\PROJ\TabularEditor_J-audit-v02\TOMWrapper\TOMWrapper.csproj]
D:\PROJ\TabularEditor_J-audit-v02\TOMWrapper\Utils\DaxToken.Generated.cs(111,10): warning CS1591: Missing XML comment for publicly visible type or member 'DaxToken.FIRSTNONBLANKVALUE' [D:\PROJ\TabularEditor_J-audit-v02\TOMWrapper\TOMWrapper.csproj]
D:\PROJ\TabularEditor_J-audit-v02\TOMWrapper\Utils\DaxToken.Generated.cs(112,10): warning CS1591: Missing XML comment for publicly visible type or member 'DaxToken.FIXED' [D:\PROJ\TabularEditor_J-audit-v02\TOMWrapper\TOMWrapper.csproj]
D:\PROJ\TabularEditor_J-audit-v02\TOMWrapper\Utils\DaxToken.Generated.cs(113,10): warning CS1591: Missing XML comment for publicly visible type or member 'DaxToken.FLOOR' [D:\PROJ\TabularEditor_J-audit-v02\TOMWrapper\TOMWrapper.csproj]
D:\PROJ\TabularEditor_J-audit-v02\TOMWrapper\Utils\DaxToken.Generated.cs(114,10): warning CS1591: Missing XML comment for publicly visible type or member 'DaxToken.FORMAT' [D:\PROJ\TabularEditor_J-audit-v02\TOMWrapper\TOMWrapper.csproj]
D:\PROJ\TabularEditor_J-audit-v02\TOMWrapper\Utils\DaxToken.Generated.cs(115,10): warning CS1591: Missing XML comment for publicly visible type or member 'DaxToken.GCD' [D:\PROJ\TabularEditor_J-audit-v02\TOMWrapper\TOMWrapper.csproj]
D:\PROJ\TabularEditor_J-audit-v02\TOMWrapper\Utils\DaxToken.Generated.cs(116,10): warning CS1591: Missing XML comment for publicly visible type or member 'DaxToken.GENERATE' [D:\PROJ\TabularEditor_J-audit-v02\TOMWrapper\TOMWrapper.csproj]
D:\PROJ\TabularEditor_J-audit-v02\TOMWrapper\Utils\DaxToken.Generated.cs(117,10): warning CS1591: Missing XML comment for publicly visible type or member 'DaxToken.GENERATEALL' [D:\PROJ\TabularEditor_J-audit-v02\TOMWrapper\TOMWrapper.csproj]
D:\PROJ\TabularEditor_J-audit-v02\TOMWrapper\Utils\DaxToken.Generated.cs(118,10): warning CS1591: Missing XML comment for publicly visible type or member 'DaxToken.GENERATESERIES' [D:\PROJ\TabularEditor_J-audit-v02\TOMWrapper\TOMWrapper.csproj]
D:\PROJ\TabularEditor_J-audit-v02\TOMWrapper\Utils\DaxToken.Generated.cs(119,10): warning CS1591: Missing XML comment for publicly visible type or member 'DaxToken.GEOMEAN' [D:\PROJ\TabularEditor_J-audit-v02\TOMWrapper\TOMWrapper.csproj]
D:\PROJ\TabularEditor_J-audit-v02\TOMWrapper\Utils\DaxToken.Generated.cs(120,10): warning CS1591: Missing XML comment for publicly visible type or member 'DaxToken.GEOMEANX' [D:\PROJ\TabularEditor_J-audit-v02\TOMWrapper\TOMWrapper.csproj]
D:\PROJ\TabularEditor_J-audit-v02\TOMWrapper\Utils\DaxToken.Generated.cs(121,10): warning CS1591: Missing XML comment for publicly visible type or member 'DaxToken.GROUPBY' [D:\PROJ\TabularEditor_J-audit-v02\TOMWrapper\TOMWrapper.csproj]
D:\PROJ\TabularEditor_J-audit-v02\TOMWrapper\Utils\DaxToken.Generated.cs(122,10): warning CS1591: Missing XML comment for publicly visible type or member 'DaxToken.HASONEFILTER' [D:\PROJ\TabularEditor_J-audit-v02\TOMWrapper\TOMWrapper.csproj]
D:\PROJ\TabularEditor_J-audit-v02\TOMWrapper\Utils\DaxToken.Generated.cs(123,10): warning CS1591: Missing XML comment for publicly visible type or member 'DaxToken.HASONEVALUE' [D:\PROJ\TabularEditor_J-audit-v02\TOMWrapper\TOMWrapper.csproj]
D:\PROJ\TabularEditor_J-audit-v02\TOMWrapper\Utils\DaxToken.Generated.cs(124,10): warning CS1591: Missing XML comment for publicly visible type or member 'DaxToken.HOUR' [D:\PROJ\TabularEditor_J-audit-v02\TOMWrapper\TOMWrapper.csproj]
D:\PROJ\TabularEditor_J-audit-v02\TOMWrapper\Utils\DaxToken.Generated.cs(125,10): warning CS1591: Missing XML comment for publicly visible type or member 'DaxToken.IF' [D:\PROJ\TabularEditor_J-audit-v02\TOMWrapper\TOMWrapper.csproj]
D:\PROJ\TabularEditor_J-audit-v02\TOMWrapper\Utils\DaxToken.Generated.cs(126,10): warning CS1591: Missing XML comment for publicly visible type or member 'DaxToken.IFEAGER' [D:\PROJ\TabularEditor_J-audit-v02\TOMWrapper\TOMWrapper.csproj]
D:\PROJ\TabularEditor_J-audit-v02\TOMWrapper\Utils\DaxToken.Generated.cs(127,10): warning CS1591: Missing XML comment for publicly visible type or member 'DaxToken.IFERROR' [D:\PROJ\TabularEditor_J-audit-v02\TOMWrapper\TOMWrapper.csproj]
D:\PROJ\TabularEditor_J-audit-v02\TOMWrapper\Utils\DaxToken.Generated.cs(128,10): warning CS1591: Missing XML comment for publicly visible type or member 'DaxToken.IGNORE' [D:\PROJ\TabularEditor_J-audit-v02\TOMWrapper\TOMWrapper.csproj]
D:\PROJ\TabularEditor_J-audit-v02\TOMWrapper\Utils\DaxToken.Generated.cs(129,10): warning CS1591: Missing XML comment for publicly visible type or member 'DaxToken.INT' [D:\PROJ\TabularEditor_J-audit-v02\TOMWrapper\TOMWrapper.csproj]
D:\PROJ\TabularEditor_J-audit-v02\TOMWrapper\Utils\DaxToken.Generated.cs(130,10): warning CS1591: Missing XML comment for publicly visible type or member 'DaxToken.INTERSECT' [D:\PROJ\TabularEditor_J-audit-v02\TOMWrapper\TOMWrapper.csproj]
D:\PROJ\TabularEditor_J-audit-v02\TOMWrapper\Utils\DaxToken.Generated.cs(131,10): warning CS1591: Missing XML comment for publicly visible type or member 'DaxToken.ISBLANK' [D:\PROJ\TabularEditor_J-audit-v02\TOMWrapper\TOMWrapper.csproj]
D:\PROJ\TabularEditor_J-audit-v02\TOMWrapper\Utils\DaxToken.Generated.cs(132,10): warning CS1591: Missing XML comment for publicly visible type or member 'DaxToken.ISCROSSFILTERED' [D:\PROJ\TabularEditor_J-audit-v02\TOMWrapper\TOMWrapper.csproj]
D:\PROJ\TabularEditor_J-audit-v02\TOMWrapper\Utils\DaxToken.Generated.cs(133,10): warning CS1591: Missing XML comment for publicly visible type or member 'DaxToken.ISEMPTY' [D:\PROJ\TabularEditor_J-audit-v02\TOMWrapper\TOMWrapper.csproj]
D:\PROJ\TabularEditor_J-audit-v02\TOMWrapper\Utils\DaxToken.Generated.cs(134,10): warning CS1591: Missing XML comment for publicly visible type or member 'DaxToken.ISERROR' [D:\PROJ\TabularEditor_J-audit-v02\TOMWrapper\TOMWrapper.csproj]
D:\PROJ\TabularEditor_J-audit-v02\TOMWrapper\Utils\DaxToken.Generated.cs(135,10): warning CS1591: Missing XML comment for publicly visible type or member 'DaxToken.ISEVEN' [D:\PROJ\TabularEditor_J-audit-v02\TOMWrapper\TOMWrapper.csproj]
D:\PROJ\TabularEditor_J-audit-v02\TOMWrapper\Utils\DaxToken.Generated.cs(136,10): warning CS1591: Missing XML comment for publicly visible type or member 'DaxToken.ISFILTERED' [D:\PROJ\TabularEditor_J-audit-v02\TOMWrapper\TOMWrapper.csproj]
D:\PROJ\TabularEditor_J-audit-v02\TOMWrapper\Utils\DaxToken.Generated.cs(137,10): warning CS1591: Missing XML comment for publicly visible type or member 'DaxToken.ISINSCOPE' [D:\PROJ\TabularEditor_J-audit-v02\TOMWrapper\TOMWrapper.csproj]
D:\PROJ\TabularEditor_J-audit-v02\TOMWrapper\Utils\DaxToken.Generated.cs(138,10): warning CS1591: Missing XML comment for publicly visible type or member 'DaxToken.ISLOGICAL' [D:\PROJ\TabularEditor_J-audit-v02\TOMWrapper\TOMWrapper.csproj]
D:\PROJ\TabularEditor_J-audit-v02\TOMWrapper\Utils\DaxToken.Generated.cs(139,10): warning CS1591: Missing XML comment for publicly visible type or member 'DaxToken.ISNONTEXT' [D:\PROJ\TabularEditor_J-audit-v02\TOMWrapper\TOMWrapper.csproj]
D:\PROJ\TabularEditor_J-audit-v02\TOMWrapper\Utils\DaxToken.Generated.cs(140,10): warning CS1591: Missing XML comment for publicly visible type or member 'DaxToken.ISNUMBER' [D:\PROJ\TabularEditor_J-audit-v02\TOMWrapper\TOMWrapper.csproj]
D:\PROJ\TabularEditor_J-audit-v02\TOMWrapper\Utils\DaxToken.Generated.cs(141,10): warning CS1591: Missing XML comment for publicly visible type or member 'DaxToken.ISOCEILING' [D:\PROJ\TabularEditor_J-audit-v02\TOMWrapper\TOMWrapper.csproj]
D:\PROJ\TabularEditor_J-audit-v02\TOMWrapper\Utils\DaxToken.Generated.cs(142,10): warning CS1591: Missing XML comment for publicly visible type or member 'DaxToken.ISODD' [D:\PROJ\TabularEditor_J-audit-v02\TOMWrapper\TOMWrapper.csproj]
D:\PROJ\TabularEditor_J-audit-v02\TOMWrapper\Utils\DaxToken.Generated.cs(143,10): warning CS1591: Missing XML comment for publicly visible type or member 'DaxToken.ISONORAFTER' [D:\PROJ\TabularEditor_J-audit-v02\TOMWrapper\TOMWrapper.csproj]
D:\PROJ\TabularEditor_J-audit-v02\TOMWrapper\Utils\DaxToken.Generated.cs(144,10): warning CS1591: Missing XML comment for publicly visible type or member 'DaxToken.ISSELECTEDMEASURE' [D:\PROJ\TabularEditor_J-audit-v02\TOMWrapper\TOMWrapper.csproj]
D:\PROJ\TabularEditor_J-audit-v02\TOMWrapper\Utils\DaxToken.Generated.cs(145,10): warning CS1591: Missing XML comment for publicly visible type or member 'DaxToken.ISSUBTOTAL' [D:\PROJ\TabularEditor_J-audit-v02\TOMWrapper\TOMWrapper.csproj]
D:\PROJ\TabularEditor_J-audit-v02\TOMWrapper\Utils\DaxToken.Generated.cs(146,10): warning CS1591: Missing XML comment for publicly visible type or member 'DaxToken.ISTEXT' [D:\PROJ\TabularEditor_J-audit-v02\TOMWrapper\TOMWrapper.csproj]
D:\PROJ\TabularEditor_J-audit-v02\TOMWrapper\Utils\DaxToken.Generated.cs(147,10): warning CS1591: Missing XML comment for publicly visible type or member 'DaxToken.KEEPFILTERS' [D:\PROJ\TabularEditor_J-audit-v02\TOMWrapper\TOMWrapper.csproj]
D:\PROJ\TabularEditor_J-audit-v02\TOMWrapper\Utils\DaxToken.Generated.cs(148,10): warning CS1591: Missing XML comment for publicly visible type or member 'DaxToken.KEYWORDMATCH' [D:\PROJ\TabularEditor_J-audit-v02\TOMWrapper\TOMWrapper.csproj]
D:\PROJ\TabularEditor_J-audit-v02\TOMWrapper\Utils\DaxToken.Generated.cs(149,10): warning CS1591: Missing XML comment for publicly visible type or member 'DaxToken.LASTDATE' [D:\PROJ\TabularEditor_J-audit-v02\TOMWrapper\TOMWrapper.csproj]
D:\PROJ\TabularEditor_J-audit-v02\TOMWrapper\Utils\DaxToken.Generated.cs(150,10): warning CS1591: Missing XML comment for publicly visible type or member 'DaxToken.LASTNONBLANK' [D:\PROJ\TabularEditor_J-audit-v02\TOMWrapper\TOMWrapper.csproj]
D:\PROJ\TabularEditor_J-audit-v02\TOMWrapper\Utils\DaxToken.Generated.cs(151,10): warning CS1591: Missing XML comment for publicly visible type or member 'DaxToken.LASTNONBLANKVALUE' [D:\PROJ\TabularEditor_J-audit-v02\TOMWrapper\TOMWrapper.csproj]
D:\PROJ\TabularEditor_J-audit-v02\TOMWrapper\Utils\DaxToken.Generated.cs(152,10): warning CS1591: Missing XML comment for publicly visible type or member 'DaxToken.LCM' [D:\PROJ\TabularEditor_J-audit-v02\TOMWrapper\TOMWrapper.csproj]
D:\PROJ\TabularEditor_J-audit-v02\TOMWrapper\Utils\DaxToken.Generated.cs(153,10): warning CS1591: Missing XML comment for publicly visible type or member 'DaxToken.LEFT' [D:\PROJ\TabularEditor_J-audit-v02\TOMWrapper\TOMWrapper.csproj]
D:\PROJ\TabularEditor_J-audit-v02\TOMWrapper\Utils\DaxToken.Generated.cs(154,10): warning CS1591: Missing XML comment for publicly visible type or member 'DaxToken.LEN' [D:\PROJ\TabularEditor_J-audit-v02\TOMWrapper\TOMWrapper.csproj]
D:\PROJ\TabularEditor_J-audit-v02\TOMWrapper\Utils\DaxToken.Generated.cs(155,10): warning CS1591: Missing XML comment for publicly visible type or member 'DaxToken.LN' [D:\PROJ\TabularEditor_J-audit-v02\TOMWrapper\TOMWrapper.csproj]
D:\PROJ\TabularEditor_J-audit-v02\TOMWrapper\Utils\DaxToken.Generated.cs(156,10): warning CS1591: Missing XML comment for publicly visible type or member 'DaxToken.LOG' [D:\PROJ\TabularEditor_J-audit-v02\TOMWrapper\TOMWrapper.csproj]
D:\PROJ\TabularEditor_J-audit-v02\TOMWrapper\Utils\DaxToken.Generated.cs(157,10): warning CS1591: Missing XML comment for publicly visible type or member 'DaxToken.LOG10' [D:\PROJ\TabularEditor_J-audit-v02\TOMWrapper\TOMWrapper.csproj]
D:\PROJ\TabularEditor_J-audit-v02\TOMWrapper\Utils\DaxToken.Generated.cs(158,10): warning CS1591: Missing XML comment for publicly visible type or member 'DaxToken.LOOKUPVALUE' [D:\PROJ\TabularEditor_J-audit-v02\TOMWrapper\TOMWrapper.csproj]
D:\PROJ\TabularEditor_J-audit-v02\TOMWrapper\Utils\DaxToken.Generated.cs(159,10): warning CS1591: Missing XML comment for publicly visible type or member 'DaxToken.LOWER' [D:\PROJ\TabularEditor_J-audit-v02\TOMWrapper\TOMWrapper.csproj]
D:\PROJ\TabularEditor_J-audit-v02\TOMWrapper\Utils\DaxToken.Generated.cs(160,10): warning CS1591: Missing XML comment for publicly visible type or member 'DaxToken.MAX' [D:\PROJ\TabularEditor_J-audit-v02\TOMWrapper\TOMWrapper.csproj]
D:\PROJ\TabularEditor_J-audit-v02\TOMWrapper\Utils\DaxToken.Generated.cs(161,10): warning CS1591: Missing XML comment for publicly visible type or member 'DaxToken.MAXA' [D:\PROJ\TabularEditor_J-audit-v02\TOMWrapper\TOMWrapper.csproj]
D:\PROJ\TabularEditor_J-audit-v02\TOMWrapper\Utils\DaxToken.Generated.cs(162,10): warning CS1591: Missing XML comment for publicly visible type or member 'DaxToken.MAXX' [D:\PROJ\TabularEditor_J-audit-v02\TOMWrapper\TOMWrapper.csproj]
D:\PROJ\TabularEditor_J-audit-v02\TOMWrapper\Utils\DaxToken.Generated.cs(163,10): warning CS1591: Missing XML comment for publicly visible type or member 'DaxToken.MEDIAN' [D:\PROJ\TabularEditor_J-audit-v02\TOMWrapper\TOMWrapper.csproj]
D:\PROJ\TabularEditor_J-audit-v02\TOMWrapper\Utils\DaxToken.Generated.cs(164,10): warning CS1591: Missing XML comment for publicly visible type or member 'DaxToken.MEDIANX' [D:\PROJ\TabularEditor_J-audit-v02\TOMWrapper\TOMWrapper.csproj]
D:\PROJ\TabularEditor_J-audit-v02\TOMWrapper\Utils\DaxToken.Generated.cs(165,10): warning CS1591: Missing XML comment for publicly visible type or member 'DaxToken.MID' [D:\PROJ\TabularEditor_J-audit-v02\TOMWrapper\TOMWrapper.csproj]
D:\PROJ\TabularEditor_J-audit-v02\TOMWrapper\Utils\DaxToken.Generated.cs(166,10): warning CS1591: Missing XML comment for publicly visible type or member 'DaxToken.MIN' [D:\PROJ\TabularEditor_J-audit-v02\TOMWrapper\TOMWrapper.csproj]
D:\PROJ\TabularEditor_J-audit-v02\TOMWrapper\Utils\DaxToken.Generated.cs(167,10): warning CS1591: Missing XML comment for publicly visible type or member 'DaxToken.MINA' [D:\PROJ\TabularEditor_J-audit-v02\TOMWrapper\TOMWrapper.csproj]
D:\PROJ\TabularEditor_J-audit-v02\TOMWrapper\Utils\DaxToken.Generated.cs(168,10): warning CS1591: Missing XML comment for publicly visible type or member 'DaxToken.MINUTE' [D:\PROJ\TabularEditor_J-audit-v02\TOMWrapper\TOMWrapper.csproj]
D:\PROJ\TabularEditor_J-audit-v02\TOMWrapper\Utils\DaxToken.Generated.cs(169,10): warning CS1591: Missing XML comment for publicly visible type or member 'DaxToken.MINX' [D:\PROJ\TabularEditor_J-audit-v02\TOMWrapper\TOMWrapper.csproj]
D:\PROJ\TabularEditor_J-audit-v02\TOMWrapper\Utils\DaxToken.Generated.cs(170,10): warning CS1591: Missing XML comment for publicly visible type or member 'DaxToken.MOD' [D:\PROJ\TabularEditor_J-audit-v02\TOMWrapper\TOMWrapper.csproj]
D:\PROJ\TabularEditor_J-audit-v02\TOMWrapper\Utils\DaxToken.Generated.cs(171,10): warning CS1591: Missing XML comment for publicly visible type or member 'DaxToken.MONTH' [D:\PROJ\TabularEditor_J-audit-v02\TOMWrapper\TOMWrapper.csproj]
D:\PROJ\TabularEditor_J-audit-v02\TOMWrapper\Utils\DaxToken.Generated.cs(172,10): warning CS1591: Missing XML comment for publicly visible type or member 'DaxToken.MROUND' [D:\PROJ\TabularEditor_J-audit-v02\TOMWrapper\TOMWrapper.csproj]
D:\PROJ\TabularEditor_J-audit-v02\TOMWrapper\Utils\DaxToken.Generated.cs(173,10): warning CS1591: Missing XML comment for publicly visible type or member 'DaxToken.NATURALINNERJOIN' [D:\PROJ\TabularEditor_J-audit-v02\TOMWrapper\TOMWrapper.csproj]
D:\PROJ\TabularEditor_J-audit-v02\TOMWrapper\Utils\DaxToken.Generated.cs(174,10): warning CS1591: Missing XML comment for publicly visible type or member 'DaxToken.NATURALLEFTOUTERJOIN' [D:\PROJ\TabularEditor_J-audit-v02\TOMWrapper\TOMWrapper.csproj]
D:\PROJ\TabularEditor_J-audit-v02\TOMWrapper\Utils\DaxToken.Generated.cs(175,10): warning CS1591: Missing XML comment for publicly visible type or member 'DaxToken.NEXTDAY' [D:\PROJ\TabularEditor_J-audit-v02\TOMWrapper\TOMWrapper.csproj]
D:\PROJ\TabularEditor_J-audit-v02\TOMWrapper\Utils\DaxToken.Generated.cs(176,10): warning CS1591: Missing XML comment for publicly visible type or member 'DaxToken.NEXTMONTH' [D:\PROJ\TabularEditor_J-audit-v02\TOMWrapper\TOMWrapper.csproj]
D:\PROJ\TabularEditor_J-audit-v02\TOMWrapper\Utils\DaxToken.Generated.cs(177,10): warning CS1591: Missing XML comment for publicly visible type or member 'DaxToken.NEXTQUARTER' [D:\PROJ\TabularEditor_J-audit-v02\TOMWrapper\TOMWrapper.csproj]
D:\PROJ\TabularEditor_J-audit-v02\TOMWrapper\Utils\DaxToken.Generated.cs(178,10): warning CS1591: Missing XML comment for publicly visible type or member 'DaxToken.NEXTYEAR' [D:\PROJ\TabularEditor_J-audit-v02\TOMWrapper\TOMWrapper.csproj]
D:\PROJ\TabularEditor_J-audit-v02\TOMWrapper\Utils\DaxToken.Generated.cs(179,10): warning CS1591: Missing XML comment for publicly visible type or member 'DaxToken.NONVISUAL' [D:\PROJ\TabularEditor_J-audit-v02\TOMWrapper\TOMWrapper.csproj]
D:\PROJ\TabularEditor_J-audit-v02\TOMWrapper\Utils\DaxToken.Generated.cs(180,10): warning CS1591: Missing XML comment for publicly visible type or member 'DaxToken.NORMDIST' [D:\PROJ\TabularEditor_J-audit-v02\TOMWrapper\TOMWrapper.csproj]
D:\PROJ\TabularEditor_J-audit-v02\TOMWrapper\Utils\DaxToken.Generated.cs(181,10): warning CS1591: Missing XML comment for publicly visible type or member 'DaxToken.NORMINV' [D:\PROJ\TabularEditor_J-audit-v02\TOMWrapper\TOMWrapper.csproj]
D:\PROJ\TabularEditor_J-audit-v02\TOMWrapper\Utils\DaxToken.Generated.cs(182,10): warning CS1591: Missing XML comment for publicly visible type or member 'DaxToken.NORMSDIST' [D:\PROJ\TabularEditor_J-audit-v02\TOMWrapper\TOMWrapper.csproj]
D:\PROJ\TabularEditor_J-audit-v02\TOMWrapper\Utils\DaxToken.Generated.cs(183,10): warning CS1591: Missing XML comment for publicly visible type or member 'DaxToken.NORMSINV' [D:\PROJ\TabularEditor_J-audit-v02\TOMWrapper\TOMWrapper.csproj]
D:\PROJ\TabularEditor_J-audit-v02\TOMWrapper\Utils\DaxToken.Generated.cs(184,10): warning CS1591: Missing XML comment for publicly visible type or member 'DaxToken.NOT' [D:\PROJ\TabularEditor_J-audit-v02\TOMWrapper\TOMWrapper.csproj]
D:\PROJ\TabularEditor_J-audit-v02\TOMWrapper\Utils\DaxToken.Generated.cs(185,10): warning CS1591: Missing XML comment for publicly visible type or member 'DaxToken.NOW' [D:\PROJ\TabularEditor_J-audit-v02\TOMWrapper\TOMWrapper.csproj]
D:\PROJ\TabularEditor_J-audit-v02\TOMWrapper\Utils\DaxToken.Generated.cs(186,10): warning CS1591: Missing XML comment for publicly visible type or member 'DaxToken.ODD' [D:\PROJ\TabularEditor_J-audit-v02\TOMWrapper\TOMWrapper.csproj]
D:\PROJ\TabularEditor_J-audit-v02\TOMWrapper\Utils\DaxToken.Generated.cs(187,10): warning CS1591: Missing XML comment for publicly visible type or member 'DaxToken.OPENINGBALANCEMONTH' [D:\PROJ\TabularEditor_J-audit-v02\TOMWrapper\TOMWrapper.csproj]
D:\PROJ\TabularEditor_J-audit-v02\TOMWrapper\Utils\DaxToken.Generated.cs(188,10): warning CS1591: Missing XML comment for publicly visible type or member 'DaxToken.OPENINGBALANCEQUARTER' [D:\PROJ\TabularEditor_J-audit-v02\TOMWrapper\TOMWrapper.csproj]
D:\PROJ\TabularEditor_J-audit-v02\TOMWrapper\Utils\DaxToken.Generated.cs(189,10): warning CS1591: Missing XML comment for publicly visible type or member 'DaxToken.OPENINGBALANCEYEAR' [D:\PROJ\TabularEditor_J-audit-v02\TOMWrapper\TOMWrapper.csproj]
D:\PROJ\TabularEditor_J-audit-v02\TOMWrapper\Utils\DaxToken.Generated.cs(190,10): warning CS1591: Missing XML comment for publicly visible type or member 'DaxToken.OR' [D:\PROJ\TabularEditor_J-audit-v02\TOMWrapper\TOMWrapper.csproj]
D:\PROJ\TabularEditor_J-audit-v02\TOMWrapper\Utils\DaxToken.Generated.cs(191,10): warning CS1591: Missing XML comment for publicly visible type or member 'DaxToken.PARALLELPERIOD' [D:\PROJ\TabularEditor_J-audit-v02\TOMWrapper\TOMWrapper.csproj]
D:\PROJ\TabularEditor_J-audit-v02\TOMWrapper\Utils\DaxToken.Generated.cs(192,10): warning CS1591: Missing XML comment for publicly visible type or member 'DaxToken.PATH' [D:\PROJ\TabularEditor_J-audit-v02\TOMWrapper\TOMWrapper.csproj]
D:\PROJ\TabularEditor_J-audit-v02\TOMWrapper\Utils\DaxToken.Generated.cs(193,10): warning CS1591: Missing XML comment for publicly visible type or member 'DaxToken.PATHCONTAINS' [D:\PROJ\TabularEditor_J-audit-v02\TOMWrapper\TOMWrapper.csproj]
D:\PROJ\TabularEditor_J-audit-v02\TOMWrapper\Utils\DaxToken.Generated.cs(194,10): warning CS1591: Missing XML comment for publicly visible type or member 'DaxToken.PATHITEM' [D:\PROJ\TabularEditor_J-audit-v02\TOMWrapper\TOMWrapper.csproj]
D:\PROJ\TabularEditor_J-audit-v02\TOMWrapper\Utils\DaxToken.Generated.cs(195,10): warning CS1591: Missing XML comment for publicly visible type or member 'DaxToken.PATHITEMREVERSE' [D:\PROJ\TabularEditor_J-audit-v02\TOMWrapper\TOMWrapper.csproj]
D:\PROJ\TabularEditor_J-audit-v02\TOMWrapper\Utils\DaxToken.Generated.cs(196,10): warning CS1591: Missing XML comment for publicly visible type or member 'DaxToken.PATHLENGTH' [D:\PROJ\TabularEditor_J-audit-v02\TOMWrapper\TOMWrapper.csproj]
D:\PROJ\TabularEditor_J-audit-v02\TOMWrapper\Utils\DaxToken.Generated.cs(197,10): warning CS1591: Missing XML comment for publicly visible type or member 'DaxToken.PERCENTILEEXC' [D:\PROJ\TabularEditor_J-audit-v02\TOMWrapper\TOMWrapper.csproj]
D:\PROJ\TabularEditor_J-audit-v02\TOMWrapper\Utils\DaxToken.Generated.cs(198,10): warning CS1591: Missing XML comment for publicly visible type or member 'DaxToken.PERCENTILEINC' [D:\PROJ\TabularEditor_J-audit-v02\TOMWrapper\TOMWrapper.csproj]
D:\PROJ\TabularEditor_J-audit-v02\TOMWrapper\Utils\DaxToken.Generated.cs(199,10): warning CS1591: Missing XML comment for publicly visible type or member 'DaxToken.PERCENTILEXEXC' [D:\PROJ\TabularEditor_J-audit-v02\TOMWrapper\TOMWrapper.csproj]
D:\PROJ\TabularEditor_J-audit-v02\TOMWrapper\Utils\DaxToken.Generated.cs(200,10): warning CS1591: Missing XML comment for publicly visible type or member 'DaxToken.PERCENTILEXINC' [D:\PROJ\TabularEditor_J-audit-v02\TOMWrapper\TOMWrapper.csproj]
D:\PROJ\TabularEditor_J-audit-v02\TOMWrapper\Utils\DaxToken.Generated.cs(201,10): warning CS1591: Missing XML comment for publicly visible type or member 'DaxToken.PERMUT' [D:\PROJ\TabularEditor_J-audit-v02\TOMWrapper\TOMWrapper.csproj]
D:\PROJ\TabularEditor_J-audit-v02\TOMWrapper\Utils\DaxToken.Generated.cs(202,10): warning CS1591: Missing XML comment for publicly visible type or member 'DaxToken.PI' [D:\PROJ\TabularEditor_J-audit-v02\TOMWrapper\TOMWrapper.csproj]
D:\PROJ\TabularEditor_J-audit-v02\TOMWrapper\Utils\DaxToken.Generated.cs(203,10): warning CS1591: Missing XML comment for publicly visible type or member 'DaxToken.POISSONDIST' [D:\PROJ\TabularEditor_J-audit-v02\TOMWrapper\TOMWrapper.csproj]
D:\PROJ\TabularEditor_J-audit-v02\TOMWrapper\Utils\DaxToken.Generated.cs(204,10): warning CS1591: Missing XML comment for publicly visible type or member 'DaxToken.POWER' [D:\PROJ\TabularEditor_J-audit-v02\TOMWrapper\TOMWrapper.csproj]
D:\PROJ\TabularEditor_J-audit-v02\TOMWrapper\Utils\DaxToken.Generated.cs(205,10): warning CS1591: Missing XML comment for publicly visible type or member 'DaxToken.PREVIOUSDAY' [D:\PROJ\TabularEditor_J-audit-v02\TOMWrapper\TOMWrapper.csproj]
D:\PROJ\TabularEditor_J-audit-v02\TOMWrapper\Utils\DaxToken.Generated.cs(206,10): warning CS1591: Missing XML comment for publicly visible type or member 'DaxToken.PREVIOUSMONTH' [D:\PROJ\TabularEditor_J-audit-v02\TOMWrapper\TOMWrapper.csproj]
D:\PROJ\TabularEditor_J-audit-v02\TOMWrapper\Utils\DaxToken.Generated.cs(207,10): warning CS1591: Missing XML comment for publicly visible type or member 'DaxToken.PREVIOUSQUARTER' [D:\PROJ\TabularEditor_J-audit-v02\TOMWrapper\TOMWrapper.csproj]
D:\PROJ\TabularEditor_J-audit-v02\TOMWrapper\Utils\DaxToken.Generated.cs(208,10): warning CS1591: Missing XML comment for publicly visible type or member 'DaxToken.PREVIOUSYEAR' [D:\PROJ\TabularEditor_J-audit-v02\TOMWrapper\TOMWrapper.csproj]
D:\PROJ\TabularEditor_J-audit-v02\TOMWrapper\Utils\DaxToken.Generated.cs(209,10): warning CS1591: Missing XML comment for publicly visible type or member 'DaxToken.PRODUCT' [D:\PROJ\TabularEditor_J-audit-v02\TOMWrapper\TOMWrapper.csproj]
D:\PROJ\TabularEditor_J-audit-v02\TOMWrapper\Utils\DaxToken.Generated.cs(210,10): warning CS1591: Missing XML comment for publicly visible type or member 'DaxToken.PRODUCTX' [D:\PROJ\TabularEditor_J-audit-v02\TOMWrapper\TOMWrapper.csproj]
D:\PROJ\TabularEditor_J-audit-v02\TOMWrapper\Utils\DaxToken.Generated.cs(211,10): warning CS1591: Missing XML comment for publicly visible type or member 'DaxToken.QUARTER' [D:\PROJ\TabularEditor_J-audit-v02\TOMWrapper\TOMWrapper.csproj]
D:\PROJ\TabularEditor_J-audit-v02\TOMWrapper\Utils\DaxToken.Generated.cs(212,10): warning CS1591: Missing XML comment for publicly visible type or member 'DaxToken.QUOTIENT' [D:\PROJ\TabularEditor_J-audit-v02\TOMWrapper\TOMWrapper.csproj]
D:\PROJ\TabularEditor_J-audit-v02\TOMWrapper\Utils\DaxToken.Generated.cs(213,10): warning CS1591: Missing XML comment for publicly visible type or member 'DaxToken.RADIANS' [D:\PROJ\TabularEditor_J-audit-v02\TOMWrapper\TOMWrapper.csproj]
D:\PROJ\TabularEditor_J-audit-v02\TOMWrapper\Utils\DaxToken.Generated.cs(214,10): warning CS1591: Missing XML comment for publicly visible type or member 'DaxToken.RAND' [D:\PROJ\TabularEditor_J-audit-v02\TOMWrapper\TOMWrapper.csproj]
D:\PROJ\TabularEditor_J-audit-v02\TOMWrapper\Utils\DaxToken.Generated.cs(215,10): warning CS1591: Missing XML comment for publicly visible type or member 'DaxToken.RANDBETWEEN' [D:\PROJ\TabularEditor_J-audit-v02\TOMWrapper\TOMWrapper.csproj]
D:\PROJ\TabularEditor_J-audit-v02\TOMWrapper\Utils\DaxToken.Generated.cs(216,10): warning CS1591: Missing XML comment for publicly visible type or member 'DaxToken.RANKEQ' [D:\PROJ\TabularEditor_J-audit-v02\TOMWrapper\TOMWrapper.csproj]
D:\PROJ\TabularEditor_J-audit-v02\TOMWrapper\Utils\DaxToken.Generated.cs(217,10): warning CS1591: Missing XML comment for publicly visible type or member 'DaxToken.RANKX' [D:\PROJ\TabularEditor_J-audit-v02\TOMWrapper\TOMWrapper.csproj]
D:\PROJ\TabularEditor_J-audit-v02\TOMWrapper\Utils\DaxToken.Generated.cs(218,10): warning CS1591: Missing XML comment for publicly visible type or member 'DaxToken.RELATED' [D:\PROJ\TabularEditor_J-audit-v02\TOMWrapper\TOMWrapper.csproj]
D:\PROJ\TabularEditor_J-audit-v02\TOMWrapper\Utils\DaxToken.Generated.cs(219,10): warning CS1591: Missing XML comment for publicly visible type or member 'DaxToken.RELATEDTABLE' [D:\PROJ\TabularEditor_J-audit-v02\TOMWrapper\TOMWrapper.csproj]
D:\PROJ\TabularEditor_J-audit-v02\TOMWrapper\Utils\DaxToken.Generated.cs(220,10): warning CS1591: Missing XML comment for publicly visible type or member 'DaxToken.REMOVEFILTERS' [D:\PROJ\TabularEditor_J-audit-v02\TOMWrapper\TOMWrapper.csproj]
D:\PROJ\TabularEditor_J-audit-v02\TOMWrapper\Utils\DaxToken.Generated.cs(221,10): warning CS1591: Missing XML comment for publicly visible type or member 'DaxToken.REPLACE' [D:\PROJ\TabularEditor_J-audit-v02\TOMWrapper\TOMWrapper.csproj]
D:\PROJ\TabularEditor_J-audit-v02\TOMWrapper\Utils\DaxToken.Generated.cs(222,10): warning CS1591: Missing XML comment for publicly visible type or member 'DaxToken.REPT' [D:\PROJ\TabularEditor_J-audit-v02\TOMWrapper\TOMWrapper.csproj]
D:\PROJ\TabularEditor_J-audit-v02\TOMWrapper\Utils\DaxToken.Generated.cs(223,10): warning CS1591: Missing XML comment for publicly visible type or member 'DaxToken.RIGHT' [D:\PROJ\TabularEditor_J-audit-v02\TOMWrapper\TOMWrapper.csproj]
D:\PROJ\TabularEditor_J-audit-v02\TOMWrapper\Utils\DaxToken.Generated.cs(224,10): warning CS1591: Missing XML comment for publicly visible type or member 'DaxToken.ROLLUP' [D:\PROJ\TabularEditor_J-audit-v02\TOMWrapper\TOMWrapper.csproj]
D:\PROJ\TabularEditor_J-audit-v02\TOMWrapper\Utils\DaxToken.Generated.cs(225,10): warning CS1591: Missing XML comment for publicly visible type or member 'DaxToken.ROLLUPADDISSUBTOTAL' [D:\PROJ\TabularEditor_J-audit-v02\TOMWrapper\TOMWrapper.csproj]
D:\PROJ\TabularEditor_J-audit-v02\TOMWrapper\Utils\DaxToken.Generated.cs(226,10): warning CS1591: Missing XML comment for publicly visible type or member 'DaxToken.ROLLUPGROUP' [D:\PROJ\TabularEditor_J-audit-v02\TOMWrapper\TOMWrapper.csproj]
D:\PROJ\TabularEditor_J-audit-v02\TOMWrapper\Utils\DaxToken.Generated.cs(227,10): warning CS1591: Missing XML comment for publicly visible type or member 'DaxToken.ROLLUPISSUBTOTAL' [D:\PROJ\TabularEditor_J-audit-v02\TOMWrapper\TOMWrapper.csproj]
D:\PROJ\TabularEditor_J-audit-v02\TOMWrapper\Utils\DaxToken.Generated.cs(228,10): warning CS1591: Missing XML comment for publicly visible type or member 'DaxToken.ROUND' [D:\PROJ\TabularEditor_J-audit-v02\TOMWrapper\TOMWrapper.csproj]
D:\PROJ\TabularEditor_J-audit-v02\TOMWrapper\Utils\DaxToken.Generated.cs(229,10): warning CS1591: Missing XML comment for publicly visible type or member 'DaxToken.ROUNDDOWN' [D:\PROJ\TabularEditor_J-audit-v02\TOMWrapper\TOMWrapper.csproj]
D:\PROJ\TabularEditor_J-audit-v02\TOMWrapper\Utils\DaxToken.Generated.cs(230,10): warning CS1591: Missing XML comment for publicly visible type or member 'DaxToken.ROUNDUP' [D:\PROJ\TabularEditor_J-audit-v02\TOMWrapper\TOMWrapper.csproj]
D:\PROJ\TabularEditor_J-audit-v02\TOMWrapper\Utils\DaxToken.Generated.cs(231,10): warning CS1591: Missing XML comment for publicly visible type or member 'DaxToken.ROW' [D:\PROJ\TabularEditor_J-audit-v02\TOMWrapper\TOMWrapper.csproj]
D:\PROJ\TabularEditor_J-audit-v02\TOMWrapper\Utils\DaxToken.Generated.cs(232,10): warning CS1591: Missing XML comment for publicly visible type or member 'DaxToken.SAMEPERIODLASTYEAR' [D:\PROJ\TabularEditor_J-audit-v02\TOMWrapper\TOMWrapper.csproj]
D:\PROJ\TabularEditor_J-audit-v02\TOMWrapper\Utils\DaxToken.Generated.cs(233,10): warning CS1591: Missing XML comment for publicly visible type or member 'DaxToken.SAMPLE' [D:\PROJ\TabularEditor_J-audit-v02\TOMWrapper\TOMWrapper.csproj]
D:\PROJ\TabularEditor_J-audit-v02\TOMWrapper\Utils\DaxToken.Generated.cs(234,10): warning CS1591: Missing XML comment for publicly visible type or member 'DaxToken.SEARCH' [D:\PROJ\TabularEditor_J-audit-v02\TOMWrapper\TOMWrapper.csproj]
D:\PROJ\TabularEditor_J-audit-v02\TOMWrapper\Utils\DaxToken.Generated.cs(235,10): warning CS1591: Missing XML comment for publicly visible type or member 'DaxToken.SECOND' [D:\PROJ\TabularEditor_J-audit-v02\TOMWrapper\TOMWrapper.csproj]
D:\PROJ\TabularEditor_J-audit-v02\TOMWrapper\Utils\DaxToken.Generated.cs(236,10): warning CS1591: Missing XML comment for publicly visible type or member 'DaxToken.SELECTCOLUMNS' [D:\PROJ\TabularEditor_J-audit-v02\TOMWrapper\TOMWrapper.csproj]
D:\PROJ\TabularEditor_J-audit-v02\TOMWrapper\Utils\DaxToken.Generated.cs(237,10): warning CS1591: Missing XML comment for publicly visible type or member 'DaxToken.SELECTEDMEASURE' [D:\PROJ\TabularEditor_J-audit-v02\TOMWrapper\TOMWrapper.csproj]
D:\PROJ\TabularEditor_J-audit-v02\TOMWrapper\Utils\DaxToken.Generated.cs(238,10): warning CS1591: Missing XML comment for publicly visible type or member 'DaxToken.SELECTEDMEASUREFORMATSTRING' [D:\PROJ\TabularEditor_J-audit-v02\TOMWrapper\TOMWrapper.csproj]
D:\PROJ\TabularEditor_J-audit-v02\TOMWrapper\Utils\DaxToken.Generated.cs(239,10): warning CS1591: Missing XML comment for publicly visible type or member 'DaxToken.SELECTEDMEASURENAME' [D:\PROJ\TabularEditor_J-audit-v02\TOMWrapper\TOMWrapper.csproj]
D:\PROJ\TabularEditor_J-audit-v02\TOMWrapper\Utils\DaxToken.Generated.cs(240,10): warning CS1591: Missing XML comment for publicly visible type or member 'DaxToken.SELECTEDVALUE' [D:\PROJ\TabularEditor_J-audit-v02\TOMWrapper\TOMWrapper.csproj]
D:\PROJ\TabularEditor_J-audit-v02\TOMWrapper\Utils\DaxToken.Generated.cs(241,10): warning CS1591: Missing XML comment for publicly visible type or member 'DaxToken.SIGN' [D:\PROJ\TabularEditor_J-audit-v02\TOMWrapper\TOMWrapper.csproj]
D:\PROJ\TabularEditor_J-audit-v02\TOMWrapper\Utils\DaxToken.Generated.cs(242,10): warning CS1591: Missing XML comment for publicly visible type or member 'DaxToken.SIN' [D:\PROJ\TabularEditor_J-audit-v02\TOMWrapper\TOMWrapper.csproj]
D:\PROJ\TabularEditor_J-audit-v02\TOMWrapper\Utils\DaxToken.Generated.cs(243,10): warning CS1591: Missing XML comment for publicly visible type or member 'DaxToken.SINH' [D:\PROJ\TabularEditor_J-audit-v02\TOMWrapper\TOMWrapper.csproj]
D:\PROJ\TabularEditor_J-audit-v02\TOMWrapper\Utils\DaxToken.Generated.cs(244,10): warning CS1591: Missing XML comment for publicly visible type or member 'DaxToken.SQRT' [D:\PROJ\TabularEditor_J-audit-v02\TOMWrapper\TOMWrapper.csproj]
D:\PROJ\TabularEditor_J-audit-v02\TOMWrapper\Utils\DaxToken.Generated.cs(245,10): warning CS1591: Missing XML comment for publicly visible type or member 'DaxToken.SQRTPI' [D:\PROJ\TabularEditor_J-audit-v02\TOMWrapper\TOMWrapper.csproj]
D:\PROJ\TabularEditor_J-audit-v02\TOMWrapper\Utils\DaxToken.Generated.cs(246,10): warning CS1591: Missing XML comment for publicly visible type or member 'DaxToken.STARTOFMONTH' [D:\PROJ\TabularEditor_J-audit-v02\TOMWrapper\TOMWrapper.csproj]
D:\PROJ\TabularEditor_J-audit-v02\TOMWrapper\Utils\DaxToken.Generated.cs(247,10): warning CS1591: Missing XML comment for publicly visible type or member 'DaxToken.STARTOFQUARTER' [D:\PROJ\TabularEditor_J-audit-v02\TOMWrapper\TOMWrapper.csproj]
D:\PROJ\TabularEditor_J-audit-v02\TOMWrapper\Utils\DaxToken.Generated.cs(248,10): warning CS1591: Missing XML comment for publicly visible type or member 'DaxToken.STARTOFYEAR' [D:\PROJ\TabularEditor_J-audit-v02\TOMWrapper\TOMWrapper.csproj]
D:\PROJ\TabularEditor_J-audit-v02\TOMWrapper\Utils\DaxToken.Generated.cs(249,10): warning CS1591: Missing XML comment for publicly visible type or member 'DaxToken.STDEVP' [D:\PROJ\TabularEditor_J-audit-v02\TOMWrapper\TOMWrapper.csproj]
D:\PROJ\TabularEditor_J-audit-v02\TOMWrapper\Utils\DaxToken.Generated.cs(250,10): warning CS1591: Missing XML comment for publicly visible type or member 'DaxToken.STDEVS' [D:\PROJ\TabularEditor_J-audit-v02\TOMWrapper\TOMWrapper.csproj]
D:\PROJ\TabularEditor_J-audit-v02\TOMWrapper\Utils\DaxToken.Generated.cs(251,10): warning CS1591: Missing XML comment for publicly visible type or member 'DaxToken.STDEVXP' [D:\PROJ\TabularEditor_J-audit-v02\TOMWrapper\TOMWrapper.csproj]
D:\PROJ\TabularEditor_J-audit-v02\TOMWrapper\Utils\DaxToken.Generated.cs(252,10): warning CS1591: Missing XML comment for publicly visible type or member 'DaxToken.STDEVXS' [D:\PROJ\TabularEditor_J-audit-v02\TOMWrapper\TOMWrapper.csproj]
D:\PROJ\TabularEditor_J-audit-v02\TOMWrapper\Utils\DaxToken.Generated.cs(253,10): warning CS1591: Missing XML comment for publicly visible type or member 'DaxToken.SUBSTITUTE' [D:\PROJ\TabularEditor_J-audit-v02\TOMWrapper\TOMWrapper.csproj]
D:\PROJ\TabularEditor_J-audit-v02\TOMWrapper\Utils\DaxToken.Generated.cs(254,10): warning CS1591: Missing XML comment for publicly visible type or member 'DaxToken.SUBSTITUTEWITHINDEX' [D:\PROJ\TabularEditor_J-audit-v02\TOMWrapper\TOMWrapper.csproj]
D:\PROJ\TabularEditor_J-audit-v02\TOMWrapper\Utils\DaxToken.Generated.cs(255,10): warning CS1591: Missing XML comment for publicly visible type or member 'DaxToken.SUM' [D:\PROJ\TabularEditor_J-audit-v02\TOMWrapper\TOMWrapper.csproj]
D:\PROJ\TabularEditor_J-audit-v02\TOMWrapper\Utils\DaxToken.Generated.cs(256,10): warning CS1591: Missing XML comment for publicly visible type or member 'DaxToken.SUMMARIZE' [D:\PROJ\TabularEditor_J-audit-v02\TOMWrapper\TOMWrapper.csproj]
D:\PROJ\TabularEditor_J-audit-v02\TOMWrapper\Utils\DaxToken.Generated.cs(257,10): warning CS1591: Missing XML comment for publicly visible type or member 'DaxToken.SUMMARIZECOLUMNS' [D:\PROJ\TabularEditor_J-audit-v02\TOMWrapper\TOMWrapper.csproj]
D:\PROJ\TabularEditor_J-audit-v02\TOMWrapper\Utils\DaxToken.Generated.cs(258,10): warning CS1591: Missing XML comment for publicly visible type or member 'DaxToken.SUMX' [D:\PROJ\TabularEditor_J-audit-v02\TOMWrapper\TOMWrapper.csproj]
D:\PROJ\TabularEditor_J-audit-v02\TOMWrapper\Utils\DaxToken.Generated.cs(259,10): warning CS1591: Missing XML comment for publicly visible type or member 'DaxToken.SWITCH' [D:\PROJ\TabularEditor_J-audit-v02\TOMWrapper\TOMWrapper.csproj]
D:\PROJ\TabularEditor_J-audit-v02\TOMWrapper\Utils\DaxToken.Generated.cs(260,10): warning CS1591: Missing XML comment for publicly visible type or member 'DaxToken.TDIST' [D:\PROJ\TabularEditor_J-audit-v02\TOMWrapper\TOMWrapper.csproj]
D:\PROJ\TabularEditor_J-audit-v02\TOMWrapper\Utils\DaxToken.Generated.cs(261,10): warning CS1591: Missing XML comment for publicly visible type or member 'DaxToken.TDIST2T' [D:\PROJ\TabularEditor_J-audit-v02\TOMWrapper\TOMWrapper.csproj]
D:\PROJ\TabularEditor_J-audit-v02\TOMWrapper\Utils\DaxToken.Generated.cs(262,10): warning CS1591: Missing XML comment for publicly visible type or member 'DaxToken.TDISTRT' [D:\PROJ\TabularEditor_J-audit-v02\TOMWrapper\TOMWrapper.csproj]
D:\PROJ\TabularEditor_J-audit-v02\TOMWrapper\Utils\DaxToken.Generated.cs(263,10): warning CS1591: Missing XML comment for publicly visible type or member 'DaxToken.TINV' [D:\PROJ\TabularEditor_J-audit-v02\TOMWrapper\TOMWrapper.csproj]
D:\PROJ\TabularEditor_J-audit-v02\TOMWrapper\Utils\DaxToken.Generated.cs(264,10): warning CS1591: Missing XML comment for publicly visible type or member 'DaxToken.TINV2T' [D:\PROJ\TabularEditor_J-audit-v02\TOMWrapper\TOMWrapper.csproj]
D:\PROJ\TabularEditor_J-audit-v02\TOMWrapper\Utils\DaxToken.Generated.cs(265,10): warning CS1591: Missing XML comment for publicly visible type or member 'DaxToken.TAN' [D:\PROJ\TabularEditor_J-audit-v02\TOMWrapper\TOMWrapper.csproj]
D:\PROJ\TabularEditor_J-audit-v02\TOMWrapper\Utils\DaxToken.Generated.cs(266,10): warning CS1591: Missing XML comment for publicly visible type or member 'DaxToken.TANH' [D:\PROJ\TabularEditor_J-audit-v02\TOMWrapper\TOMWrapper.csproj]
D:\PROJ\TabularEditor_J-audit-v02\TOMWrapper\Utils\DaxToken.Generated.cs(267,10): warning CS1591: Missing XML comment for publicly visible type or member 'DaxToken.TIME' [D:\PROJ\TabularEditor_J-audit-v02\TOMWrapper\TOMWrapper.csproj]
D:\PROJ\TabularEditor_J-audit-v02\TOMWrapper\Utils\DaxToken.Generated.cs(268,10): warning CS1591: Missing XML comment for publicly visible type or member 'DaxToken.TIMEVALUE' [D:\PROJ\TabularEditor_J-audit-v02\TOMWrapper\TOMWrapper.csproj]
D:\PROJ\TabularEditor_J-audit-v02\TOMWrapper\Utils\DaxToken.Generated.cs(269,10): warning CS1591: Missing XML comment for publicly visible type or member 'DaxToken.TODAY' [D:\PROJ\TabularEditor_J-audit-v02\TOMWrapper\TOMWrapper.csproj]
D:\PROJ\TabularEditor_J-audit-v02\TOMWrapper\Utils\DaxToken.Generated.cs(270,10): warning CS1591: Missing XML comment for publicly visible type or member 'DaxToken.TOPN' [D:\PROJ\TabularEditor_J-audit-v02\TOMWrapper\TOMWrapper.csproj]
D:\PROJ\TabularEditor_J-audit-v02\TOMWrapper\Utils\DaxToken.Generated.cs(271,10): warning CS1591: Missing XML comment for publicly visible type or member 'DaxToken.TOPNPERLEVEL' [D:\PROJ\TabularEditor_J-audit-v02\TOMWrapper\TOMWrapper.csproj]
D:\PROJ\TabularEditor_J-audit-v02\TOMWrapper\Utils\DaxToken.Generated.cs(272,10): warning CS1591: Missing XML comment for publicly visible type or member 'DaxToken.TOPNSKIP' [D:\PROJ\TabularEditor_J-audit-v02\TOMWrapper\TOMWrapper.csproj]
D:\PROJ\TabularEditor_J-audit-v02\TOMWrapper\Utils\DaxToken.Generated.cs(273,10): warning CS1591: Missing XML comment for publicly visible type or member 'DaxToken.TOTALMTD' [D:\PROJ\TabularEditor_J-audit-v02\TOMWrapper\TOMWrapper.csproj]
D:\PROJ\TabularEditor_J-audit-v02\TOMWrapper\Utils\DaxToken.Generated.cs(274,10): warning CS1591: Missing XML comment for publicly visible type or member 'DaxToken.TOTALQTD' [D:\PROJ\TabularEditor_J-audit-v02\TOMWrapper\TOMWrapper.csproj]
D:\PROJ\TabularEditor_J-audit-v02\TOMWrapper\Utils\DaxToken.Generated.cs(275,10): warning CS1591: Missing XML comment for publicly visible type or member 'DaxToken.TOTALYTD' [D:\PROJ\TabularEditor_J-audit-v02\TOMWrapper\TOMWrapper.csproj]
D:\PROJ\TabularEditor_J-audit-v02\TOMWrapper\Utils\DaxToken.Generated.cs(276,10): warning CS1591: Missing XML comment for publicly visible type or member 'DaxToken.TREATAS' [D:\PROJ\TabularEditor_J-audit-v02\TOMWrapper\TOMWrapper.csproj]
D:\PROJ\TabularEditor_J-audit-v02\TOMWrapper\Utils\DaxToken.Generated.cs(277,10): warning CS1591: Missing XML comment for publicly visible type or member 'DaxToken.TRIM' [D:\PROJ\TabularEditor_J-audit-v02\TOMWrapper\TOMWrapper.csproj]
D:\PROJ\TabularEditor_J-audit-v02\TOMWrapper\Utils\DaxToken.Generated.cs(278,10): warning CS1591: Missing XML comment for publicly visible type or member 'DaxToken.TRUE' [D:\PROJ\TabularEditor_J-audit-v02\TOMWrapper\TOMWrapper.csproj]
D:\PROJ\TabularEditor_J-audit-v02\TOMWrapper\Utils\DaxToken.Generated.cs(279,10): warning CS1591: Missing XML comment for publicly visible type or member 'DaxToken.TRUNC' [D:\PROJ\TabularEditor_J-audit-v02\TOMWrapper\TOMWrapper.csproj]
D:\PROJ\TabularEditor_J-audit-v02\TOMWrapper\Utils\DaxToken.Generated.cs(280,10): warning CS1591: Missing XML comment for publicly visible type or member 'DaxToken.UNICHAR' [D:\PROJ\TabularEditor_J-audit-v02\TOMWrapper\TOMWrapper.csproj]
D:\PROJ\TabularEditor_J-audit-v02\TOMWrapper\Utils\DaxToken.Generated.cs(281,10): warning CS1591: Missing XML comment for publicly visible type or member 'DaxToken.UNICODE' [D:\PROJ\TabularEditor_J-audit-v02\TOMWrapper\TOMWrapper.csproj]
D:\PROJ\TabularEditor_J-audit-v02\TOMWrapper\Utils\DaxToken.Generated.cs(282,10): warning CS1591: Missing XML comment for publicly visible type or member 'DaxToken.UNION' [D:\PROJ\TabularEditor_J-audit-v02\TOMWrapper\TOMWrapper.csproj]
D:\PROJ\TabularEditor_J-audit-v02\TOMWrapper\Utils\DaxToken.Generated.cs(283,10): warning CS1591: Missing XML comment for publicly visible type or member 'DaxToken.UPPER' [D:\PROJ\TabularEditor_J-audit-v02\TOMWrapper\TOMWrapper.csproj]
D:\PROJ\TabularEditor_J-audit-v02\TOMWrapper\Utils\DaxToken.Generated.cs(284,10): warning CS1591: Missing XML comment for publicly visible type or member 'DaxToken.USERELATIONSHIP' [D:\PROJ\TabularEditor_J-audit-v02\TOMWrapper\TOMWrapper.csproj]
D:\PROJ\TabularEditor_J-audit-v02\TOMWrapper\Utils\DaxToken.Generated.cs(285,10): warning CS1591: Missing XML comment for publicly visible type or member 'DaxToken.USERNAME' [D:\PROJ\TabularEditor_J-audit-v02\TOMWrapper\TOMWrapper.csproj]
D:\PROJ\TabularEditor_J-audit-v02\TOMWrapper\Utils\DaxToken.Generated.cs(286,10): warning CS1591: Missing XML comment for publicly visible type or member 'DaxToken.USEROBJECTID' [D:\PROJ\TabularEditor_J-audit-v02\TOMWrapper\TOMWrapper.csproj]
D:\PROJ\TabularEditor_J-audit-v02\TOMWrapper\Utils\DaxToken.Generated.cs(287,10): warning CS1591: Missing XML comment for publicly visible type or member 'DaxToken.USERPRINCIPALNAME' [D:\PROJ\TabularEditor_J-audit-v02\TOMWrapper\TOMWrapper.csproj]
D:\PROJ\TabularEditor_J-audit-v02\TOMWrapper\Utils\DaxToken.Generated.cs(288,10): warning CS1591: Missing XML comment for publicly visible type or member 'DaxToken.UTCNOW' [D:\PROJ\TabularEditor_J-audit-v02\TOMWrapper\TOMWrapper.csproj]
D:\PROJ\TabularEditor_J-audit-v02\TOMWrapper\Utils\DaxToken.Generated.cs(289,10): warning CS1591: Missing XML comment for publicly visible type or member 'DaxToken.UTCTODAY' [D:\PROJ\TabularEditor_J-audit-v02\TOMWrapper\TOMWrapper.csproj]
D:\PROJ\TabularEditor_J-audit-v02\TOMWrapper\Utils\DaxToken.Generated.cs(290,10): warning CS1591: Missing XML comment for publicly visible type or member 'DaxToken.VALUE' [D:\PROJ\TabularEditor_J-audit-v02\TOMWrapper\TOMWrapper.csproj]
D:\PROJ\TabularEditor_J-audit-v02\TOMWrapper\Utils\DaxToken.Generated.cs(291,10): warning CS1591: Missing XML comment for publicly visible type or member 'DaxToken.VALUES' [D:\PROJ\TabularEditor_J-audit-v02\TOMWrapper\TOMWrapper.csproj]
D:\PROJ\TabularEditor_J-audit-v02\TOMWrapper\Utils\DaxToken.Generated.cs(292,10): warning CS1591: Missing XML comment for publicly visible type or member 'DaxToken.VARP' [D:\PROJ\TabularEditor_J-audit-v02\TOMWrapper\TOMWrapper.csproj]
D:\PROJ\TabularEditor_J-audit-v02\TOMWrapper\Utils\DaxToken.Generated.cs(293,10): warning CS1591: Missing XML comment for publicly visible type or member 'DaxToken.VARS' [D:\PROJ\TabularEditor_J-audit-v02\TOMWrapper\TOMWrapper.csproj]
D:\PROJ\TabularEditor_J-audit-v02\TOMWrapper\Utils\DaxToken.Generated.cs(294,10): warning CS1591: Missing XML comment for publicly visible type or member 'DaxToken.VARXP' [D:\PROJ\TabularEditor_J-audit-v02\TOMWrapper\TOMWrapper.csproj]
D:\PROJ\TabularEditor_J-audit-v02\TOMWrapper\Utils\DaxToken.Generated.cs(295,10): warning CS1591: Missing XML comment for publicly visible type or member 'DaxToken.VARXS' [D:\PROJ\TabularEditor_J-audit-v02\TOMWrapper\TOMWrapper.csproj]
D:\PROJ\TabularEditor_J-audit-v02\TOMWrapper\Utils\DaxToken.Generated.cs(296,10): warning CS1591: Missing XML comment for publicly visible type or member 'DaxToken.WEEKDAY' [D:\PROJ\TabularEditor_J-audit-v02\TOMWrapper\TOMWrapper.csproj]
D:\PROJ\TabularEditor_J-audit-v02\TOMWrapper\Utils\DaxToken.Generated.cs(297,10): warning CS1591: Missing XML comment for publicly visible type or member 'DaxToken.YEARFRAC' [D:\PROJ\TabularEditor_J-audit-v02\TOMWrapper\TOMWrapper.csproj]
D:\PROJ\TabularEditor_J-audit-v02\TOMWrapper\Utils\DaxToken.Generated.cs(298,10): warning CS1591: Missing XML comment for publicly visible type or member 'DaxToken.WEEKNUM' [D:\PROJ\TabularEditor_J-audit-v02\TOMWrapper\TOMWrapper.csproj]
D:\PROJ\TabularEditor_J-audit-v02\TOMWrapper\Utils\DaxToken.Generated.cs(299,10): warning CS1591: Missing XML comment for publicly visible type or member 'DaxToken.XIRR' [D:\PROJ\TabularEditor_J-audit-v02\TOMWrapper\TOMWrapper.csproj]
D:\PROJ\TabularEditor_J-audit-v02\TOMWrapper\Utils\DaxToken.Generated.cs(300,10): warning CS1591: Missing XML comment for publicly visible type or member 'DaxToken.XNPV' [D:\PROJ\TabularEditor_J-audit-v02\TOMWrapper\TOMWrapper.csproj]
D:\PROJ\TabularEditor_J-audit-v02\TOMWrapper\Utils\DaxToken.Generated.cs(301,10): warning CS1591: Missing XML comment for publicly visible type or member 'DaxToken.YEAR' [D:\PROJ\TabularEditor_J-audit-v02\TOMWrapper\TOMWrapper.csproj]
D:\PROJ\TabularEditor_J-audit-v02\TOMWrapper\Utils\DaxToken.Generated.cs(302,10): warning CS1591: Missing XML comment for publicly visible type or member 'DaxToken.ACCRINT' [D:\PROJ\TabularEditor_J-audit-v02\TOMWrapper\TOMWrapper.csproj]
D:\PROJ\TabularEditor_J-audit-v02\TOMWrapper\Utils\DaxToken.Generated.cs(303,10): warning CS1591: Missing XML comment for publicly visible type or member 'DaxToken.ACCRINTM' [D:\PROJ\TabularEditor_J-audit-v02\TOMWrapper\TOMWrapper.csproj]
D:\PROJ\TabularEditor_J-audit-v02\TOMWrapper\Utils\DaxToken.Generated.cs(304,10): warning CS1591: Missing XML comment for publicly visible type or member 'DaxToken.AMORDEGRC' [D:\PROJ\TabularEditor_J-audit-v02\TOMWrapper\TOMWrapper.csproj]
D:\PROJ\TabularEditor_J-audit-v02\TOMWrapper\Utils\DaxToken.Generated.cs(305,10): warning CS1591: Missing XML comment for publicly visible type or member 'DaxToken.AMORLINC' [D:\PROJ\TabularEditor_J-audit-v02\TOMWrapper\TOMWrapper.csproj]
D:\PROJ\TabularEditor_J-audit-v02\TOMWrapper\Utils\DaxToken.Generated.cs(306,10): warning CS1591: Missing XML comment for publicly visible type or member 'DaxToken.COUPDAYBS' [D:\PROJ\TabularEditor_J-audit-v02\TOMWrapper\TOMWrapper.csproj]
D:\PROJ\TabularEditor_J-audit-v02\TOMWrapper\Utils\DaxToken.Generated.cs(307,10): warning CS1591: Missing XML comment for publicly visible type or member 'DaxToken.COUPDAYS' [D:\PROJ\TabularEditor_J-audit-v02\TOMWrapper\TOMWrapper.csproj]
D:\PROJ\TabularEditor_J-audit-v02\TOMWrapper\Utils\DaxToken.Generated.cs(308,10): warning CS1591: Missing XML comment for publicly visible type or member 'DaxToken.COUPDAYSNC' [D:\PROJ\TabularEditor_J-audit-v02\TOMWrapper\TOMWrapper.csproj]
D:\PROJ\TabularEditor_J-audit-v02\TOMWrapper\Utils\DaxToken.Generated.cs(309,10): warning CS1591: Missing XML comment for publicly visible type or member 'DaxToken.COUPNCD' [D:\PROJ\TabularEditor_J-audit-v02\TOMWrapper\TOMWrapper.csproj]
D:\PROJ\TabularEditor_J-audit-v02\TOMWrapper\Utils\DaxToken.Generated.cs(310,10): warning CS1591: Missing XML comment for publicly visible type or member 'DaxToken.COUPNUM' [D:\PROJ\TabularEditor_J-audit-v02\TOMWrapper\TOMWrapper.csproj]
D:\PROJ\TabularEditor_J-audit-v02\TOMWrapper\Utils\DaxToken.Generated.cs(311,10): warning CS1591: Missing XML comment for publicly visible type or member 'DaxToken.COUPPCD' [D:\PROJ\TabularEditor_J-audit-v02\TOMWrapper\TOMWrapper.csproj]
D:\PROJ\TabularEditor_J-audit-v02\TOMWrapper\Utils\DaxToken.Generated.cs(312,10): warning CS1591: Missing XML comment for publicly visible type or member 'DaxToken.CUMIPMT' [D:\PROJ\TabularEditor_J-audit-v02\TOMWrapper\TOMWrapper.csproj]
D:\PROJ\TabularEditor_J-audit-v02\TOMWrapper\Utils\DaxToken.Generated.cs(313,10): warning CS1591: Missing XML comment for publicly visible type or member 'DaxToken.CUMPRINC' [D:\PROJ\TabularEditor_J-audit-v02\TOMWrapper\TOMWrapper.csproj]
D:\PROJ\TabularEditor_J-audit-v02\TOMWrapper\Utils\DaxToken.Generated.cs(314,10): warning CS1591: Missing XML comment for publicly visible type or member 'DaxToken.DB' [D:\PROJ\TabularEditor_J-audit-v02\TOMWrapper\TOMWrapper.csproj]
D:\PROJ\TabularEditor_J-audit-v02\TOMWrapper\Utils\DaxToken.Generated.cs(315,10): warning CS1591: Missing XML comment for publicly visible type or member 'DaxToken.DDB' [D:\PROJ\TabularEditor_J-audit-v02\TOMWrapper\TOMWrapper.csproj]
D:\PROJ\TabularEditor_J-audit-v02\TOMWrapper\Utils\DaxToken.Generated.cs(316,10): warning CS1591: Missing XML comment for publicly visible type or member 'DaxToken.DISC' [D:\PROJ\TabularEditor_J-audit-v02\TOMWrapper\TOMWrapper.csproj]
D:\PROJ\TabularEditor_J-audit-v02\TOMWrapper\Utils\DaxToken.Generated.cs(317,10): warning CS1591: Missing XML comment for publicly visible type or member 'DaxToken.DOLLARDE' [D:\PROJ\TabularEditor_J-audit-v02\TOMWrapper\TOMWrapper.csproj]
D:\PROJ\TabularEditor_J-audit-v02\TOMWrapper\Utils\DaxToken.Generated.cs(318,10): warning CS1591: Missing XML comment for publicly visible type or member 'DaxToken.DOLLARFR' [D:\PROJ\TabularEditor_J-audit-v02\TOMWrapper\TOMWrapper.csproj]
D:\PROJ\TabularEditor_J-audit-v02\TOMWrapper\Utils\DaxToken.Generated.cs(319,10): warning CS1591: Missing XML comment for publicly visible type or member 'DaxToken.DURATION' [D:\PROJ\TabularEditor_J-audit-v02\TOMWrapper\TOMWrapper.csproj]
D:\PROJ\TabularEditor_J-audit-v02\TOMWrapper\Utils\DaxToken.Generated.cs(320,10): warning CS1591: Missing XML comment for publicly visible type or member 'DaxToken.EFFECT' [D:\PROJ\TabularEditor_J-audit-v02\TOMWrapper\TOMWrapper.csproj]
D:\PROJ\TabularEditor_J-audit-v02\TOMWrapper\Utils\DaxToken.Generated.cs(321,10): warning CS1591: Missing XML comment for publicly visible type or member 'DaxToken.FV' [D:\PROJ\TabularEditor_J-audit-v02\TOMWrapper\TOMWrapper.csproj]
D:\PROJ\TabularEditor_J-audit-v02\TOMWrapper\Utils\DaxToken.Generated.cs(322,10): warning CS1591: Missing XML comment for publicly visible type or member 'DaxToken.INTRATE' [D:\PROJ\TabularEditor_J-audit-v02\TOMWrapper\TOMWrapper.csproj]
D:\PROJ\TabularEditor_J-audit-v02\TOMWrapper\Utils\DaxToken.Generated.cs(323,10): warning CS1591: Missing XML comment for publicly visible type or member 'DaxToken.IPMT' [D:\PROJ\TabularEditor_J-audit-v02\TOMWrapper\TOMWrapper.csproj]
D:\PROJ\TabularEditor_J-audit-v02\TOMWrapper\Utils\DaxToken.Generated.cs(324,10): warning CS1591: Missing XML comment for publicly visible type or member 'DaxToken.ISPMT' [D:\PROJ\TabularEditor_J-audit-v02\TOMWrapper\TOMWrapper.csproj]
D:\PROJ\TabularEditor_J-audit-v02\TOMWrapper\Utils\DaxToken.Generated.cs(325,10): warning CS1591: Missing XML comment for publicly visible type or member 'DaxToken.MDURATION' [D:\PROJ\TabularEditor_J-audit-v02\TOMWrapper\TOMWrapper.csproj]
D:\PROJ\TabularEditor_J-audit-v02\TOMWrapper\Utils\DaxToken.Generated.cs(326,10): warning CS1591: Missing XML comment for publicly visible type or member 'DaxToken.NOMINAL' [D:\PROJ\TabularEditor_J-audit-v02\TOMWrapper\TOMWrapper.csproj]
D:\PROJ\TabularEditor_J-audit-v02\TOMWrapper\Utils\DaxToken.Generated.cs(327,10): warning CS1591: Missing XML comment for publicly visible type or member 'DaxToken.NPER' [D:\PROJ\TabularEditor_J-audit-v02\TOMWrapper\TOMWrapper.csproj]
D:\PROJ\TabularEditor_J-audit-v02\TOMWrapper\Utils\DaxToken.Generated.cs(328,10): warning CS1591: Missing XML comment for publicly visible type or member 'DaxToken.ODDFPRICE' [D:\PROJ\TabularEditor_J-audit-v02\TOMWrapper\TOMWrapper.csproj]
D:\PROJ\TabularEditor_J-audit-v02\TOMWrapper\Utils\DaxToken.Generated.cs(329,10): warning CS1591: Missing XML comment for publicly visible type or member 'DaxToken.ODDFYIELD' [D:\PROJ\TabularEditor_J-audit-v02\TOMWrapper\TOMWrapper.csproj]
D:\PROJ\TabularEditor_J-audit-v02\TOMWrapper\Utils\DaxToken.Generated.cs(330,10): warning CS1591: Missing XML comment for publicly visible type or member 'DaxToken.ODDLPRICE' [D:\PROJ\TabularEditor_J-audit-v02\TOMWrapper\TOMWrapper.csproj]
D:\PROJ\TabularEditor_J-audit-v02\TOMWrapper\Utils\DaxToken.Generated.cs(331,10): warning CS1591: Missing XML comment for publicly visible type or member 'DaxToken.ODDLYIELD' [D:\PROJ\TabularEditor_J-audit-v02\TOMWrapper\TOMWrapper.csproj]
D:\PROJ\TabularEditor_J-audit-v02\TOMWrapper\Utils\DaxToken.Generated.cs(332,10): warning CS1591: Missing XML comment for publicly visible type or member 'DaxToken.PDURATION' [D:\PROJ\TabularEditor_J-audit-v02\TOMWrapper\TOMWrapper.csproj]
D:\PROJ\TabularEditor_J-audit-v02\TOMWrapper\Utils\DaxToken.Generated.cs(333,10): warning CS1591: Missing XML comment for publicly visible type or member 'DaxToken.PMT' [D:\PROJ\TabularEditor_J-audit-v02\TOMWrapper\TOMWrapper.csproj]
D:\PROJ\TabularEditor_J-audit-v02\TOMWrapper\Utils\DaxToken.Generated.cs(334,10): warning CS1591: Missing XML comment for publicly visible type or member 'DaxToken.PPMT' [D:\PROJ\TabularEditor_J-audit-v02\TOMWrapper\TOMWrapper.csproj]
D:\PROJ\TabularEditor_J-audit-v02\TOMWrapper\Utils\DaxToken.Generated.cs(335,10): warning CS1591: Missing XML comment for publicly visible type or member 'DaxToken.PRICE' [D:\PROJ\TabularEditor_J-audit-v02\TOMWrapper\TOMWrapper.csproj]
D:\PROJ\TabularEditor_J-audit-v02\TOMWrapper\Utils\DaxToken.Generated.cs(336,10): warning CS1591: Missing XML comment for publicly visible type or member 'DaxToken.PRICEDISC' [D:\PROJ\TabularEditor_J-audit-v02\TOMWrapper\TOMWrapper.csproj]
D:\PROJ\TabularEditor_J-audit-v02\TOMWrapper\Utils\DaxToken.Generated.cs(337,10): warning CS1591: Missing XML comment for publicly visible type or member 'DaxToken.PRICEMAT' [D:\PROJ\TabularEditor_J-audit-v02\TOMWrapper\TOMWrapper.csproj]
D:\PROJ\TabularEditor_J-audit-v02\TOMWrapper\Utils\DaxToken.Generated.cs(338,10): warning CS1591: Missing XML comment for publicly visible type or member 'DaxToken.PV' [D:\PROJ\TabularEditor_J-audit-v02\TOMWrapper\TOMWrapper.csproj]
D:\PROJ\TabularEditor_J-audit-v02\TOMWrapper\Utils\DaxToken.Generated.cs(339,10): warning CS1591: Missing XML comment for publicly visible type or member 'DaxToken.RATE' [D:\PROJ\TabularEditor_J-audit-v02\TOMWrapper\TOMWrapper.csproj]
D:\PROJ\TabularEditor_J-audit-v02\TOMWrapper\Utils\DaxToken.Generated.cs(340,10): warning CS1591: Missing XML comment for publicly visible type or member 'DaxToken.RECEIVED' [D:\PROJ\TabularEditor_J-audit-v02\TOMWrapper\TOMWrapper.csproj]
D:\PROJ\TabularEditor_J-audit-v02\TOMWrapper\Utils\DaxToken.Generated.cs(341,10): warning CS1591: Missing XML comment for publicly visible type or member 'DaxToken.RRI' [D:\PROJ\TabularEditor_J-audit-v02\TOMWrapper\TOMWrapper.csproj]
D:\PROJ\TabularEditor_J-audit-v02\TOMWrapper\Utils\DaxToken.Generated.cs(342,10): warning CS1591: Missing XML comment for publicly visible type or member 'DaxToken.SLN' [D:\PROJ\TabularEditor_J-audit-v02\TOMWrapper\TOMWrapper.csproj]
D:\PROJ\TabularEditor_J-audit-v02\TOMWrapper\Utils\DaxToken.Generated.cs(343,10): warning CS1591: Missing XML comment for publicly visible type or member 'DaxToken.SYD' [D:\PROJ\TabularEditor_J-audit-v02\TOMWrapper\TOMWrapper.csproj]
D:\PROJ\TabularEditor_J-audit-v02\TOMWrapper\Utils\DaxToken.Generated.cs(344,10): warning CS1591: Missing XML comment for publicly visible type or member 'DaxToken.TBILLEQ' [D:\PROJ\TabularEditor_J-audit-v02\TOMWrapper\TOMWrapper.csproj]
D:\PROJ\TabularEditor_J-audit-v02\TOMWrapper\Utils\DaxToken.Generated.cs(345,10): warning CS1591: Missing XML comment for publicly visible type or member 'DaxToken.TBILLPRICE' [D:\PROJ\TabularEditor_J-audit-v02\TOMWrapper\TOMWrapper.csproj]
D:\PROJ\TabularEditor_J-audit-v02\TOMWrapper\Utils\DaxToken.Generated.cs(346,10): warning CS1591: Missing XML comment for publicly visible type or member 'DaxToken.TBILLYIELD' [D:\PROJ\TabularEditor_J-audit-v02\TOMWrapper\TOMWrapper.csproj]
D:\PROJ\TabularEditor_J-audit-v02\TOMWrapper\Utils\DaxToken.Generated.cs(347,10): warning CS1591: Missing XML comment for publicly visible type or member 'DaxToken.VDB' [D:\PROJ\TabularEditor_J-audit-v02\TOMWrapper\TOMWrapper.csproj]
D:\PROJ\TabularEditor_J-audit-v02\TOMWrapper\Utils\DaxToken.Generated.cs(348,10): warning CS1591: Missing XML comment for publicly visible type or member 'DaxToken.YIELD' [D:\PROJ\TabularEditor_J-audit-v02\TOMWrapper\TOMWrapper.csproj]
D:\PROJ\TabularEditor_J-audit-v02\TOMWrapper\Utils\DaxToken.Generated.cs(349,10): warning CS1591: Missing XML comment for publicly visible type or member 'DaxToken.YIELDDISC' [D:\PROJ\TabularEditor_J-audit-v02\TOMWrapper\TOMWrapper.csproj]
D:\PROJ\TabularEditor_J-audit-v02\TOMWrapper\Utils\DaxToken.Generated.cs(350,10): warning CS1591: Missing XML comment for publicly visible type or member 'DaxToken.YIELDMAT' [D:\PROJ\TabularEditor_J-audit-v02\TOMWrapper\TOMWrapper.csproj]
D:\PROJ\TabularEditor_J-audit-v02\TOMWrapper\Utils\DaxToken.Generated.cs(351,10): warning CS1591: Missing XML comment for publicly visible type or member 'DaxToken.SAMPLEAXISWITHLOCALMINMAX' [D:\PROJ\TabularEditor_J-audit-v02\TOMWrapper\TOMWrapper.csproj]
D:\PROJ\TabularEditor_J-audit-v02\TOMWrapper\Utils\DaxToken.Generated.cs(352,10): warning CS1591: Missing XML comment for publicly visible type or member 'DaxToken.EVALUATEANDLOG' [D:\PROJ\TabularEditor_J-audit-v02\TOMWrapper\TOMWrapper.csproj]
D:\PROJ\TabularEditor_J-audit-v02\TOMWrapper\Utils\DaxToken.Generated.cs(353,10): warning CS1591: Missing XML comment for publicly visible type or member 'DaxToken.OFFSET' [D:\PROJ\TabularEditor_J-audit-v02\TOMWrapper\TOMWrapper.csproj]
D:\PROJ\TabularEditor_J-audit-v02\TOMWrapper\Utils\DaxToken.Generated.cs(354,10): warning CS1591: Missing XML comment for publicly visible type or member 'DaxToken.INDEX' [D:\PROJ\TabularEditor_J-audit-v02\TOMWrapper\TOMWrapper.csproj]
D:\PROJ\TabularEditor_J-audit-v02\TOMWrapper\Utils\DaxToken.Generated.cs(355,10): warning CS1591: Missing XML comment for publicly visible type or member 'DaxToken.WINDOW' [D:\PROJ\TabularEditor_J-audit-v02\TOMWrapper\TOMWrapper.csproj]
D:\PROJ\TabularEditor_J-audit-v02\TOMWrapper\Utils\DaxToken.Generated.cs(356,10): warning CS1591: Missing XML comment for publicly visible type or member 'DaxToken.ORDERBY' [D:\PROJ\TabularEditor_J-audit-v02\TOMWrapper\TOMWrapper.csproj]
D:\PROJ\TabularEditor_J-audit-v02\TOMWrapper\Utils\DaxToken.Generated.cs(357,10): warning CS1591: Missing XML comment for publicly visible type or member 'DaxToken.RANK' [D:\PROJ\TabularEditor_J-audit-v02\TOMWrapper\TOMWrapper.csproj]
D:\PROJ\TabularEditor_J-audit-v02\TOMWrapper\Utils\DaxToken.Generated.cs(358,10): warning CS1591: Missing XML comment for publicly visible type or member 'DaxToken.ROWNUMBER' [D:\PROJ\TabularEditor_J-audit-v02\TOMWrapper\TOMWrapper.csproj]
D:\PROJ\TabularEditor_J-audit-v02\TOMWrapper\Utils\DaxToken.Generated.cs(359,10): warning CS1591: Missing XML comment for publicly visible type or member 'DaxToken.PARTITIONBY' [D:\PROJ\TabularEditor_J-audit-v02\TOMWrapper\TOMWrapper.csproj]
D:\PROJ\TabularEditor_J-audit-v02\TOMWrapper\Utils\DaxToken.Generated.cs(360,10): warning CS1591: Missing XML comment for publicly visible type or member 'DaxToken.EXTERNALMEASURE' [D:\PROJ\TabularEditor_J-audit-v02\TOMWrapper\TOMWrapper.csproj]
D:\PROJ\TabularEditor_J-audit-v02\TOMWrapper\Utils\DaxToken.Generated.cs(361,10): warning CS1591: Missing XML comment for publicly visible type or member 'DaxToken.KMEANSCLUSTERING' [D:\PROJ\TabularEditor_J-audit-v02\TOMWrapper\TOMWrapper.csproj]
D:\PROJ\TabularEditor_J-audit-v02\TOMWrapper\Utils\DaxToken.Generated.cs(362,10): warning CS1591: Missing XML comment for publicly visible type or member 'DaxToken.DEFINE' [D:\PROJ\TabularEditor_J-audit-v02\TOMWrapper\TOMWrapper.csproj]
D:\PROJ\TabularEditor_J-audit-v02\TOMWrapper\Utils\DaxToken.Generated.cs(363,10): warning CS1591: Missing XML comment for publicly visible type or member 'DaxToken.EVALUATE' [D:\PROJ\TabularEditor_J-audit-v02\TOMWrapper\TOMWrapper.csproj]
D:\PROJ\TabularEditor_J-audit-v02\TOMWrapper\Utils\DaxToken.Generated.cs(364,10): warning CS1591: Missing XML comment for publicly visible type or member 'DaxToken.ORDER' [D:\PROJ\TabularEditor_J-audit-v02\TOMWrapper\TOMWrapper.csproj]
D:\PROJ\TabularEditor_J-audit-v02\TOMWrapper\Utils\DaxToken.Generated.cs(365,10): warning CS1591: Missing XML comment for publicly visible type or member 'DaxToken.BY' [D:\PROJ\TabularEditor_J-audit-v02\TOMWrapper\TOMWrapper.csproj]
D:\PROJ\TabularEditor_J-audit-v02\TOMWrapper\Utils\DaxToken.Generated.cs(366,10): warning CS1591: Missing XML comment for publicly visible type or member 'DaxToken.START' [D:\PROJ\TabularEditor_J-audit-v02\TOMWrapper\TOMWrapper.csproj]
D:\PROJ\TabularEditor_J-audit-v02\TOMWrapper\Utils\DaxToken.Generated.cs(367,10): warning CS1591: Missing XML comment for publicly visible type or member 'DaxToken.AT' [D:\PROJ\TabularEditor_J-audit-v02\TOMWrapper\TOMWrapper.csproj]
D:\PROJ\TabularEditor_J-audit-v02\TOMWrapper\Utils\DaxToken.Generated.cs(368,10): warning CS1591: Missing XML comment for publicly visible type or member 'DaxToken.RETURN' [D:\PROJ\TabularEditor_J-audit-v02\TOMWrapper\TOMWrapper.csproj]
D:\PROJ\TabularEditor_J-audit-v02\TOMWrapper\Utils\DaxToken.Generated.cs(369,10): warning CS1591: Missing XML comment for publicly visible type or member 'DaxToken.VAR' [D:\PROJ\TabularEditor_J-audit-v02\TOMWrapper\TOMWrapper.csproj]
D:\PROJ\TabularEditor_J-audit-v02\TOMWrapper\Utils\DaxToken.Generated.cs(370,10): warning CS1591: Missing XML comment for publicly visible type or member 'DaxToken.IN' [D:\PROJ\TabularEditor_J-audit-v02\TOMWrapper\TOMWrapper.csproj]
D:\PROJ\TabularEditor_J-audit-v02\TOMWrapper\Utils\DaxToken.Generated.cs(371,10): warning CS1591: Missing XML comment for publicly visible type or member 'DaxToken.ASC' [D:\PROJ\TabularEditor_J-audit-v02\TOMWrapper\TOMWrapper.csproj]
D:\PROJ\TabularEditor_J-audit-v02\TOMWrapper\Utils\DaxToken.Generated.cs(372,10): warning CS1591: Missing XML comment for publicly visible type or member 'DaxToken.DESC' [D:\PROJ\TabularEditor_J-audit-v02\TOMWrapper\TOMWrapper.csproj]
D:\PROJ\TabularEditor_J-audit-v02\TOMWrapper\Utils\DaxToken.Generated.cs(373,10): warning CS1591: Missing XML comment for publicly visible type or member 'DaxToken.SKIP_' [D:\PROJ\TabularEditor_J-audit-v02\TOMWrapper\TOMWrapper.csproj]
D:\PROJ\TabularEditor_J-audit-v02\TOMWrapper\Utils\DaxToken.Generated.cs(374,10): warning CS1591: Missing XML comment for publicly visible type or member 'DaxToken.DENSE' [D:\PROJ\TabularEditor_J-audit-v02\TOMWrapper\TOMWrapper.csproj]
D:\PROJ\TabularEditor_J-audit-v02\TOMWrapper\Utils\DaxToken.Generated.cs(375,10): warning CS1591: Missing XML comment for publicly visible type or member 'DaxToken.BLANKS' [D:\PROJ\TabularEditor_J-audit-v02\TOMWrapper\TOMWrapper.csproj]
D:\PROJ\TabularEditor_J-audit-v02\TOMWrapper\Utils\DaxToken.Generated.cs(376,10): warning CS1591: Missing XML comment for publicly visible type or member 'DaxToken.LAST' [D:\PROJ\TabularEditor_J-audit-v02\TOMWrapper\TOMWrapper.csproj]
D:\PROJ\TabularEditor_J-audit-v02\TOMWrapper\Utils\DaxToken.Generated.cs(377,10): warning CS1591: Missing XML comment for publicly visible type or member 'DaxToken.FIRST' [D:\PROJ\TabularEditor_J-audit-v02\TOMWrapper\TOMWrapper.csproj]
D:\PROJ\TabularEditor_J-audit-v02\TOMWrapper\Utils\DaxToken.Generated.cs(378,10): warning CS1591: Missing XML comment for publicly visible type or member 'DaxToken.WEEK' [D:\PROJ\TabularEditor_J-audit-v02\TOMWrapper\TOMWrapper.csproj]
D:\PROJ\TabularEditor_J-audit-v02\TOMWrapper\Utils\DaxToken.Generated.cs(379,10): warning CS1591: Missing XML comment for publicly visible type or member 'DaxToken.BOTH' [D:\PROJ\TabularEditor_J-audit-v02\TOMWrapper\TOMWrapper.csproj]
D:\PROJ\TabularEditor_J-audit-v02\TOMWrapper\Utils\DaxToken.Generated.cs(380,10): warning CS1591: Missing XML comment for publicly visible type or member 'DaxToken.NONE' [D:\PROJ\TabularEditor_J-audit-v02\TOMWrapper\TOMWrapper.csproj]
D:\PROJ\TabularEditor_J-audit-v02\TOMWrapper\Utils\DaxToken.Generated.cs(381,10): warning CS1591: Missing XML comment for publicly visible type or member 'DaxToken.ONEWAY' [D:\PROJ\TabularEditor_J-audit-v02\TOMWrapper\TOMWrapper.csproj]
D:\PROJ\TabularEditor_J-audit-v02\TOMWrapper\Utils\DaxToken.Generated.cs(382,10): warning CS1591: Missing XML comment for publicly visible type or member 'DaxToken.ONEWAYRIGHTFILTERSLEFT' [D:\PROJ\TabularEditor_J-audit-v02\TOMWrapper\TOMWrapper.csproj]
D:\PROJ\TabularEditor_J-audit-v02\TOMWrapper\Utils\DaxToken.Generated.cs(383,10): warning CS1591: Missing XML comment for publicly visible type or member 'DaxToken.ONEWAYLEFTFILTERSRIGHT' [D:\PROJ\TabularEditor_J-audit-v02\TOMWrapper\TOMWrapper.csproj]
D:\PROJ\TabularEditor_J-audit-v02\TOMWrapper\Utils\DaxToken.Generated.cs(384,10): warning CS1591: Missing XML comment for publicly visible type or member 'DaxToken.INTEGER' [D:\PROJ\TabularEditor_J-audit-v02\TOMWrapper\TOMWrapper.csproj]
D:\PROJ\TabularEditor_J-audit-v02\TOMWrapper\Utils\DaxToken.Generated.cs(385,10): warning CS1591: Missing XML comment for publicly visible type or member 'DaxToken.DOUBLE' [D:\PROJ\TabularEditor_J-audit-v02\TOMWrapper\TOMWrapper.csproj]
D:\PROJ\TabularEditor_J-audit-v02\TOMWrapper\Utils\DaxToken.Generated.cs(386,10): warning CS1591: Missing XML comment for publicly visible type or member 'DaxToken.STRING' [D:\PROJ\TabularEditor_J-audit-v02\TOMWrapper\TOMWrapper.csproj]
D:\PROJ\TabularEditor_J-audit-v02\TOMWrapper\Utils\DaxToken.Generated.cs(387,10): warning CS1591: Missing XML comment for publicly visible type or member 'DaxToken.BOOLEAN' [D:\PROJ\TabularEditor_J-audit-v02\TOMWrapper\TOMWrapper.csproj]
D:\PROJ\TabularEditor_J-audit-v02\TOMWrapper\Utils\DaxToken.Generated.cs(388,10): warning CS1591: Missing XML comment for publicly visible type or member 'DaxToken.DATETIME' [D:\PROJ\TabularEditor_J-audit-v02\TOMWrapper\TOMWrapper.csproj]
D:\PROJ\TabularEditor_J-audit-v02\TOMWrapper\Utils\DaxToken.Generated.cs(389,10): warning CS1591: Missing XML comment for publicly visible type or member 'DaxToken.VARIANT' [D:\PROJ\TabularEditor_J-audit-v02\TOMWrapper\TOMWrapper.csproj]
D:\PROJ\TabularEditor_J-audit-v02\TOMWrapper\Utils\DaxToken.Generated.cs(390,10): warning CS1591: Missing XML comment for publicly visible type or member 'DaxToken.TEXT' [D:\PROJ\TabularEditor_J-audit-v02\TOMWrapper\TOMWrapper.csproj]
D:\PROJ\TabularEditor_J-audit-v02\TOMWrapper\Utils\DaxToken.Generated.cs(391,10): warning CS1591: Missing XML comment for publicly visible type or member 'DaxToken.ALPHABETICAL' [D:\PROJ\TabularEditor_J-audit-v02\TOMWrapper\TOMWrapper.csproj]
D:\PROJ\TabularEditor_J-audit-v02\TOMWrapper\Utils\DaxToken.Generated.cs(392,10): warning CS1591: Missing XML comment for publicly visible type or member 'DaxToken.KEEP' [D:\PROJ\TabularEditor_J-audit-v02\TOMWrapper\TOMWrapper.csproj]
D:\PROJ\TabularEditor_J-audit-v02\TOMWrapper\Utils\DaxToken.Generated.cs(393,10): warning CS1591: Missing XML comment for publicly visible type or member 'DaxToken.REL' [D:\PROJ\TabularEditor_J-audit-v02\TOMWrapper\TOMWrapper.csproj]
D:\PROJ\TabularEditor_J-audit-v02\TOMWrapper\Utils\DaxToken.Generated.cs(394,10): warning CS1591: Missing XML comment for publicly visible type or member 'DaxToken.EXPR' [D:\PROJ\TabularEditor_J-audit-v02\TOMWrapper\TOMWrapper.csproj]
D:\PROJ\TabularEditor_J-audit-v02\TOMWrapper\Utils\DaxToken.Generated.cs(395,10): warning CS1591: Missing XML comment for publicly visible type or member 'DaxToken.VAL' [D:\PROJ\TabularEditor_J-audit-v02\TOMWrapper\TOMWrapper.csproj]
D:\PROJ\TabularEditor_J-audit-v02\TOMWrapper\Utils\DaxToken.Generated.cs(396,10): warning CS1591: Missing XML comment for publicly visible type or member 'DaxToken.ANYVAL' [D:\PROJ\TabularEditor_J-audit-v02\TOMWrapper\TOMWrapper.csproj]
D:\PROJ\TabularEditor_J-audit-v02\TOMWrapper\Utils\DaxToken.Generated.cs(397,10): warning CS1591: Missing XML comment for publicly visible type or member 'DaxToken.ANYREF' [D:\PROJ\TabularEditor_J-audit-v02\TOMWrapper\TOMWrapper.csproj]
D:\PROJ\TabularEditor_J-audit-v02\TOMWrapper\Utils\DaxToken.Generated.cs(398,10): warning CS1591: Missing XML comment for publicly visible type or member 'DaxToken.SCALAR' [D:\PROJ\TabularEditor_J-audit-v02\TOMWrapper\TOMWrapper.csproj]
D:\PROJ\TabularEditor_J-audit-v02\TOMWrapper\Utils\DaxToken.Generated.cs(399,10): warning CS1591: Missing XML comment for publicly visible type or member 'DaxToken.INT64' [D:\PROJ\TabularEditor_J-audit-v02\TOMWrapper\TOMWrapper.csproj]
D:\PROJ\TabularEditor_J-audit-v02\TOMWrapper\Utils\DaxToken.Generated.cs(400,10): warning CS1591: Missing XML comment for publicly visible type or member 'DaxToken.DECIMAL' [D:\PROJ\TabularEditor_J-audit-v02\TOMWrapper\TOMWrapper.csproj]
D:\PROJ\TabularEditor_J-audit-v02\TOMWrapper\Utils\DaxToken.Generated.cs(401,10): warning CS1591: Missing XML comment for publicly visible type or member 'DaxToken.NUMERIC' [D:\PROJ\TabularEditor_J-audit-v02\TOMWrapper\TOMWrapper.csproj]
D:\PROJ\TabularEditor_J-audit-v02\TOMWrapper\Utils\DaxToken.Generated.cs(402,10): warning CS1591: Missing XML comment for publicly visible type or member 'DaxToken.DATE_LITERAL' [D:\PROJ\TabularEditor_J-audit-v02\TOMWrapper\TOMWrapper.csproj]
D:\PROJ\TabularEditor_J-audit-v02\TOMWrapper\Utils\DaxToken.Generated.cs(403,10): warning CS1591: Missing XML comment for publicly visible type or member 'DaxToken.INTEGER_LITERAL' [D:\PROJ\TabularEditor_J-audit-v02\TOMWrapper\TOMWrapper.csproj]
D:\PROJ\TabularEditor_J-audit-v02\TOMWrapper\Utils\DaxToken.Generated.cs(404,10): warning CS1591: Missing XML comment for publicly visible type or member 'DaxToken.REAL_LITERAL' [D:\PROJ\TabularEditor_J-audit-v02\TOMWrapper\TOMWrapper.csproj]
D:\PROJ\TabularEditor_J-audit-v02\TOMWrapper\Utils\DaxToken.Generated.cs(405,10): warning CS1591: Missing XML comment for publicly visible type or member 'DaxToken.STRING_LITERAL' [D:\PROJ\TabularEditor_J-audit-v02\TOMWrapper\TOMWrapper.csproj]
D:\PROJ\TabularEditor_J-audit-v02\TOMWrapper\Utils\DaxToken.Generated.cs(406,10): warning CS1591: Missing XML comment for publicly visible type or member 'DaxToken.TABLE' [D:\PROJ\TabularEditor_J-audit-v02\TOMWrapper\TOMWrapper.csproj]
D:\PROJ\TabularEditor_J-audit-v02\TOMWrapper\Utils\DaxToken.Generated.cs(407,10): warning CS1591: Missing XML comment for publicly visible type or member 'DaxToken.COLUMN_OR_MEASURE' [D:\PROJ\TabularEditor_J-audit-v02\TOMWrapper\TOMWrapper.csproj]
D:\PROJ\TabularEditor_J-audit-v02\TOMWrapper\Utils\DaxToken.Generated.cs(408,10): warning CS1591: Missing XML comment for publicly visible type or member 'DaxToken.TABLE_OR_VARIABLE' [D:\PROJ\TabularEditor_J-audit-v02\TOMWrapper\TOMWrapper.csproj]
D:\PROJ\TabularEditor_J-audit-v02\TOMWrapper\Utils\DaxToken.Generated.cs(409,10): warning CS1591: Missing XML comment for publicly visible type or member 'DaxToken.OPEN_CURLY' [D:\PROJ\TabularEditor_J-audit-v02\TOMWrapper\TOMWrapper.csproj]
D:\PROJ\TabularEditor_J-audit-v02\TOMWrapper\Utils\DaxToken.Generated.cs(410,10): warning CS1591: Missing XML comment for publicly visible type or member 'DaxToken.CLOSE_CURLY' [D:\PROJ\TabularEditor_J-audit-v02\TOMWrapper\TOMWrapper.csproj]
D:\PROJ\TabularEditor_J-audit-v02\TOMWrapper\Utils\DaxToken.Generated.cs(411,10): warning CS1591: Missing XML comment for publicly visible type or member 'DaxToken.OPEN_PARENS' [D:\PROJ\TabularEditor_J-audit-v02\TOMWrapper\TOMWrapper.csproj]
D:\PROJ\TabularEditor_J-audit-v02\TOMWrapper\Utils\DaxToken.Generated.cs(412,10): warning CS1591: Missing XML comment for publicly visible type or member 'DaxToken.CLOSE_PARENS' [D:\PROJ\TabularEditor_J-audit-v02\TOMWrapper\TOMWrapper.csproj]
D:\PROJ\TabularEditor_J-audit-v02\TOMWrapper\Utils\DaxToken.Generated.cs(413,10): warning CS1591: Missing XML comment for publicly visible type or member 'DaxToken.COMMA' [D:\PROJ\TabularEditor_J-audit-v02\TOMWrapper\TOMWrapper.csproj]
D:\PROJ\TabularEditor_J-audit-v02\TOMWrapper\Utils\DaxToken.Generated.cs(414,10): warning CS1591: Missing XML comment for publicly visible type or member 'DaxToken.PLUS' [D:\PROJ\TabularEditor_J-audit-v02\TOMWrapper\TOMWrapper.csproj]
D:\PROJ\TabularEditor_J-audit-v02\TOMWrapper\Utils\DaxToken.Generated.cs(415,10): warning CS1591: Missing XML comment for publicly visible type or member 'DaxToken.MINUS' [D:\PROJ\TabularEditor_J-audit-v02\TOMWrapper\TOMWrapper.csproj]
D:\PROJ\TabularEditor_J-audit-v02\TOMWrapper\Utils\DaxToken.Generated.cs(416,10): warning CS1591: Missing XML comment for publicly visible type or member 'DaxToken.STAR' [D:\PROJ\TabularEditor_J-audit-v02\TOMWrapper\TOMWrapper.csproj]
D:\PROJ\TabularEditor_J-audit-v02\TOMWrapper\Utils\DaxToken.Generated.cs(417,10): warning CS1591: Missing XML comment for publicly visible type or member 'DaxToken.DIV' [D:\PROJ\TabularEditor_J-audit-v02\TOMWrapper\TOMWrapper.csproj]
D:\PROJ\TabularEditor_J-audit-v02\TOMWrapper\Utils\DaxToken.Generated.cs(418,10): warning CS1591: Missing XML comment for publicly visible type or member 'DaxToken.CARET' [D:\PROJ\TabularEditor_J-audit-v02\TOMWrapper\TOMWrapper.csproj]
D:\PROJ\TabularEditor_J-audit-v02\TOMWrapper\Utils\DaxToken.Generated.cs(419,10): warning CS1591: Missing XML comment for publicly visible type or member 'DaxToken.AMP' [D:\PROJ\TabularEditor_J-audit-v02\TOMWrapper\TOMWrapper.csproj]
D:\PROJ\TabularEditor_J-audit-v02\TOMWrapper\Utils\DaxToken.Generated.cs(420,10): warning CS1591: Missing XML comment for publicly visible type or member 'DaxToken.ASSIGNMENT' [D:\PROJ\TabularEditor_J-audit-v02\TOMWrapper\TOMWrapper.csproj]
D:\PROJ\TabularEditor_J-audit-v02\TOMWrapper\Utils\DaxToken.Generated.cs(421,10): warning CS1591: Missing XML comment for publicly visible type or member 'DaxToken.LT' [D:\PROJ\TabularEditor_J-audit-v02\TOMWrapper\TOMWrapper.csproj]
D:\PROJ\TabularEditor_J-audit-v02\TOMWrapper\Utils\DaxToken.Generated.cs(422,10): warning CS1591: Missing XML comment for publicly visible type or member 'DaxToken.GT' [D:\PROJ\TabularEditor_J-audit-v02\TOMWrapper\TOMWrapper.csproj]
D:\PROJ\TabularEditor_J-audit-v02\TOMWrapper\Utils\DaxToken.Generated.cs(423,10): warning CS1591: Missing XML comment for publicly visible type or member 'DaxToken.OP_AND' [D:\PROJ\TabularEditor_J-audit-v02\TOMWrapper\TOMWrapper.csproj]
D:\PROJ\TabularEditor_J-audit-v02\TOMWrapper\Utils\DaxToken.Generated.cs(424,10): warning CS1591: Missing XML comment for publicly visible type or member 'DaxToken.OP_OR' [D:\PROJ\TabularEditor_J-audit-v02\TOMWrapper\TOMWrapper.csproj]
D:\PROJ\TabularEditor_J-audit-v02\TOMWrapper\Utils\DaxToken.Generated.cs(425,10): warning CS1591: Missing XML comment for publicly visible type or member 'DaxToken.OP_NE' [D:\PROJ\TabularEditor_J-audit-v02\TOMWrapper\TOMWrapper.csproj]
D:\PROJ\TabularEditor_J-audit-v02\TOMWrapper\Utils\DaxToken.Generated.cs(426,10): warning CS1591: Missing XML comment for publicly visible type or member 'DaxToken.OP_LE' [D:\PROJ\TabularEditor_J-audit-v02\TOMWrapper\TOMWrapper.csproj]
D:\PROJ\TabularEditor_J-audit-v02\TOMWrapper\Utils\DaxToken.Generated.cs(427,10): warning CS1591: Missing XML comment for publicly visible type or member 'DaxToken.OP_GE' [D:\PROJ\TabularEditor_J-audit-v02\TOMWrapper\TOMWrapper.csproj]
D:\PROJ\TabularEditor_J-audit-v02\TOMWrapper\Utils\DaxToken.Generated.cs(428,10): warning CS1591: Missing XML comment for publicly visible type or member 'DaxToken.LAMBDA' [D:\PROJ\TabularEditor_J-audit-v02\TOMWrapper\TOMWrapper.csproj]
D:\PROJ\TabularEditor_J-audit-v02\TOMWrapper\Utils\DaxToken.Generated.cs(429,10): warning CS1591: Missing XML comment for publicly visible type or member 'DaxToken.COLON' [D:\PROJ\TabularEditor_J-audit-v02\TOMWrapper\TOMWrapper.csproj]
D:\PROJ\TabularEditor_J-audit-v02\TOMWrapper\Utils\DependencyList.cs(41,37): warning CS1591: Missing XML comment for publicly visible type or member 'DependsOnList.GetDependencies(IDaxDependantObject, string, DAXProperty)' [D:\PROJ\TabularEditor_J-audit-v02\TOMWrapper\TOMWrapper.csproj]
D:\PROJ\TabularEditor_J-audit-v02\TOMWrapper\Utils\DependencyList.cs(46,27): warning CS1591: Missing XML comment for publicly visible type or member 'DependsOnList.GetObjectAt(DAXProperty, int)' [D:\PROJ\TabularEditor_J-audit-v02\TOMWrapper\TOMWrapper.csproj]
D:\PROJ\TabularEditor_J-audit-v02\TOMWrapper\Utils\DependencyList.cs(131,37): warning CS1591: Missing XML comment for publicly visible type or member 'DependsOnList.Measures' [D:\PROJ\TabularEditor_J-audit-v02\TOMWrapper\TOMWrapper.csproj]
D:\PROJ\TabularEditor_J-audit-v02\TOMWrapper\Utils\DependencyList.cs(132,36): warning CS1591: Missing XML comment for publicly visible type or member 'DependsOnList.Columns' [D:\PROJ\TabularEditor_J-audit-v02\TOMWrapper\TOMWrapper.csproj]
D:\PROJ\TabularEditor_J-audit-v02\TOMWrapper\Utils\DependencyList.cs(133,35): warning CS1591: Missing XML comment for publicly visible type or member 'DependsOnList.Tables' [D:\PROJ\TabularEditor_J-audit-v02\TOMWrapper\TOMWrapper.csproj]
D:\PROJ\TabularEditor_J-audit-v02\TOMWrapper\Utils\DependencyList.cs(136,21): warning CS1591: Missing XML comment for publicly visible type or member 'DependsOnList.Clear()' [D:\PROJ\TabularEditor_J-audit-v02\TOMWrapper\TOMWrapper.csproj]
D:\PROJ\TabularEditor_J-audit-v02\TOMWrapper\Utils\DependencyList.cs(141,21): warning CS1591: Missing XML comment for publicly visible type or member 'DependsOnList.Remove(IDaxObject)' [D:\PROJ\TabularEditor_J-audit-v02\TOMWrapper\TOMWrapper.csproj]
D:\PROJ\TabularEditor_J-audit-v02\TOMWrapper\Utils\DependencyList.cs(147,38): warning CS1591: Missing XML comment for publicly visible type or member 'DependsOnList.this[IDaxObject]' [D:\PROJ\TabularEditor_J-audit-v02\TOMWrapper\TOMWrapper.csproj]
D:\PROJ\TabularEditor_J-audit-v02\TOMWrapper\Utils\DependencyList.cs(155,20): warning CS1591: Missing XML comment for publicly visible type or member 'DependsOnList.Count' [D:\PROJ\TabularEditor_J-audit-v02\TOMWrapper\TOMWrapper.csproj]
D:\PROJ\TabularEditor_J-audit-v02\TOMWrapper\Utils\DependencyList.cs(163,40): warning CS1591: Missing XML comment for publicly visible type or member 'DependsOnList.Keys' [D:\PROJ\TabularEditor_J-audit-v02\TOMWrapper\TOMWrapper.csproj]
D:\PROJ\TabularEditor_J-audit-v02\TOMWrapper\Utils\DependencyList.cs(171,51): warning CS1591: Missing XML comment for publicly visible type or member 'DependsOnList.Values' [D:\PROJ\TabularEditor_J-audit-v02\TOMWrapper\TOMWrapper.csproj]
D:\PROJ\TabularEditor_J-audit-v02\TOMWrapper\Utils\DependencyList.cs(179,27): warning CS1591: Missing XML comment for publicly visible type or member 'DependsOnList.this[int]' [D:\PROJ\TabularEditor_J-audit-v02\TOMWrapper\TOMWrapper.csproj]
D:\PROJ\TabularEditor_J-audit-v02\TOMWrapper\Utils\DependencyList.cs(187,21): warning CS1591: Missing XML comment for publicly visible type or member 'DependsOnList.ContainsKey(IDaxObject)' [D:\PROJ\TabularEditor_J-audit-v02\TOMWrapper\TOMWrapper.csproj]
D:\PROJ\TabularEditor_J-audit-v02\TOMWrapper\Utils\DependencyList.cs(192,21): warning CS1591: Missing XML comment for publicly visible type or member 'DependsOnList.TryGetValue(IDaxObject, out List<ObjectReference>)' [D:\PROJ\TabularEditor_J-audit-v02\TOMWrapper\TOMWrapper.csproj]
D:\PROJ\TabularEditor_J-audit-v02\TOMWrapper\Utils\DependencyList.cs(202,77): warning CS1591: Missing XML comment for publicly visible type or member 'DependsOnList.GetEnumerator()' [D:\PROJ\TabularEditor_J-audit-v02\TOMWrapper\TOMWrapper.csproj]
D:\PROJ\TabularEditor_J-audit-v02\TOMWrapper\Utils\DependencyList.cs(209,18): warning CS1591: Missing XML comment for publicly visible type or member 'ReferencedByList' [D:\PROJ\TabularEditor_J-audit-v02\TOMWrapper\TOMWrapper.csproj]
D:\PROJ\TabularEditor_J-audit-v02\TOMWrapper\Utils\DependencyList.cs(256,37): warning CS1591: Missing XML comment for publicly visible type or member 'ReferencedByList.AllMeasures' [D:\PROJ\TabularEditor_J-audit-v02\TOMWrapper\TOMWrapper.csproj]
D:\PROJ\TabularEditor_J-audit-v02\TOMWrapper\Utils\DependencyList.cs(257,46): warning CS1591: Missing XML comment for publicly visible type or member 'ReferencedByList.AllColumns' [D:\PROJ\TabularEditor_J-audit-v02\TOMWrapper\TOMWrapper.csproj]
D:\PROJ\TabularEditor_J-audit-v02\TOMWrapper\Utils\DependencyList.cs(258,45): warning CS1591: Missing XML comment for publicly visible type or member 'ReferencedByList.AllTables' [D:\PROJ\TabularEditor_J-audit-v02\TOMWrapper\TOMWrapper.csproj]
D:\PROJ\TabularEditor_J-audit-v02\TOMWrapper\Utils\DependencyList.cs(260,37): warning CS1591: Missing XML comment for publicly visible type or member 'ReferencedByList.Measures' [D:\PROJ\TabularEditor_J-audit-v02\TOMWrapper\TOMWrapper.csproj]
D:\PROJ\TabularEditor_J-audit-v02\TOMWrapper\Utils\DependencyList.cs(261,46): warning CS1591: Missing XML comment for publicly visible type or member 'ReferencedByList.Columns' [D:\PROJ\TabularEditor_J-audit-v02\TOMWrapper\TOMWrapper.csproj]
D:\PROJ\TabularEditor_J-audit-v02\TOMWrapper\Utils\DependencyList.cs(262,45): warning CS1591: Missing XML comment for publicly visible type or member 'ReferencedByList.Tables' [D:\PROJ\TabularEditor_J-audit-v02\TOMWrapper\TOMWrapper.csproj]
D:\PROJ\TabularEditor_J-audit-v02\TOMWrapper\Utils\DependencyList.cs(263,39): warning CS1591: Missing XML comment for publicly visible type or member 'ReferencedByList.Roles' [D:\PROJ\TabularEditor_J-audit-v02\TOMWrapper\TOMWrapper.csproj]
D:\PROJ\TabularEditor_J-audit-v02\TOMWrapper\Utils\DependencyList.cs(266,17): warning CS1591: Missing XML comment for publicly visible type or member 'DAXProperty' [D:\PROJ\TabularEditor_J-audit-v02\TOMWrapper\TOMWrapper.csproj]
D:\PROJ\TabularEditor_J-audit-v02\TOMWrapper\Utils\DependencyList.cs(268,9): warning CS1591: Missing XML comment for publicly visible type or member 'DAXProperty.Expression' [D:\PROJ\TabularEditor_J-audit-v02\TOMWrapper\TOMWrapper.csproj]
D:\PROJ\TabularEditor_J-audit-v02\TOMWrapper\Utils\DependencyList.cs(269,9): warning CS1591: Missing XML comment for publicly visible type or member 'DAXProperty.DetailRowsExpression' [D:\PROJ\TabularEditor_J-audit-v02\TOMWrapper\TOMWrapper.csproj]
D:\PROJ\TabularEditor_J-audit-v02\TOMWrapper\Utils\DependencyList.cs(270,9): warning CS1591: Missing XML comment for publicly visible type or member 'DAXProperty.TargetExpression' [D:\PROJ\TabularEditor_J-audit-v02\TOMWrapper\TOMWrapper.csproj]
D:\PROJ\TabularEditor_J-audit-v02\TOMWrapper\Utils\DependencyList.cs(271,9): warning CS1591: Missing XML comment for publicly visible type or member 'DAXProperty.StatusExpression' [D:\PROJ\TabularEditor_J-audit-v02\TOMWrapper\TOMWrapper.csproj]
D:\PROJ\TabularEditor_J-audit-v02\TOMWrapper\Utils\DependencyList.cs(272,9): warning CS1591: Missing XML comment for publicly visible type or member 'DAXProperty.TrendExpression' [D:\PROJ\TabularEditor_J-audit-v02\TOMWrapper\TOMWrapper.csproj]
D:\PROJ\TabularEditor_J-audit-v02\TOMWrapper\Utils\DependencyList.cs(273,9): warning CS1591: Missing XML comment for publicly visible type or member 'DAXProperty.DefaultDetailRowsExpression' [D:\PROJ\TabularEditor_J-audit-v02\TOMWrapper\TOMWrapper.csproj]
D:\PROJ\TabularEditor_J-audit-v02\TOMWrapper\Utils\DependencyList.cs(274,9): warning CS1591: Missing XML comment for publicly visible type or member 'DAXProperty.FormatStringExpression' [D:\PROJ\TabularEditor_J-audit-v02\TOMWrapper\TOMWrapper.csproj]
D:\PROJ\TabularEditor_J-audit-v02\TOMWrapper\Utils\DependencyList.cs(275,9): warning CS1591: Missing XML comment for publicly visible type or member 'DAXProperty.NoSelectionExpression' [D:\PROJ\TabularEditor_J-audit-v02\TOMWrapper\TOMWrapper.csproj]
D:\PROJ\TabularEditor_J-audit-v02\TOMWrapper\Utils\DependencyList.cs(276,9): warning CS1591: Missing XML comment for publicly visible type or member 'DAXProperty.NoSelectionFormatStringExpression' [D:\PROJ\TabularEditor_J-audit-v02\TOMWrapper\TOMWrapper.csproj]
D:\PROJ\TabularEditor_J-audit-v02\TOMWrapper\Utils\DependencyList.cs(277,9): warning CS1591: Missing XML comment for publicly visible type or member 'DAXProperty.MultipleOrEmptySelectionExpression' [D:\PROJ\TabularEditor_J-audit-v02\TOMWrapper\TOMWrapper.csproj]
D:\PROJ\TabularEditor_J-audit-v02\TOMWrapper\Utils\DependencyList.cs(278,9): warning CS1591: Missing XML comment for publicly visible type or member 'DAXProperty.MultipleOrEmptySelectionFormatStringExpression' [D:\PROJ\TabularEditor_J-audit-v02\TOMWrapper\TOMWrapper.csproj]
D:\PROJ\TabularEditor_J-audit-v02\TOMWrapper\Utils\DependencyList.cs(279,9): warning CS1591: Missing XML comment for publicly visible type or member 'DAXProperty.DataCoverageExpression' [D:\PROJ\TabularEditor_J-audit-v02\TOMWrapper\TOMWrapper.csproj]
D:\PROJ\TabularEditor_J-audit-v02\TOMWrapper\Utils\DependencyList.cs(282,25): warning CS1591: Missing XML comment for publicly visible type or member 'DAXPropertyHelper' [D:\PROJ\TabularEditor_J-audit-v02\TOMWrapper\TOMWrapper.csproj]
D:\PROJ\TabularEditor_J-audit-v02\TOMWrapper\Utils\DependencyList.cs(284,30): warning CS1591: Missing XML comment for publicly visible type or member 'DAXPropertyHelper.GetDescription(DAXProperty)' [D:\PROJ\TabularEditor_J-audit-v02\TOMWrapper\TOMWrapper.csproj]
D:\PROJ\TabularEditor_J-audit-v02\TOMWrapper\Utils\DependencyList.cs(300,19): warning CS1591: Missing XML comment for publicly visible type or member 'ObjectReference' [D:\PROJ\TabularEditor_J-audit-v02\TOMWrapper\TOMWrapper.csproj]
D:\PROJ\TabularEditor_J-audit-v02\TOMWrapper\Utils\DependencyList.cs(302,28): warning CS1591: Missing XML comment for publicly visible type or member 'ObjectReference.property' [D:\PROJ\TabularEditor_J-audit-v02\TOMWrapper\TOMWrapper.csproj]
D:\PROJ\TabularEditor_J-audit-v02\TOMWrapper\Utils\DependencyList.cs(303,20): warning CS1591: Missing XML comment for publicly visible type or member 'ObjectReference.from' [D:\PROJ\TabularEditor_J-audit-v02\TOMWrapper\TOMWrapper.csproj]
D:\PROJ\TabularEditor_J-audit-v02\TOMWrapper\Utils\DependencyList.cs(304,20): warning CS1591: Missing XML comment for publicly visible type or member 'ObjectReference.to' [D:\PROJ\TabularEditor_J-audit-v02\TOMWrapper\TOMWrapper.csproj]
D:\PROJ\TabularEditor_J-audit-v02\TOMWrapper\Utils\DependencyList.cs(305,21): warning CS1591: Missing XML comment for publicly visible type or member 'ObjectReference.fullyQualified' [D:\PROJ\TabularEditor_J-audit-v02\TOMWrapper\TOMWrapper.csproj]
D:\PROJ\TabularEditor_J-audit-v02\TOMWrapper\Utils\TabularDeployer.cs(14,18): warning CS1591: Missing XML comment for publicly visible type or member 'TabularDeployer' [D:\PROJ\TabularEditor_J-audit-v02\TOMWrapper\TOMWrapper.csproj]
D:\PROJ\TabularEditor_J-audit-v02\TOMWrapper\Utils\TabularDeployer.cs(16,23): warning CS1591: Missing XML comment for publicly visible type or member 'TabularDeployer.GetTMSL(Database, Server, string, DeploymentOptions, bool)' [D:\PROJ\TabularEditor_J-audit-v02\TOMWrapper\TOMWrapper.csproj]
D:\PROJ\TabularEditor_J-audit-v02\TOMWrapper\Utils\TabularDeployer.cs(35,40): warning CS1591: Missing XML comment for publicly visible type or member 'TabularDeployer.Deploy(TabularModelHandler, string, string)' [D:\PROJ\TabularEditor_J-audit-v02\TOMWrapper\TOMWrapper.csproj]
D:\PROJ\TabularEditor_J-audit-v02\TOMWrapper\Utils\TabularDeployer.cs(39,40): warning CS1591: Missing XML comment for publicly visible type or member 'TabularDeployer.Deploy(TabularModelHandler, string, string, DeploymentOptions)' [D:\PROJ\TabularEditor_J-audit-v02\TOMWrapper\TOMWrapper.csproj]
D:\PROJ\TabularEditor_J-audit-v02\TOMWrapper\Utils\TabularDeployer.cs(44,21): warning CS1591: Missing XML comment for publicly visible type or member 'TabularDeployer.SaveModelMetadataBackup(string, string, string)' [D:\PROJ\TabularEditor_J-audit-v02\TOMWrapper\TOMWrapper.csproj]
D:\PROJ\TabularEditor_J-audit-v02\TOMWrapper\Utils\TabularDeployer.cs(59,21): warning CS1591: Missing XML comment for publicly visible type or member 'TabularDeployer.WriteZip(string, string)' [D:\PROJ\TabularEditor_J-audit-v02\TOMWrapper\TOMWrapper.csproj]
D:\PROJ\TabularEditor_J-audit-v02\TOMWrapper\Utils\TabularDeployer.cs(122,23): warning CS1591: Missing XML comment for publicly visible type or member 'TabularDeployer.LastExecutedTmsl' [D:\PROJ\TabularEditor_J-audit-v02\TOMWrapper\TOMWrapper.csproj]
D:\PROJ\TabularEditor_J-audit-v02\TOMWrapper\Utils\TabularDeployer.cs(124,33): warning CS1591: Missing XML comment for publicly visible type or member 'TabularDeployer.GetLastDeploymentResults(Database)' [D:\PROJ\TabularEditor_J-audit-v02\TOMWrapper\TOMWrapper.csproj]
D:\PROJ\TabularEditor_J-audit-v02\TOMWrapper\Utils\TabularDeployer.cs(412,18): warning CS1591: Missing XML comment for publicly visible type or member 'DeploymentException' [D:\PROJ\TabularEditor_J-audit-v02\TOMWrapper\TOMWrapper.csproj]
D:\PROJ\TabularEditor_J-audit-v02\TOMWrapper\Utils\TabularDeployer.cs(414,16): warning CS1591: Missing XML comment for publicly visible type or member 'DeploymentException.DeploymentException(string)' [D:\PROJ\TabularEditor_J-audit-v02\TOMWrapper\TOMWrapper.csproj]
D:\PROJ\TabularEditor_J-audit-v02\TOMWrapper\Utils\TabularDeployer.cs(420,18): warning CS1591: Missing XML comment for publicly visible type or member 'DeploymentResult' [D:\PROJ\TabularEditor_J-audit-v02\TOMWrapper\TOMWrapper.csproj]
D:\PROJ\TabularEditor_J-audit-v02\TOMWrapper\Utils\TabularDeployer.cs(422,47): warning CS1591: Missing XML comment for publicly visible type or member 'DeploymentResult.Issues' [D:\PROJ\TabularEditor_J-audit-v02\TOMWrapper\TOMWrapper.csproj]
D:\PROJ\TabularEditor_J-audit-v02\TOMWrapper\Utils\TabularDeployer.cs(423,47): warning CS1591: Missing XML comment for publicly visible type or member 'DeploymentResult.Warnings' [D:\PROJ\TabularEditor_J-audit-v02\TOMWrapper\TOMWrapper.csproj]
D:\PROJ\TabularEditor_J-audit-v02\TOMWrapper\Utils\TabularDeployer.cs(424,47): warning CS1591: Missing XML comment for publicly visible type or member 'DeploymentResult.Unprocessed' [D:\PROJ\TabularEditor_J-audit-v02\TOMWrapper\TOMWrapper.csproj]
D:\PROJ\TabularEditor_J-audit-v02\TOMWrapper\Utils\TabularDeployer.cs(425,36): warning CS1591: Missing XML comment for publicly visible type or member 'DeploymentResult.DestinationServer' [D:\PROJ\TabularEditor_J-audit-v02\TOMWrapper\TOMWrapper.csproj]
D:\PROJ\TabularEditor_J-audit-v02\TOMWrapper\Utils\TabularDeployer.cs(426,16): warning CS1591: Missing XML comment for publicly visible type or member 'DeploymentResult.DeploymentResult(IEnumerable<string>, IEnumerable<string>, IEnumerable<string>, Server)' [D:\PROJ\TabularEditor_J-audit-v02\TOMWrapper\TOMWrapper.csproj]
D:\PROJ\TabularEditor_J-audit-v02\TOMWrapper\Utils\TabularDeployer.cs(434,18): warning CS1591: Missing XML comment for publicly visible type or member 'DeploymentOptions' [D:\PROJ\TabularEditor_J-audit-v02\TOMWrapper\TOMWrapper.csproj]
D:\PROJ\TabularEditor_J-audit-v02\TOMWrapper\Utils\TabularDeployer.cs(436,31): warning CS1591: Missing XML comment for publicly visible type or member 'DeploymentOptions.DeployMode' [D:\PROJ\TabularEditor_J-audit-v02\TOMWrapper\TOMWrapper.csproj]
D:\PROJ\TabularEditor_J-audit-v02\TOMWrapper\Utils\TabularDeployer.cs(437,21): warning CS1591: Missing XML comment for publicly visible type or member 'DeploymentOptions.DeployConnections' [D:\PROJ\TabularEditor_J-audit-v02\TOMWrapper\TOMWrapper.csproj]
D:\PROJ\TabularEditor_J-audit-v02\TOMWrapper\Utils\TabularDeployer.cs(438,21): warning CS1591: Missing XML comment for publicly visible type or member 'DeploymentOptions.DeployPartitions' [D:\PROJ\TabularEditor_J-audit-v02\TOMWrapper\TOMWrapper.csproj]
D:\PROJ\TabularEditor_J-audit-v02\TOMWrapper\Utils\TabularDeployer.cs(439,21): warning CS1591: Missing XML comment for publicly visible type or member 'DeploymentOptions.SkipRefreshPolicyPartitions' [D:\PROJ\TabularEditor_J-audit-v02\TOMWrapper\TOMWrapper.csproj]
D:\PROJ\TabularEditor_J-audit-v02\TOMWrapper\Utils\TabularDeployer.cs(440,21): warning CS1591: Missing XML comment for publicly visible type or member 'DeploymentOptions.DeployRoles' [D:\PROJ\TabularEditor_J-audit-v02\TOMWrapper\TOMWrapper.csproj]
D:\PROJ\TabularEditor_J-audit-v02\TOMWrapper\Utils\TabularDeployer.cs(441,21): warning CS1591: Missing XML comment for publicly visible type or member 'DeploymentOptions.DeploySharedExpressions' [D:\PROJ\TabularEditor_J-audit-v02\TOMWrapper\TOMWrapper.csproj]
D:\PROJ\TabularEditor_J-audit-v02\TOMWrapper\Utils\TabularDeployer.cs(442,21): warning CS1591: Missing XML comment for publicly visible type or member 'DeploymentOptions.DeployRoleMembers' [D:\PROJ\TabularEditor_J-audit-v02\TOMWrapper\TOMWrapper.csproj]
D:\PROJ\TabularEditor_J-audit-v02\TOMWrapper\Utils\TabularDeployer.cs(443,21): warning CS1591: Missing XML comment for publicly visible type or member 'DeploymentOptions.ThrowIfEnterprise' [D:\PROJ\TabularEditor_J-audit-v02\TOMWrapper\TOMWrapper.csproj]
D:\PROJ\TabularEditor_J-audit-v02\TOMWrapper\Utils\TabularDeployer.cs(444,21): warning CS1591: Missing XML comment for publicly visible type or member 'DeploymentOptions.RemoveRoleMemberIds' [D:\PROJ\TabularEditor_J-audit-v02\TOMWrapper\TOMWrapper.csproj]
D:\PROJ\TabularEditor_J-audit-v02\TOMWrapper\Utils\TabularDeployer.cs(445,21): warning CS1591: Missing XML comment for publicly visible type or member 'DeploymentOptions.AutoRefresh' [D:\PROJ\TabularEditor_J-audit-v02\TOMWrapper\TOMWrapper.csproj]
D:\PROJ\TabularEditor_J-audit-v02\TOMWrapper\Utils\TabularDeployer.cs(462,34): warning CS1591: Missing XML comment for publicly visible type or member 'DeploymentOptions.Clone()' [D:\PROJ\TabularEditor_J-audit-v02\TOMWrapper\TOMWrapper.csproj]
D:\PROJ\TabularEditor_J-audit-v02\TOMWrapper\Utils\TabularDeployer.cs(596,17): warning CS1591: Missing XML comment for publicly visible type or member 'DeploymentMode' [D:\PROJ\TabularEditor_J-audit-v02\TOMWrapper\TOMWrapper.csproj]
D:\PROJ\TabularEditor_J-audit-v02\TOMWrapper\Utils\TabularDeployer.cs(598,9): warning CS1591: Missing XML comment for publicly visible type or member 'DeploymentMode.CreateDatabase' [D:\PROJ\TabularEditor_J-audit-v02\TOMWrapper\TOMWrapper.csproj]
D:\PROJ\TabularEditor_J-audit-v02\TOMWrapper\Utils\TabularDeployer.cs(599,9): warning CS1591: Missing XML comment for publicly visible type or member 'DeploymentMode.CreateOrAlter' [D:\PROJ\TabularEditor_J-audit-v02\TOMWrapper\TOMWrapper.csproj]
D:\PROJ\TabularEditor_J-audit-v02\TOMWrapper\Utils\FormulaFixup.cs(19,57): warning CS1573: Parameter 'rebuildImmediately' has no matching param tag in the XML comment for 'FormulaFixup.DoFixup(IDaxObject, bool)' (but other parameters do) [D:\PROJ\TabularEditor_J-audit-v02\TOMWrapper\TOMWrapper.csproj]
D:\PROJ\TabularEditor_J-audit-v02\TOMWrapper\TOMWrapper\TabularModelHandlerExtension.cs(7,25): warning CS1591: Missing XML comment for publicly visible type or member 'TabularModelHandlerExtension' [D:\PROJ\TabularEditor_J-audit-v02\TOMWrapper\TOMWrapper.csproj]
D:\PROJ\TabularEditor_J-audit-v02\TOMWrapper\TOMWrapper\TabularModelHandlerExtension.cs(9,28): warning CS1591: Missing XML comment for publicly visible type or member 'TabularModelHandlerExtension.IsPBIDesktop(Database)' [D:\PROJ\TabularEditor_J-audit-v02\TOMWrapper\TOMWrapper.csproj]
D:\PROJ\TabularEditor_J-audit-v02\TOMWrapper\TOMWrapper\TabularModelHandlerExtension.cs(13,28): warning CS1591: Missing XML comment for publicly visible type or member 'TabularModelHandlerExtension.IsAzure(Server)' [D:\PROJ\TabularEditor_J-audit-v02\TOMWrapper\TOMWrapper.csproj]
D:\PROJ\TabularEditor_J-audit-v02\TOMWrapper\TOMWrapper\TabularModelHandlerExtension.cs(25,30): warning CS1591: Missing XML comment for publicly visible type or member 'TabularModelHandlerExtension.GetServerTypeName(Database)' [D:\PROJ\TabularEditor_J-audit-v02\TOMWrapper\TOMWrapper.csproj]
D:\PROJ\TabularEditor_J-audit-v02\TOMWrapper\TOMWrapper\TabularModelHandlerExtension.cs(38,36): warning CS1591: Missing XML comment for publicly visible type or member 'TabularModelHandlerExtension.GetServerType(Server)' [D:\PROJ\TabularEditor_J-audit-v02\TOMWrapper\TOMWrapper.csproj]
D:\PROJ\TabularEditor_J-audit-v02\TOMWrapper\TOMWrapper\TabularModelHandlerExtension.cs(66,36): warning CS1591: Missing XML comment for publicly visible type or member 'TabularModelHandlerExtension.GetServerType(Database)' [D:\PROJ\TabularEditor_J-audit-v02\TOMWrapper\TOMWrapper.csproj]
D:\PROJ\TabularEditor_J-audit-v02\TOMWrapper\TOMWrapper\TabularModelHandlerExtension.cs(73,28): warning CS1591: Missing XML comment for publicly visible type or member 'TabularModelHandlerExtension.HasDirectLake(TabularModelHandler)' [D:\PROJ\TabularEditor_J-audit-v02\TOMWrapper\TOMWrapper.csproj]
D:\PROJ\TabularEditor_J-audit-v02\TOMWrapper\TOMWrapper\TabularModelHandlerExtension.cs(82,17): warning CS1591: Missing XML comment for publicly visible type or member 'AsServerType' [D:\PROJ\TabularEditor_J-audit-v02\TOMWrapper\TOMWrapper.csproj]
D:\PROJ\TabularEditor_J-audit-v02\TOMWrapper\TOMWrapper\TabularModelHandlerExtension.cs(84,9): warning CS1591: Missing XML comment for publicly visible type or member 'AsServerType.NotConnected' [D:\PROJ\TabularEditor_J-audit-v02\TOMWrapper\TOMWrapper.csproj]
D:\PROJ\TabularEditor_J-audit-v02\TOMWrapper\TOMWrapper\TabularModelHandlerExtension.cs(85,9): warning CS1591: Missing XML comment for publicly visible type or member 'AsServerType.SSAS' [D:\PROJ\TabularEditor_J-audit-v02\TOMWrapper\TOMWrapper.csproj]
D:\PROJ\TabularEditor_J-audit-v02\TOMWrapper\TOMWrapper\TabularModelHandlerExtension.cs(86,9): warning CS1591: Missing XML comment for publicly visible type or member 'AsServerType.AzureAS' [D:\PROJ\TabularEditor_J-audit-v02\TOMWrapper\TOMWrapper.csproj]
D:\PROJ\TabularEditor_J-audit-v02\TOMWrapper\TOMWrapper\TabularModelHandlerExtension.cs(87,9): warning CS1591: Missing XML comment for publicly visible type or member 'AsServerType.PBIDesktop' [D:\PROJ\TabularEditor_J-audit-v02\TOMWrapper\TOMWrapper.csproj]
D:\PROJ\TabularEditor_J-audit-v02\TOMWrapper\TOMWrapper\TabularModelHandlerExtension.cs(88,9): warning CS1591: Missing XML comment for publicly visible type or member 'AsServerType.PBIReportServer' [D:\PROJ\TabularEditor_J-audit-v02\TOMWrapper\TOMWrapper.csproj]
D:\PROJ\TabularEditor_J-audit-v02\TOMWrapper\TOMWrapper\TabularModelHandlerExtension.cs(89,9): warning CS1591: Missing XML comment for publicly visible type or member 'AsServerType.PBIService' [D:\PROJ\TabularEditor_J-audit-v02\TOMWrapper\TOMWrapper.csproj]
D:\PROJ\TabularEditor_J-audit-v02\TOMWrapper\TOMWrapper\PolicyRangePartition.cs(10,18): warning CS1591: Missing XML comment for publicly visible type or member 'PolicyRangePartition' [D:\PROJ\TabularEditor_J-audit-v02\TOMWrapper\TOMWrapper.csproj]
D:\PROJ\TabularEditor_J-audit-v02\TOMWrapper\TOMWrapper\PolicyRangePartition.cs(12,35): warning CS1591: Missing XML comment for publicly visible type or member 'PolicyRangePartition.Clone(string, Table)' [D:\PROJ\TabularEditor_J-audit-v02\TOMWrapper\TOMWrapper.csproj]
D:\PROJ\TabularEditor_J-audit-v02\TOMWrapper\TOMWrapper\PolicyRangePartition.cs(36,33): warning CS1591: Missing XML comment for publicly visible type or member 'PolicyRangePartition.Init()' [D:\PROJ\TabularEditor_J-audit-v02\TOMWrapper\TOMWrapper.csproj]
D:\PROJ\TabularEditor_J-audit-v02\TOMWrapper\TOMWrapper\PolicyRangePartition.cs(46,19): warning CS1591: Missing XML comment for publicly visible type or member 'PolicyRangePartition.PolicyRangePartition(Partition)' [D:\PROJ\TabularEditor_J-audit-v02\TOMWrapper\TOMWrapper.csproj]
D:\PROJ\TabularEditor_J-audit-v02\TOMWrapper\TOMWrapper\PolicyRangePartition.cs(50,48): warning CS1591: Missing XML comment for publicly visible type or member 'PolicyRangePartition.CreateNew(Table, string)' [D:\PROJ\TabularEditor_J-audit-v02\TOMWrapper\TOMWrapper.csproj]
D:\PROJ\TabularEditor_J-audit-v02\TOMWrapper\TOMWrapper\PolicyRangePartition.cs(85,25): warning CS1591: Missing XML comment for publicly visible type or member 'PolicyRangePartition.Start' [D:\PROJ\TabularEditor_J-audit-v02\TOMWrapper\TOMWrapper.csproj]
D:\PROJ\TabularEditor_J-audit-v02\TOMWrapper\TOMWrapper\PolicyRangePartition.cs(92,25): warning CS1591: Missing XML comment for publicly visible type or member 'PolicyRangePartition.End' [D:\PROJ\TabularEditor_J-audit-v02\TOMWrapper\TOMWrapper.csproj]
D:\PROJ\TabularEditor_J-audit-v02\TOMWrapper\TOMWrapper\PolicyRangePartition.cs(99,39): warning CS1591: Missing XML comment for publicly visible type or member 'PolicyRangePartition.Granularity' [D:\PROJ\TabularEditor_J-audit-v02\TOMWrapper\TOMWrapper.csproj]
D:\PROJ\TabularEditor_J-audit-v02\TOMWrapper\TOMWrapper\PolicyRangePartition.cs(106,23): warning CS1591: Missing XML comment for publicly visible type or member 'PolicyRangePartition.RefreshBookmark' [D:\PROJ\TabularEditor_J-audit-v02\TOMWrapper\TOMWrapper.csproj]
D:\PROJ\TabularEditor_J-audit-v02\TOMWrapper\TOMWrapper\EntityPartition.cs(10,18): warning CS1591: Missing XML comment for publicly visible type or member 'EntityPartition' [D:\PROJ\TabularEditor_J-audit-v02\TOMWrapper\TOMWrapper.csproj]
D:\PROJ\TabularEditor_J-audit-v02\TOMWrapper\TOMWrapper\EntityPartition.cs(12,35): warning CS1591: Missing XML comment for publicly visible type or member 'EntityPartition.Clone(string, Table)' [D:\PROJ\TabularEditor_J-audit-v02\TOMWrapper\TOMWrapper.csproj]
D:\PROJ\TabularEditor_J-audit-v02\TOMWrapper\TOMWrapper\EntityPartition.cs(36,33): warning CS1591: Missing XML comment for publicly visible type or member 'EntityPartition.Init()' [D:\PROJ\TabularEditor_J-audit-v02\TOMWrapper\TOMWrapper.csproj]
D:\PROJ\TabularEditor_J-audit-v02\TOMWrapper\TOMWrapper\EntityPartition.cs(46,19): warning CS1591: Missing XML comment for publicly visible type or member 'EntityPartition.EntityPartition(Partition)' [D:\PROJ\TabularEditor_J-audit-v02\TOMWrapper\TOMWrapper.csproj]
D:\PROJ\TabularEditor_J-audit-v02\TOMWrapper\TOMWrapper\EntityPartition.cs(50,43): warning CS1591: Missing XML comment for publicly visible type or member 'EntityPartition.CreateNew(Table, string)' [D:\PROJ\TabularEditor_J-audit-v02\TOMWrapper\TOMWrapper.csproj]
D:\PROJ\TabularEditor_J-audit-v02\TOMWrapper\TOMWrapper\EntityPartition.cs(83,32): warning CS1591: Missing XML comment for publicly visible type or member 'EntityPartition.ExpressionSource' [D:\PROJ\TabularEditor_J-audit-v02\TOMWrapper\TOMWrapper.csproj]
D:\PROJ\TabularEditor_J-audit-v02\TOMWrapper\TOMWrapper\EntityPartition.cs(99,23): warning CS1591: Missing XML comment for publicly visible type or member 'EntityPartition.EntityName' [D:\PROJ\TabularEditor_J-audit-v02\TOMWrapper\TOMWrapper.csproj]
D:\PROJ\TabularEditor_J-audit-v02\TOMWrapper\TOMWrapper\EntityPartition.cs(106,23): warning CS1591: Missing XML comment for publicly visible type or member 'EntityPartition.SchemaName' [D:\PROJ\TabularEditor_J-audit-v02\TOMWrapper\TOMWrapper.csproj]
D:\PROJ\TabularEditor_J-audit-v02\TOMWrapper\TOMWrapper\Indexers\SynonymIndexer.cs(12,25): warning CS1591: Missing XML comment for publicly visible type or member 'SynonymIndexer' [D:\PROJ\TabularEditor_J-audit-v02\TOMWrapper\TOMWrapper.csproj]
D:\PROJ\TabularEditor_J-audit-v02\TOMWrapper\TOMWrapper\Indexers\SynonymIndexer.cs(16,21): warning CS1591: Missing XML comment for publicly visible type or member 'SynonymIndexer.IsEmpty' [D:\PROJ\TabularEditor_J-audit-v02\TOMWrapper\TOMWrapper.csproj]
D:\PROJ\TabularEditor_J-audit-v02\TOMWrapper\TOMWrapper\Indexers\SynonymIndexer.cs(21,21): warning CS1591: Missing XML comment for publicly visible type or member 'SynonymIndexer.Refresh()' [D:\PROJ\TabularEditor_J-audit-v02\TOMWrapper\TOMWrapper.csproj]
D:\PROJ\TabularEditor_J-audit-v02\TOMWrapper\TOMWrapper\Indexers\SynonymIndexer.cs(26,23): warning CS1591: Missing XML comment for publicly visible type or member 'SynonymIndexer.GetDisplayName(string)' [D:\PROJ\TabularEditor_J-audit-v02\TOMWrapper\TOMWrapper.csproj]
D:\PROJ\TabularEditor_J-audit-v02\TOMWrapper\TOMWrapper\Indexers\SynonymIndexer.cs(35,23): warning CS1591: Missing XML comment for publicly visible type or member 'SynonymIndexer.Summary' [D:\PROJ\TabularEditor_J-audit-v02\TOMWrapper\TOMWrapper.csproj]
D:\PROJ\TabularEditor_J-audit-v02\TOMWrapper\TOMWrapper\Indexers\SynonymIndexer.cs(44,37): warning CS1591: Missing XML comment for publicly visible type or member 'SynonymIndexer.LinguisticCultures' [D:\PROJ\TabularEditor_J-audit-v02\TOMWrapper\TOMWrapper.csproj]
D:\PROJ\TabularEditor_J-audit-v02\TOMWrapper\TOMWrapper\Indexers\SynonymIndexer.cs(46,36): warning CS1591: Missing XML comment for publicly visible type or member 'SynonymIndexer.Keys' [D:\PROJ\TabularEditor_J-audit-v02\TOMWrapper\TOMWrapper.csproj]
D:\PROJ\TabularEditor_J-audit-v02\TOMWrapper\TOMWrapper\Indexers\SynonymIndexer.cs(73,23): warning CS1591: Missing XML comment for publicly visible type or member 'SynonymIndexer.this[Culture]' [D:\PROJ\TabularEditor_J-audit-v02\TOMWrapper\TOMWrapper.csproj]
D:\PROJ\TabularEditor_J-audit-v02\TOMWrapper\TOMWrapper\Indexers\SynonymIndexer.cs(89,23): warning CS1591: Missing XML comment for publicly visible type or member 'SynonymIndexer.this[string]' [D:\PROJ\TabularEditor_J-audit-v02\TOMWrapper\TOMWrapper.csproj]
D:\PROJ\TabularEditor_J-audit-v02\TOMWrapper\TOMWrapper\Indexers\SynonymIndexer.cs(102,36): warning CS1591: Missing XML comment for publicly visible type or member 'SynonymIndexer.GetEnumerator()' [D:\PROJ\TabularEditor_J-audit-v02\TOMWrapper\TOMWrapper.csproj]
D:\PROJ\TabularEditor_J-audit-v02\TOMWrapper\TOMWrapper\SynonymHelper.cs(10,25): warning CS1591: Missing XML comment for publicly visible type or member 'SynonymHelper' [D:\PROJ\TabularEditor_J-audit-v02\TOMWrapper\TOMWrapper.csproj]
D:\PROJ\TabularEditor_J-audit-v02\TOMWrapper\TOMWrapper\SynonymHelper.cs(12,30): warning CS1591: Missing XML comment for publicly visible type or member 'SynonymHelper.GetSynonyms(TabularNamedObject, Culture)' [D:\PROJ\TabularEditor_J-audit-v02\TOMWrapper\TOMWrapper.csproj]
D:\PROJ\TabularEditor_J-audit-v02\TOMWrapper\TOMWrapper\SynonymHelper.cs(30,28): warning CS1591: Missing XML comment for publicly visible type or member 'SynonymHelper.SetSynonyms(TabularNamedObject, Culture, string)' [D:\PROJ\TabularEditor_J-audit-v02\TOMWrapper\TOMWrapper.csproj]
D:\PROJ\TabularEditor_J-audit-v02\TOMWrapper\TOMWrapper\SynonymHelper.cs(184,18): warning CS1591: Missing XML comment for publicly visible type or member 'Term' [D:\PROJ\TabularEditor_J-audit-v02\TOMWrapper\TOMWrapper.csproj]
D:\PROJ\TabularEditor_J-audit-v02\TOMWrapper\TOMWrapper\SynonymHelper.cs(186,23): warning CS1591: Missing XML comment for publicly visible type or member 'Term.Name' [D:\PROJ\TabularEditor_J-audit-v02\TOMWrapper\TOMWrapper.csproj]
D:\PROJ\TabularEditor_J-audit-v02\TOMWrapper\TOMWrapper\SynonymHelper.cs(187,31): warning CS1591: Missing XML comment for publicly visible type or member 'Term.Properties' [D:\PROJ\TabularEditor_J-audit-v02\TOMWrapper\TOMWrapper.csproj]
D:\PROJ\TabularEditor_J-audit-v02\TOMWrapper\TOMWrapper\SynonymHelper.cs(190,18): warning CS1591: Missing XML comment for publicly visible type or member 'TermProperties' [D:\PROJ\TabularEditor_J-audit-v02\TOMWrapper\TOMWrapper.csproj]
D:\PROJ\TabularEditor_J-audit-v02\TOMWrapper\TOMWrapper\SynonymHelper.cs(192,22): warning CS1591: Missing XML comment for publicly visible type or member 'TermProperties.State' [D:\PROJ\TabularEditor_J-audit-v02\TOMWrapper\TOMWrapper.csproj]
D:\PROJ\TabularEditor_J-audit-v02\TOMWrapper\TOMWrapper\SynonymHelper.cs(193,21): warning CS1591: Missing XML comment for publicly visible type or member 'TermProperties.ShouldSerializeState()' [D:\PROJ\TabularEditor_J-audit-v02\TOMWrapper\TOMWrapper.csproj]
D:\PROJ\TabularEditor_J-audit-v02\TOMWrapper\TOMWrapper\SynonymHelper.cs(195,36): warning CS1591: Missing XML comment for publicly visible type or member 'TermProperties.Type' [D:\PROJ\TabularEditor_J-audit-v02\TOMWrapper\TOMWrapper.csproj]
D:\PROJ\TabularEditor_J-audit-v02\TOMWrapper\TOMWrapper\SynonymHelper.cs(196,21): warning CS1591: Missing XML comment for publicly visible type or member 'TermProperties.ShouldSerializeType()' [D:\PROJ\TabularEditor_J-audit-v02\TOMWrapper\TOMWrapper.csproj]
D:\PROJ\TabularEditor_J-audit-v02\TOMWrapper\TOMWrapper\SynonymHelper.cs(198,23): warning CS1591: Missing XML comment for publicly visible type or member 'TermProperties.Weight' [D:\PROJ\TabularEditor_J-audit-v02\TOMWrapper\TOMWrapper.csproj]
D:\PROJ\TabularEditor_J-audit-v02\TOMWrapper\TOMWrapper\SynonymHelper.cs(199,21): warning CS1591: Missing XML comment for publicly visible type or member 'TermProperties.ShouldSerializeWeight()' [D:\PROJ\TabularEditor_J-audit-v02\TOMWrapper\TOMWrapper.csproj]
D:\PROJ\TabularEditor_J-audit-v02\TOMWrapper\TOMWrapper\SynonymHelper.cs(201,26): warning CS1591: Missing XML comment for publicly visible type or member 'TermProperties.LastModified' [D:\PROJ\TabularEditor_J-audit-v02\TOMWrapper\TOMWrapper.csproj]
D:\PROJ\TabularEditor_J-audit-v02\TOMWrapper\TOMWrapper\SynonymHelper.cs(202,21): warning CS1591: Missing XML comment for publicly visible type or member 'TermProperties.ShouldSerializeLastModified()' [D:\PROJ\TabularEditor_J-audit-v02\TOMWrapper\TOMWrapper.csproj]
D:\PROJ\TabularEditor_J-audit-v02\TOMWrapper\TOMWrapper\SynonymHelper.cs(206,17): warning CS1591: Missing XML comment for publicly visible type or member 'State' [D:\PROJ\TabularEditor_J-audit-v02\TOMWrapper\TOMWrapper.csproj]
D:\PROJ\TabularEditor_J-audit-v02\TOMWrapper\TOMWrapper\SynonymHelper.cs(208,9): warning CS1591: Missing XML comment for publicly visible type or member 'State.Authored' [D:\PROJ\TabularEditor_J-audit-v02\TOMWrapper\TOMWrapper.csproj]
D:\PROJ\TabularEditor_J-audit-v02\TOMWrapper\TOMWrapper\SynonymHelper.cs(209,9): warning CS1591: Missing XML comment for publicly visible type or member 'State.Generated' [D:\PROJ\TabularEditor_J-audit-v02\TOMWrapper\TOMWrapper.csproj]
D:\PROJ\TabularEditor_J-audit-v02\TOMWrapper\TOMWrapper\SynonymHelper.cs(210,9): warning CS1591: Missing XML comment for publicly visible type or member 'State.Suggested' [D:\PROJ\TabularEditor_J-audit-v02\TOMWrapper\TOMWrapper.csproj]
D:\PROJ\TabularEditor_J-audit-v02\TOMWrapper\TOMWrapper\SynonymHelper.cs(211,9): warning CS1591: Missing XML comment for publicly visible type or member 'State.Deleted' [D:\PROJ\TabularEditor_J-audit-v02\TOMWrapper\TOMWrapper.csproj]
D:\PROJ\TabularEditor_J-audit-v02\TOMWrapper\TOMWrapper\SynonymHelper.cs(212,9): warning CS1591: Missing XML comment for publicly visible type or member 'State.Default' [D:\PROJ\TabularEditor_J-audit-v02\TOMWrapper\TOMWrapper.csproj]
D:\PROJ\TabularEditor_J-audit-v02\TOMWrapper\TOMWrapper\SynonymHelper.cs(216,17): warning CS1591: Missing XML comment for publicly visible type or member 'TermPropertiesType' [D:\PROJ\TabularEditor_J-audit-v02\TOMWrapper\TOMWrapper.csproj]
D:\PROJ\TabularEditor_J-audit-v02\TOMWrapper\TOMWrapper\SynonymHelper.cs(218,9): warning CS1591: Missing XML comment for publicly visible type or member 'TermPropertiesType.Noun' [D:\PROJ\TabularEditor_J-audit-v02\TOMWrapper\TOMWrapper.csproj]
D:\PROJ\TabularEditor_J-audit-v02\TOMWrapper\TOMWrapper\SynonymHelper.cs(219,9): warning CS1591: Missing XML comment for publicly visible type or member 'TermPropertiesType.Verb' [D:\PROJ\TabularEditor_J-audit-v02\TOMWrapper\TOMWrapper.csproj]
D:\PROJ\TabularEditor_J-audit-v02\TOMWrapper\TOMWrapper\SynonymHelper.cs(220,9): warning CS1591: Missing XML comment for publicly visible type or member 'TermPropertiesType.Adjective' [D:\PROJ\TabularEditor_J-audit-v02\TOMWrapper\TOMWrapper.csproj]
D:\PROJ\TabularEditor_J-audit-v02\TOMWrapper\TOMWrapper\SynonymHelper.cs(221,9): warning CS1591: Missing XML comment for publicly visible type or member 'TermPropertiesType.Preposition' [D:\PROJ\TabularEditor_J-audit-v02\TOMWrapper\TOMWrapper.csproj]
D:\PROJ\TabularEditor_J-audit-v02\TOMWrapper\TOMWrapper\MPartition.cs(9,18): warning CS1591: Missing XML comment for publicly visible type or member 'MPartition' [D:\PROJ\TabularEditor_J-audit-v02\TOMWrapper\TOMWrapper.csproj]
D:\PROJ\TabularEditor_J-audit-v02\TOMWrapper\TOMWrapper\MPartition.cs(11,35): warning CS1591: Missing XML comment for publicly visible type or member 'MPartition.Clone(string, Table)' [D:\PROJ\TabularEditor_J-audit-v02\TOMWrapper\TOMWrapper.csproj]
D:\PROJ\TabularEditor_J-audit-v02\TOMWrapper\TOMWrapper\MPartition.cs(35,33): warning CS1591: Missing XML comment for publicly visible type or member 'MPartition.Init()' [D:\PROJ\TabularEditor_J-audit-v02\TOMWrapper\TOMWrapper.csproj]
D:\PROJ\TabularEditor_J-audit-v02\TOMWrapper\TOMWrapper\MPartition.cs(45,19): warning CS1591: Missing XML comment for publicly visible type or member 'MPartition.MPartition(Partition)' [D:\PROJ\TabularEditor_J-audit-v02\TOMWrapper\TOMWrapper.csproj]
D:\PROJ\TabularEditor_J-audit-v02\TOMWrapper\TOMWrapper\MPartition.cs(49,38): warning CS1591: Missing XML comment for publicly visible type or member 'MPartition.CreateNew(Table, string)' [D:\PROJ\TabularEditor_J-audit-v02\TOMWrapper\TOMWrapper.csproj]
D:\PROJ\TabularEditor_J-audit-v02\TOMWrapper\TOMWrapper\MPartition.cs(82,23): warning CS1591: Missing XML comment for publicly visible type or member 'MPartition.MExpression' [D:\PROJ\TabularEditor_J-audit-v02\TOMWrapper\TOMWrapper.csproj]
D:\PROJ\TabularEditor_J-audit-v02\TOMWrapper\TOMWrapper\MPartition.cs(86,23): warning CS1591: Missing XML comment for publicly visible type or member 'MPartition.Attributes' [D:\PROJ\TabularEditor_J-audit-v02\TOMWrapper\TOMWrapper.csproj]
D:\PROJ\TabularEditor_J-audit-v02\TOMWrapper\TOMWrapper\AlternateOf.cs(13,35): warning CS1591: Missing XML comment for publicly visible type or member 'AlternateOf.CreateNew()' [D:\PROJ\TabularEditor_J-audit-v02\TOMWrapper\TOMWrapper.csproj]
D:\PROJ\TabularEditor_J-audit-v02\TOMWrapper\TOMWrapper\AlternateOf.cs(32,30): warning CS1591: Missing XML comment for publicly visible type or member 'AlternateOf.Delete()' [D:\PROJ\TabularEditor_J-audit-v02\TOMWrapper\TOMWrapper.csproj]
D:\PROJ\TabularEditor_J-audit-v02\TOMWrapper\TOMWrapper\AlternateOf.cs(38,32): warning CS1591: Missing XML comment for publicly visible type or member 'AlternateOf.ObjectTypeName' [D:\PROJ\TabularEditor_J-audit-v02\TOMWrapper\TOMWrapper.csproj]
D:\PROJ\TabularEditor_J-audit-v02\TOMWrapper\TOMWrapper\AlternateOf.cs(42,33): warning CS1591: Missing XML comment for publicly visible type or member 'AlternateOf.OnPropertyChanging(string, object, ref bool, ref bool)' [D:\PROJ\TabularEditor_J-audit-v02\TOMWrapper\TOMWrapper.csproj]
D:\PROJ\TabularEditor_J-audit-v02\TOMWrapper\TOMWrapper\AlternateOf.cs(58,33): warning CS1591: Missing XML comment for publicly visible type or member 'AlternateOf.OnPropertyChanged(string, object, object)' [D:\PROJ\TabularEditor_J-audit-v02\TOMWrapper\TOMWrapper.csproj]
D:\PROJ\TabularEditor_J-audit-v02\TOMWrapper\TOMWrapper\CalculationGroupTable.cs(112,21): warning CS1591: Missing XML comment for publicly visible type or member 'CalculationGroupTable.CompactLevelOrdinals()' [D:\PROJ\TabularEditor_J-audit-v02\TOMWrapper\TOMWrapper.csproj]
D:\PROJ\TabularEditor_J-audit-v02\TOMWrapper\TOMWrapper\CalculationGroupTable.cs(122,21): warning CS1591: Missing XML comment for publicly visible type or member 'CalculationGroupTable.FixItemOrder(CalculationItem, int)' [D:\PROJ\TabularEditor_J-audit-v02\TOMWrapper\TOMWrapper.csproj]
D:\PROJ\TabularEditor_J-audit-v02\TOMWrapper\TOMWrapper\CalculationGroupTable.cs(143,21): warning CS1591: Missing XML comment for publicly visible type or member 'CalculationGroupTable.SetLevelOrder(IList<CalculationItem>)' [D:\PROJ\TabularEditor_J-audit-v02\TOMWrapper\TOMWrapper.csproj]
D:\PROJ\TabularEditor_J-audit-v02\TOMWrapper\TOMWrapper\CalculationGroupTable.cs(202,49): warning CS1591: Missing XML comment for publicly visible type or member 'CalculationGroupTable.CreateNew(Model, string)' [D:\PROJ\TabularEditor_J-audit-v02\TOMWrapper\TOMWrapper.csproj]
D:\PROJ\TabularEditor_J-audit-v02\TOMWrapper\TOMWrapper\CalculationGroupTable.cs(230,33): warning CS1591: Missing XML comment for publicly visible type or member 'CalculationGroupTable.CalculationGroup' [D:\PROJ\TabularEditor_J-audit-v02\TOMWrapper\TOMWrapper.csproj]
D:\PROJ\TabularEditor_J-audit-v02\TOMWrapper\TOMWrapper\CalculationGroupTable.cs(233,20): warning CS1591: Missing XML comment for publicly visible type or member 'CalculationGroupTable.CalculationGroupPrecedence' [D:\PROJ\TabularEditor_J-audit-v02\TOMWrapper\TOMWrapper.csproj]
D:\PROJ\TabularEditor_J-audit-v02\TOMWrapper\TOMWrapper\CalculationGroupTable.cs(236,23): warning CS1591: Missing XML comment for publicly visible type or member 'CalculationGroupTable.CalculationGroupDescription' [D:\PROJ\TabularEditor_J-audit-v02\TOMWrapper\TOMWrapper.csproj]
D:\PROJ\TabularEditor_J-audit-v02\TOMWrapper\TOMWrapper\CalculationGroupTable.cs(239,37): warning CS1591: Missing XML comment for publicly visible type or member 'CalculationGroupTable.CalculationGroupAnnotations' [D:\PROJ\TabularEditor_J-audit-v02\TOMWrapper\TOMWrapper.csproj]
D:\PROJ\TabularEditor_J-audit-v02\TOMWrapper\TOMWrapper\CalculationGroupTable.cs(300,33): warning CS1591: Missing XML comment for publicly visible type or member 'CalculationGroupTable.Init()' [D:\PROJ\TabularEditor_J-audit-v02\TOMWrapper\TOMWrapper.csproj]
D:\PROJ\TabularEditor_J-audit-v02\TOMWrapper\TOMWrapper\CalculationGroupTable.cs(321,36): warning CS1591: Missing XML comment for publicly visible type or member 'CalculationGroupTable.ObjectType' [D:\PROJ\TabularEditor_J-audit-v02\TOMWrapper\TOMWrapper.csproj]
D:\PROJ\TabularEditor_J-audit-v02\TOMWrapper\TOMWrapper\CalculationGroupTable.cs(323,42): warning CS1591: Missing XML comment for publicly visible type or member 'CalculationGroupTable.CalculationItems' [D:\PROJ\TabularEditor_J-audit-v02\TOMWrapper\TOMWrapper.csproj]
D:\PROJ\TabularEditor_J-audit-v02\TOMWrapper\TOMWrapper\CalculationGroupTable.cs(356,26): warning CS1591: Missing XML comment for publicly visible type or member 'CalculationGroupTable.DefaultExpressionRequiredCompatibilityLevel' [D:\PROJ\TabularEditor_J-audit-v02\TOMWrapper\TOMWrapper.csproj]
D:\PROJ\TabularEditor_J-audit-v02\TOMWrapper\TOMWrapper\CalculationItem.cs(14,33): warning CS1591: Missing XML comment for publicly visible type or member 'CalculationItem.Init()' [D:\PROJ\TabularEditor_J-audit-v02\TOMWrapper\TOMWrapper.csproj]
D:\PROJ\TabularEditor_J-audit-v02\TOMWrapper\TOMWrapper\CalculationItem.cs(22,38): warning CS1591: Missing XML comment for publicly visible type or member 'CalculationItem.CalculationGroupTable' [D:\PROJ\TabularEditor_J-audit-v02\TOMWrapper\TOMWrapper.csproj]
D:\PROJ\TabularEditor_J-audit-v02\TOMWrapper\TOMWrapper\CalculationItem.cs(45,21): warning CS1591: Missing XML comment for publicly visible type or member 'CalculationItem.NeedsValidation' [D:\PROJ\TabularEditor_J-audit-v02\TOMWrapper\TOMWrapper.csproj]
D:\PROJ\TabularEditor_J-audit-v02\TOMWrapper\TOMWrapper\CalculationItem.cs(50,23): warning CS1591: Missing XML comment for publicly visible type or member 'CalculationItem.FormatStringExpression' [D:\PROJ\TabularEditor_J-audit-v02\TOMWrapper\TOMWrapper.csproj]
D:\PROJ\TabularEditor_J-audit-v02\TOMWrapper\TOMWrapper\CalculationItem.cs(78,21): warning CS1591: Missing XML comment for publicly visible type or member 'CalculationItem.ShouldSerializeFormatStringExpression()' [D:\PROJ\TabularEditor_J-audit-v02\TOMWrapper\TOMWrapper.csproj]
D:\PROJ\TabularEditor_J-audit-v02\TOMWrapper\TOMWrapper\CalculationItem.cs(80,33): warning CS1591: Missing XML comment for publicly visible type or member 'CalculationItem.OnPropertyChanging(string, object, ref bool, ref bool)' [D:\PROJ\TabularEditor_J-audit-v02\TOMWrapper\TOMWrapper.csproj]
D:\PROJ\TabularEditor_J-audit-v02\TOMWrapper\TOMWrapper\CalculationItem.cs(94,33): warning CS1591: Missing XML comment for publicly visible type or member 'CalculationItem.OnPropertyChanged(string, object, object)' [D:\PROJ\TabularEditor_J-audit-v02\TOMWrapper\TOMWrapper.csproj]
D:\PROJ\TabularEditor_J-audit-v02\TOMWrapper\TOMWrapper\CalculationItem.cs(110,30): warning CS1591: Missing XML comment for publicly visible type or member 'CalculationItem.DependsOn' [D:\PROJ\TabularEditor_J-audit-v02\TOMWrapper\TOMWrapper.csproj]
D:\PROJ\TabularEditor_J-audit-v02\TOMWrapper\TOMWrapper\CalculationItem.cs(141,38): warning CS1591: Missing XML comment for publicly visible type or member 'CalculationItemCollection.CalculationGroupTable' [D:\PROJ\TabularEditor_J-audit-v02\TOMWrapper\TOMWrapper.csproj]
D:\PROJ\TabularEditor_J-audit-v02\TOMWrapper\TOMWrapper\CalculationItem.cs(144,23): warning CS1591: Missing XML comment for publicly visible type or member 'CalculationItemCollection.ObjectTypeName' [D:\PROJ\TabularEditor_J-audit-v02\TOMWrapper\TOMWrapper.csproj]
D:\PROJ\TabularEditor_J-audit-v02\TOMWrapper\TOMWrapper\CalculationItem.cs(188,21): warning CS1591: Missing XML comment for publicly visible type or member 'CalculationItemCollection.SetAnnotation(int, string, bool)' [D:\PROJ\TabularEditor_J-audit-v02\TOMWrapper\TOMWrapper.csproj]
D:\PROJ\TabularEditor_J-audit-v02\TOMWrapper\TOMWrapper\CalculationItem.cs(193,21): warning CS1591: Missing XML comment for publicly visible type or member 'CalculationItemCollection.SetAnnotation(string, string, bool)' [D:\PROJ\TabularEditor_J-audit-v02\TOMWrapper\TOMWrapper.csproj]
D:\PROJ\TabularEditor_J-audit-v02\TOMWrapper\TOMWrapper\CalculationItem.cs(198,21): warning CS1591: Missing XML comment for publicly visible type or member 'CalculationItemCollection.RemoveAnnotation(string, bool)' [D:\PROJ\TabularEditor_J-audit-v02\TOMWrapper\TOMWrapper.csproj]
D:\PROJ\TabularEditor_J-audit-v02\TOMWrapper\TOMWrapper\CalculationItem.cs(203,21): warning CS1591: Missing XML comment for publicly visible type or member 'CalculationItemCollection.HasAnnotation(string)' [D:\PROJ\TabularEditor_J-audit-v02\TOMWrapper\TOMWrapper.csproj]
D:\PROJ\TabularEditor_J-audit-v02\TOMWrapper\TOMWrapper\CalculationItem.cs(208,23): warning CS1591: Missing XML comment for publicly visible type or member 'CalculationItemCollection.GetAnnotation(int)' [D:\PROJ\TabularEditor_J-audit-v02\TOMWrapper\TOMWrapper.csproj]
D:\PROJ\TabularEditor_J-audit-v02\TOMWrapper\TOMWrapper\CalculationItem.cs(213,23): warning CS1591: Missing XML comment for publicly visible type or member 'CalculationItemCollection.GetAnnotation(string)' [D:\PROJ\TabularEditor_J-audit-v02\TOMWrapper\TOMWrapper.csproj]
D:\PROJ\TabularEditor_J-audit-v02\TOMWrapper\TOMWrapper\CalculationItem.cs(218,23): warning CS1591: Missing XML comment for publicly visible type or member 'CalculationItemCollection.GetNewAnnotationName()' [D:\PROJ\TabularEditor_J-audit-v02\TOMWrapper\TOMWrapper.csproj]
D:\PROJ\TabularEditor_J-audit-v02\TOMWrapper\TOMWrapper\CalculationItem.cs(223,21): warning CS1591: Missing XML comment for publicly visible type or member 'CalculationItemCollection.SetAnnotation(int, string)' [D:\PROJ\TabularEditor_J-audit-v02\TOMWrapper\TOMWrapper.csproj]
D:\PROJ\TabularEditor_J-audit-v02\TOMWrapper\TOMWrapper\CalculationItem.cs(228,21): warning CS1591: Missing XML comment for publicly visible type or member 'CalculationItemCollection.SetAnnotation(string, string)' [D:\PROJ\TabularEditor_J-audit-v02\TOMWrapper\TOMWrapper.csproj]
D:\PROJ\TabularEditor_J-audit-v02\TOMWrapper\TOMWrapper\CalculationItem.cs(233,21): warning CS1591: Missing XML comment for publicly visible type or member 'CalculationItemCollection.RemoveAnnotation(string)' [D:\PROJ\TabularEditor_J-audit-v02\TOMWrapper\TOMWrapper.csproj]
D:\PROJ\TabularEditor_J-audit-v02\TOMWrapper\TOMWrapper\CalculationItem.cs(238,20): warning CS1591: Missing XML comment for publicly visible type or member 'CalculationItemCollection.GetAnnotationsCount()' [D:\PROJ\TabularEditor_J-audit-v02\TOMWrapper\TOMWrapper.csproj]
D:\PROJ\TabularEditor_J-audit-v02\TOMWrapper\TOMWrapper\CalculationItem.cs(243,36): warning CS1591: Missing XML comment for publicly visible type or member 'CalculationItemCollection.GetAnnotations()' [D:\PROJ\TabularEditor_J-audit-v02\TOMWrapper\TOMWrapper.csproj]
D:\PROJ\TabularEditor_J-audit-v02\TOMWrapper\TOMWrapper\CalculationItem.cs(248,21): warning CS1591: Missing XML comment for publicly visible type or member 'CalculationItemCollection.Browsable(string)' [D:\PROJ\TabularEditor_J-audit-v02\TOMWrapper\TOMWrapper.csproj]
D:\PROJ\TabularEditor_J-audit-v02\TOMWrapper\TOMWrapper\CalculationItem.cs(253,21): warning CS1591: Missing XML comment for publicly visible type or member 'CalculationItemCollection.Editable(string)' [D:\PROJ\TabularEditor_J-audit-v02\TOMWrapper\TOMWrapper.csproj]
D:\PROJ\TabularEditor_J-audit-v02\TOMWrapper\TOMWrapper\DeploymentMetadata.cs(7,18): warning CS1591: Missing XML comment for publicly visible type or member 'DeploymentMetadata' [D:\PROJ\TabularEditor_J-audit-v02\TOMWrapper\TOMWrapper.csproj]
D:\PROJ\TabularEditor_J-audit-v02\TOMWrapper\TOMWrapper\DeploymentMetadata.cs(10,23): warning CS1591: Missing XML comment for publicly visible type or member 'DeploymentMetadata.User' [D:\PROJ\TabularEditor_J-audit-v02\TOMWrapper\TOMWrapper.csproj]
D:\PROJ\TabularEditor_J-audit-v02\TOMWrapper\TOMWrapper\DeploymentMetadata.cs(12,25): warning CS1591: Missing XML comment for publicly visible type or member 'DeploymentMetadata.Time' [D:\PROJ\TabularEditor_J-audit-v02\TOMWrapper\TOMWrapper.csproj]
D:\PROJ\TabularEditor_J-audit-v02\TOMWrapper\TOMWrapper\DeploymentMetadata.cs(14,23): warning CS1591: Missing XML comment for publicly visible type or member 'DeploymentMetadata.ClientMachine' [D:\PROJ\TabularEditor_J-audit-v02\TOMWrapper\TOMWrapper.csproj]
D:\PROJ\TabularEditor_J-audit-v02\TOMWrapper\TOMWrapper\DeploymentMetadata.cs(16,39): warning CS1591: Missing XML comment for publicly visible type or member 'DeploymentMetadata.DeploymentMode' [D:\PROJ\TabularEditor_J-audit-v02\TOMWrapper\TOMWrapper.csproj]
D:\PROJ\TabularEditor_J-audit-v02\TOMWrapper\TOMWrapper\DeploymentMetadata.cs(18,23): warning CS1591: Missing XML comment for publicly visible type or member 'DeploymentMetadata.TabularEditorBuild' [D:\PROJ\TabularEditor_J-audit-v02\TOMWrapper\TOMWrapper.csproj]
D:\PROJ\TabularEditor_J-audit-v02\TOMWrapper\TOMWrapper\DeploymentMetadata.cs(22,17): warning CS1591: Missing XML comment for publicly visible type or member 'DeploymentModeMetadata' [D:\PROJ\TabularEditor_J-audit-v02\TOMWrapper\TOMWrapper.csproj]
D:\PROJ\TabularEditor_J-audit-v02\TOMWrapper\TOMWrapper\DeploymentMetadata.cs(24,9): warning CS1591: Missing XML comment for publicly visible type or member 'DeploymentModeMetadata.WizardUI' [D:\PROJ\TabularEditor_J-audit-v02\TOMWrapper\TOMWrapper.csproj]
D:\PROJ\TabularEditor_J-audit-v02\TOMWrapper\TOMWrapper\DeploymentMetadata.cs(25,9): warning CS1591: Missing XML comment for publicly visible type or member 'DeploymentModeMetadata.SaveUI' [D:\PROJ\TabularEditor_J-audit-v02\TOMWrapper\TOMWrapper.csproj]
D:\PROJ\TabularEditor_J-audit-v02\TOMWrapper\TOMWrapper\DeploymentMetadata.cs(26,9): warning CS1591: Missing XML comment for publicly visible type or member 'DeploymentModeMetadata.CLI' [D:\PROJ\TabularEditor_J-audit-v02\TOMWrapper\TOMWrapper.csproj]
D:\PROJ\TabularEditor_J-audit-v02\TOMWrapper\TOMWrapper\ExtendedPropertyCollection.cs(9,27): warning CS1591: Missing XML comment for publicly visible type or member 'ExtendedProperty' [D:\PROJ\TabularEditor_J-audit-v02\TOMWrapper\TOMWrapper.csproj]
D:\PROJ\TabularEditor_J-audit-v02\TOMWrapper\TOMWrapper\ExtendedPropertyCollection.cs(11,23): warning CS1591: Missing XML comment for publicly visible type or member 'ExtendedProperty.Name' [D:\PROJ\TabularEditor_J-audit-v02\TOMWrapper\TOMWrapper.csproj]
D:\PROJ\TabularEditor_J-audit-v02\TOMWrapper\TOMWrapper\ExtendedPropertyCollection.cs(13,23): warning CS1591: Missing XML comment for publicly visible type or member 'ExtendedProperty.Value' [D:\PROJ\TabularEditor_J-audit-v02\TOMWrapper\TOMWrapper.csproj]
D:\PROJ\TabularEditor_J-audit-v02\TOMWrapper\TOMWrapper\ExtendedPropertyCollection.cs(14,46): warning CS1591: Missing XML comment for publicly visible type or member 'ExtendedProperty.Type' [D:\PROJ\TabularEditor_J-audit-v02\TOMWrapper\TOMWrapper.csproj]
D:\PROJ\TabularEditor_J-audit-v02\TOMWrapper\TOMWrapper\ExtendedPropertyCollection.cs(17,25): warning CS1591: Missing XML comment for publicly visible type or member 'JsonExtendedProperty' [D:\PROJ\TabularEditor_J-audit-v02\TOMWrapper\TOMWrapper.csproj]
D:\PROJ\TabularEditor_J-audit-v02\TOMWrapper\TOMWrapper\ExtendedPropertyCollection.cs(19,46): warning CS1591: Missing XML comment for publicly visible type or member 'JsonExtendedProperty.Type' [D:\PROJ\TabularEditor_J-audit-v02\TOMWrapper\TOMWrapper.csproj]
D:\PROJ\TabularEditor_J-audit-v02\TOMWrapper\TOMWrapper\ExtendedPropertyCollection.cs(21,25): warning CS1591: Missing XML comment for publicly visible type or member 'StringExtendedProperty' [D:\PROJ\TabularEditor_J-audit-v02\TOMWrapper\TOMWrapper.csproj]
D:\PROJ\TabularEditor_J-audit-v02\TOMWrapper\TOMWrapper\ExtendedPropertyCollection.cs(23,46): warning CS1591: Missing XML comment for publicly visible type or member 'StringExtendedProperty.Type' [D:\PROJ\TabularEditor_J-audit-v02\TOMWrapper\TOMWrapper.csproj]
D:\PROJ\TabularEditor_J-audit-v02\TOMWrapper\TOMWrapper\ExtendedPropertyCollection.cs(27,25): warning CS1591: Missing XML comment for publicly visible type or member 'ExtendedPropertyCollection' [D:\PROJ\TabularEditor_J-audit-v02\TOMWrapper\TOMWrapper.csproj]
D:\PROJ\TabularEditor_J-audit-v02\TOMWrapper\TOMWrapper\ExtendedPropertyCollection.cs(29,40): warning CS1591: Missing XML comment for publicly visible type or member 'ExtendedPropertyCollection.Parent' [D:\PROJ\TabularEditor_J-audit-v02\TOMWrapper\TOMWrapper.csproj]
D:\PROJ\TabularEditor_J-audit-v02\TOMWrapper\TOMWrapper\ExtendedPropertyCollection.cs(36,21): warning CS1591: Missing XML comment for publicly visible type or member 'ExtendedPropertyCollection.EnableMultiLine' [D:\PROJ\TabularEditor_J-audit-v02\TOMWrapper\TOMWrapper.csproj]
D:\PROJ\TabularEditor_J-audit-v02\TOMWrapper\TOMWrapper\ExtendedPropertyCollection.cs(38,23): warning CS1591: Missing XML comment for publicly visible type or member 'ExtendedPropertyCollection.this[string]' [D:\PROJ\TabularEditor_J-audit-v02\TOMWrapper\TOMWrapper.csproj]
D:\PROJ\TabularEditor_J-audit-v02\TOMWrapper\TOMWrapper\ExtendedPropertyCollection.cs(57,36): warning CS1591: Missing XML comment for publicly visible type or member 'ExtendedPropertyCollection.Keys' [D:\PROJ\TabularEditor_J-audit-v02\TOMWrapper\TOMWrapper.csproj]
D:\PROJ\TabularEditor_J-audit-v02\TOMWrapper\TOMWrapper\ExtendedPropertyCollection.cs(65,23): warning CS1591: Missing XML comment for publicly visible type or member 'ExtendedPropertyCollection.Summary' [D:\PROJ\TabularEditor_J-audit-v02\TOMWrapper\TOMWrapper.csproj]
D:\PROJ\TabularEditor_J-audit-v02\TOMWrapper\TOMWrapper\ExtendedPropertyCollection.cs(74,23): warning CS1591: Missing XML comment for publicly visible type or member 'ExtendedPropertyCollection.GetDisplayName(string)' [D:\PROJ\TabularEditor_J-audit-v02\TOMWrapper\TOMWrapper.csproj]
D:\PROJ\TabularEditor_J-audit-v02\TOMWrapper\TOMWrapper\ExtendedPropertyCollection.cs(79,21): warning CS1591: Missing XML comment for publicly visible type or member 'ExtendedPropertyCollection.Refresh()' [D:\PROJ\TabularEditor_J-audit-v02\TOMWrapper\TOMWrapper.csproj]
D:\PROJ\TabularEditor_J-audit-v02\TOMWrapper\TOMWrapper\Variation.cs(13,25): warning CS1591: Missing XML comment for publicly visible type or member 'Variation.IsBrowsable(string)' [D:\PROJ\TabularEditor_J-audit-v02\TOMWrapper\TOMWrapper.csproj]
D:\PROJ\TabularEditor_J-audit-v02\TOMWrapper\TOMWrapper\Variation.cs(25,25): warning CS1591: Missing XML comment for publicly visible type or member 'Variation.IsEditable(string)' [D:\PROJ\TabularEditor_J-audit-v02\TOMWrapper\TOMWrapper.csproj]
D:\PROJ\TabularEditor_J-audit-v02\TOMWrapper\TOMWrapper\StructuredDataSource.cs(15,33): warning CS1591: Missing XML comment for publicly visible type or member 'StructuredDataSource.OnPropertyChanged(string, object, object)' [D:\PROJ\TabularEditor_J-audit-v02\TOMWrapper\TOMWrapper.csproj]
D:\PROJ\TabularEditor_J-audit-v02\TOMWrapper\TOMWrapper\StructuredDataSource.cs(31,33): warning CS1591: Missing XML comment for publicly visible type or member 'StructuredDataSource.Init()' [D:\PROJ\TabularEditor_J-audit-v02\TOMWrapper\TOMWrapper.csproj]
D:\PROJ\TabularEditor_J-audit-v02\TOMWrapper\TOMWrapper\StructuredDataSource.cs(43,23): warning CS1591: Missing XML comment for publicly visible type or member 'StructuredDataSource.Protocol' [D:\PROJ\TabularEditor_J-audit-v02\TOMWrapper\TOMWrapper.csproj]
D:\PROJ\TabularEditor_J-audit-v02\TOMWrapper\TOMWrapper\StructuredDataSource.cs(63,38): warning CS1591: Missing XML comment for publicly visible type or member 'StructuredDataSource.Options' [D:\PROJ\TabularEditor_J-audit-v02\TOMWrapper\TOMWrapper.csproj]
D:\PROJ\TabularEditor_J-audit-v02\TOMWrapper\TOMWrapper\StructuredDataSource.cs(67,31): warning CS1591: Missing XML comment for publicly visible type or member 'StructuredDataSource.Credential' [D:\PROJ\TabularEditor_J-audit-v02\TOMWrapper\TOMWrapper.csproj]
D:\PROJ\TabularEditor_J-audit-v02\TOMWrapper\TOMWrapper\StructuredDataSource.cs(71,28): warning CS1591: Missing XML comment for publicly visible type or member 'StructuredDataSource.Address' [D:\PROJ\TabularEditor_J-audit-v02\TOMWrapper\TOMWrapper.csproj]
D:\PROJ\TabularEditor_J-audit-v02\TOMWrapper\TOMWrapper\StructuredDataSource.cs(74,23): warning CS1591: Missing XML comment for publicly visible type or member 'StructuredDataSource.Username' [D:\PROJ\TabularEditor_J-audit-v02\TOMWrapper\TOMWrapper.csproj]
D:\PROJ\TabularEditor_J-audit-v02\TOMWrapper\TOMWrapper\StructuredDataSource.cs(82,23): warning CS1591: Missing XML comment for publicly visible type or member 'StructuredDataSource.Password' [D:\PROJ\TabularEditor_J-audit-v02\TOMWrapper\TOMWrapper.csproj]
D:\PROJ\TabularEditor_J-audit-v02\TOMWrapper\TOMWrapper\StructuredDataSource.cs(90,23): warning CS1591: Missing XML comment for publicly visible type or member 'StructuredDataSource.PrivacySetting' [D:\PROJ\TabularEditor_J-audit-v02\TOMWrapper\TOMWrapper.csproj]
D:\PROJ\TabularEditor_J-audit-v02\TOMWrapper\TOMWrapper\StructuredDataSource.cs(98,23): warning CS1591: Missing XML comment for publicly visible type or member 'StructuredDataSource.AuthenticationKind' [D:\PROJ\TabularEditor_J-audit-v02\TOMWrapper\TOMWrapper.csproj]
D:\PROJ\TabularEditor_J-audit-v02\TOMWrapper\TOMWrapper\StructuredDataSource.cs(117,21): warning CS1591: Missing XML comment for publicly visible type or member 'StructuredDataSource.EncryptConnection' [D:\PROJ\TabularEditor_J-audit-v02\TOMWrapper\TOMWrapper.csproj]
D:\PROJ\TabularEditor_J-audit-v02\TOMWrapper\TOMWrapper\StructuredDataSource.cs(125,23): warning CS1591: Missing XML comment for publicly visible type or member 'StructuredDataSource.Account' [D:\PROJ\TabularEditor_J-audit-v02\TOMWrapper\TOMWrapper.csproj]
D:\PROJ\TabularEditor_J-audit-v02\TOMWrapper\TOMWrapper\StructuredDataSource.cs(133,23): warning CS1591: Missing XML comment for publicly visible type or member 'StructuredDataSource.ConnectionString' [D:\PROJ\TabularEditor_J-audit-v02\TOMWrapper\TOMWrapper.csproj]
D:\PROJ\TabularEditor_J-audit-v02\TOMWrapper\TOMWrapper\StructuredDataSource.cs(141,23): warning CS1591: Missing XML comment for publicly visible type or member 'StructuredDataSource.ContentType' [D:\PROJ\TabularEditor_J-audit-v02\TOMWrapper\TOMWrapper.csproj]
D:\PROJ\TabularEditor_J-audit-v02\TOMWrapper\TOMWrapper\StructuredDataSource.cs(148,23): warning CS1591: Missing XML comment for publicly visible type or member 'StructuredDataSource.Query' [D:\PROJ\TabularEditor_J-audit-v02\TOMWrapper\TOMWrapper.csproj]
D:\PROJ\TabularEditor_J-audit-v02\TOMWrapper\TOMWrapper\StructuredDataSource.cs(169,23): warning CS1591: Missing XML comment for publicly visible type or member 'StructuredDataSource.Database' [D:\PROJ\TabularEditor_J-audit-v02\TOMWrapper\TOMWrapper.csproj]
D:\PROJ\TabularEditor_J-audit-v02\TOMWrapper\TOMWrapper\StructuredDataSource.cs(177,23): warning CS1591: Missing XML comment for publicly visible type or member 'StructuredDataSource.Domain' [D:\PROJ\TabularEditor_J-audit-v02\TOMWrapper\TOMWrapper.csproj]
D:\PROJ\TabularEditor_J-audit-v02\TOMWrapper\TOMWrapper\StructuredDataSource.cs(185,23): warning CS1591: Missing XML comment for publicly visible type or member 'StructuredDataSource.EmailAddress' [D:\PROJ\TabularEditor_J-audit-v02\TOMWrapper\TOMWrapper.csproj]
D:\PROJ\TabularEditor_J-audit-v02\TOMWrapper\TOMWrapper\StructuredDataSource.cs(193,23): warning CS1591: Missing XML comment for publicly visible type or member 'StructuredDataSource.AddressModel' [D:\PROJ\TabularEditor_J-audit-v02\TOMWrapper\TOMWrapper.csproj]
D:\PROJ\TabularEditor_J-audit-v02\TOMWrapper\TOMWrapper\StructuredDataSource.cs(201,23): warning CS1591: Missing XML comment for publicly visible type or member 'StructuredDataSource.Object' [D:\PROJ\TabularEditor_J-audit-v02\TOMWrapper\TOMWrapper.csproj]
D:\PROJ\TabularEditor_J-audit-v02\TOMWrapper\TOMWrapper\StructuredDataSource.cs(209,23): warning CS1591: Missing XML comment for publicly visible type or member 'StructuredDataSource.Path' [D:\PROJ\TabularEditor_J-audit-v02\TOMWrapper\TOMWrapper.csproj]
D:\PROJ\TabularEditor_J-audit-v02\TOMWrapper\TOMWrapper\StructuredDataSource.cs(217,23): warning CS1591: Missing XML comment for publicly visible type or member 'StructuredDataSource.Property' [D:\PROJ\TabularEditor_J-audit-v02\TOMWrapper\TOMWrapper.csproj]
D:\PROJ\TabularEditor_J-audit-v02\TOMWrapper\TOMWrapper\StructuredDataSource.cs(225,23): warning CS1591: Missing XML comment for publicly visible type or member 'StructuredDataSource.Resource' [D:\PROJ\TabularEditor_J-audit-v02\TOMWrapper\TOMWrapper.csproj]
D:\PROJ\TabularEditor_J-audit-v02\TOMWrapper\TOMWrapper\StructuredDataSource.cs(233,23): warning CS1591: Missing XML comment for publicly visible type or member 'StructuredDataSource.Schema' [D:\PROJ\TabularEditor_J-audit-v02\TOMWrapper\TOMWrapper.csproj]
D:\PROJ\TabularEditor_J-audit-v02\TOMWrapper\TOMWrapper\StructuredDataSource.cs(241,23): warning CS1591: Missing XML comment for publicly visible type or member 'StructuredDataSource.Server' [D:\PROJ\TabularEditor_J-audit-v02\TOMWrapper\TOMWrapper.csproj]
D:\PROJ\TabularEditor_J-audit-v02\TOMWrapper\TOMWrapper\StructuredDataSource.cs(249,23): warning CS1591: Missing XML comment for publicly visible type or member 'StructuredDataSource.Url' [D:\PROJ\TabularEditor_J-audit-v02\TOMWrapper\TOMWrapper.csproj]
D:\PROJ\TabularEditor_J-audit-v02\TOMWrapper\TOMWrapper\StructuredDataSource.cs(257,23): warning CS1591: Missing XML comment for publicly visible type or member 'StructuredDataSource.View' [D:\PROJ\TabularEditor_J-audit-v02\TOMWrapper\TOMWrapper.csproj]
D:\PROJ\TabularEditor_J-audit-v02\TOMWrapper\TOMWrapper\StructuredDataSource.cs(265,22): warning CS1591: Missing XML comment for publicly visible type or member 'StructuredDataSource.CredentialImpl' [D:\PROJ\TabularEditor_J-audit-v02\TOMWrapper\TOMWrapper.csproj]
D:\PROJ\TabularEditor_J-audit-v02\TOMWrapper\TOMWrapper\StructuredDataSource.cs(269,20): warning CS1591: Missing XML comment for publicly visible type or member 'StructuredDataSource.CredentialImpl.CredentialImpl(StructuredDataSource)' [D:\PROJ\TabularEditor_J-audit-v02\TOMWrapper\TOMWrapper.csproj]
D:\PROJ\TabularEditor_J-audit-v02\TOMWrapper\TOMWrapper\StructuredDataSource.cs(274,27): warning CS1591: Missing XML comment for publicly visible type or member 'StructuredDataSource.CredentialImpl.Summary' [D:\PROJ\TabularEditor_J-audit-v02\TOMWrapper\TOMWrapper.csproj]
D:\PROJ\TabularEditor_J-audit-v02\TOMWrapper\TOMWrapper\StructuredDataSource.cs(276,40): warning CS1591: Missing XML comment for publicly visible type or member 'StructuredDataSource.CredentialImpl.Keys' [D:\PROJ\TabularEditor_J-audit-v02\TOMWrapper\TOMWrapper.csproj]
D:\PROJ\TabularEditor_J-audit-v02\TOMWrapper\TOMWrapper\StructuredDataSource.cs(289,25): warning CS1591: Missing XML comment for publicly visible type or member 'StructuredDataSource.CredentialImpl.EnableMultiLine(string)' [D:\PROJ\TabularEditor_J-audit-v02\TOMWrapper\TOMWrapper.csproj]
D:\PROJ\TabularEditor_J-audit-v02\TOMWrapper\TOMWrapper\StructuredDataSource.cs(291,27): warning CS1591: Missing XML comment for publicly visible type or member 'StructuredDataSource.CredentialImpl.this[string]' [D:\PROJ\TabularEditor_J-audit-v02\TOMWrapper\TOMWrapper.csproj]
D:\PROJ\TabularEditor_J-audit-v02\TOMWrapper\TOMWrapper\StructuredDataSource.cs(317,27): warning CS1591: Missing XML comment for publicly visible type or member 'StructuredDataSource.CredentialImpl.GetDisplayName(string)' [D:\PROJ\TabularEditor_J-audit-v02\TOMWrapper\TOMWrapper.csproj]
D:\PROJ\TabularEditor_J-audit-v02\TOMWrapper\TOMWrapper\StructuredDataSource.cs(324,22): warning CS1591: Missing XML comment for publicly visible type or member 'StructuredDataSource.DataSourceOptionsImpl' [D:\PROJ\TabularEditor_J-audit-v02\TOMWrapper\TOMWrapper.csproj]
D:\PROJ\TabularEditor_J-audit-v02\TOMWrapper\TOMWrapper\StructuredDataSource.cs(328,20): warning CS1591: Missing XML comment for publicly visible type or member 'StructuredDataSource.DataSourceOptionsImpl.DataSourceOptionsImpl(StructuredDataSource)' [D:\PROJ\TabularEditor_J-audit-v02\TOMWrapper\TOMWrapper.csproj]
D:\PROJ\TabularEditor_J-audit-v02\TOMWrapper\TOMWrapper\StructuredDataSource.cs(333,27): warning CS1591: Missing XML comment for publicly visible type or member 'StructuredDataSource.DataSourceOptionsImpl.Summary' [D:\PROJ\TabularEditor_J-audit-v02\TOMWrapper\TOMWrapper.csproj]
D:\PROJ\TabularEditor_J-audit-v02\TOMWrapper\TOMWrapper\StructuredDataSource.cs(335,40): warning CS1591: Missing XML comment for publicly visible type or member 'StructuredDataSource.DataSourceOptionsImpl.Keys' [D:\PROJ\TabularEditor_J-audit-v02\TOMWrapper\TOMWrapper.csproj]
D:\PROJ\TabularEditor_J-audit-v02\TOMWrapper\TOMWrapper\StructuredDataSource.cs(348,25): warning CS1591: Missing XML comment for publicly visible type or member 'StructuredDataSource.DataSourceOptionsImpl.EnableMultiLine(string)' [D:\PROJ\TabularEditor_J-audit-v02\TOMWrapper\TOMWrapper.csproj]
D:\PROJ\TabularEditor_J-audit-v02\TOMWrapper\TOMWrapper\StructuredDataSource.cs(350,27): warning CS1591: Missing XML comment for publicly visible type or member 'StructuredDataSource.DataSourceOptionsImpl.this[string]' [D:\PROJ\TabularEditor_J-audit-v02\TOMWrapper\TOMWrapper.csproj]
D:\PROJ\TabularEditor_J-audit-v02\TOMWrapper\TOMWrapper\StructuredDataSource.cs(371,27): warning CS1591: Missing XML comment for publicly visible type or member 'StructuredDataSource.DataSourceOptionsImpl.GetDisplayName(string)' [D:\PROJ\TabularEditor_J-audit-v02\TOMWrapper\TOMWrapper.csproj]
D:\PROJ\TabularEditor_J-audit-v02\TOMWrapper\TOMWrapper\StructuredDataSource.cs(378,22): warning CS1591: Missing XML comment for publicly visible type or member 'StructuredDataSource.AddressOptionsImpl' [D:\PROJ\TabularEditor_J-audit-v02\TOMWrapper\TOMWrapper.csproj]
D:\PROJ\TabularEditor_J-audit-v02\TOMWrapper\TOMWrapper\StructuredDataSource.cs(383,20): warning CS1591: Missing XML comment for publicly visible type or member 'StructuredDataSource.AddressOptionsImpl.AddressOptionsImpl(StructuredDataSource)' [D:\PROJ\TabularEditor_J-audit-v02\TOMWrapper\TOMWrapper.csproj]
D:\PROJ\TabularEditor_J-audit-v02\TOMWrapper\TOMWrapper\StructuredDataSource.cs(389,27): warning CS1591: Missing XML comment for publicly visible type or member 'StructuredDataSource.AddressOptionsImpl.this[string]' [D:\PROJ\TabularEditor_J-audit-v02\TOMWrapper\TOMWrapper.csproj]
D:\PROJ\TabularEditor_J-audit-v02\TOMWrapper\TOMWrapper\StructuredDataSource.cs(404,27): warning CS1591: Missing XML comment for publicly visible type or member 'StructuredDataSource.AddressOptionsImpl.Summary' [D:\PROJ\TabularEditor_J-audit-v02\TOMWrapper\TOMWrapper.csproj]
D:\PROJ\TabularEditor_J-audit-v02\TOMWrapper\TOMWrapper\StructuredDataSource.cs(406,40): warning CS1591: Missing XML comment for publicly visible type or member 'StructuredDataSource.AddressOptionsImpl.Keys' [D:\PROJ\TabularEditor_J-audit-v02\TOMWrapper\TOMWrapper.csproj]
D:\PROJ\TabularEditor_J-audit-v02\TOMWrapper\TOMWrapper\StructuredDataSource.cs(410,25): warning CS1591: Missing XML comment for publicly visible type or member 'StructuredDataSource.AddressOptionsImpl.EnableMultiLine(string)' [D:\PROJ\TabularEditor_J-audit-v02\TOMWrapper\TOMWrapper.csproj]
D:\PROJ\TabularEditor_J-audit-v02\TOMWrapper\TOMWrapper\StructuredDataSource.cs(412,27): warning CS1591: Missing XML comment for publicly visible type or member 'StructuredDataSource.AddressOptionsImpl.GetDisplayName(string)' [D:\PROJ\TabularEditor_J-audit-v02\TOMWrapper\TOMWrapper.csproj]
D:\PROJ\TabularEditor_J-audit-v02\TOMWrapper\TOMWrapper\StructuredDataSource.cs(419,22): warning CS1591: Missing XML comment for publicly visible type or member 'StructuredDataSource.AddressImpl' [D:\PROJ\TabularEditor_J-audit-v02\TOMWrapper\TOMWrapper.csproj]
D:\PROJ\TabularEditor_J-audit-v02\TOMWrapper\TOMWrapper\StructuredDataSource.cs(423,20): warning CS1591: Missing XML comment for publicly visible type or member 'StructuredDataSource.AddressImpl.AddressImpl(StructuredDataSource)' [D:\PROJ\TabularEditor_J-audit-v02\TOMWrapper\TOMWrapper.csproj]
D:\PROJ\TabularEditor_J-audit-v02\TOMWrapper\TOMWrapper\StructuredDataSource.cs(428,27): warning CS1591: Missing XML comment for publicly visible type or member 'StructuredDataSource.AddressImpl.Summary' [D:\PROJ\TabularEditor_J-audit-v02\TOMWrapper\TOMWrapper.csproj]
D:\PROJ\TabularEditor_J-audit-v02\TOMWrapper\TOMWrapper\StructuredDataSource.cs(430,40): warning CS1591: Missing XML comment for publicly visible type or member 'StructuredDataSource.AddressImpl.Keys' [D:\PROJ\TabularEditor_J-audit-v02\TOMWrapper\TOMWrapper.csproj]
D:\PROJ\TabularEditor_J-audit-v02\TOMWrapper\TOMWrapper\StructuredDataSource.cs(443,25): warning CS1591: Missing XML comment for publicly visible type or member 'StructuredDataSource.AddressImpl.EnableMultiLine(string)' [D:\PROJ\TabularEditor_J-audit-v02\TOMWrapper\TOMWrapper.csproj]
D:\PROJ\TabularEditor_J-audit-v02\TOMWrapper\TOMWrapper\StructuredDataSource.cs(448,27): warning CS1591: Missing XML comment for publicly visible type or member 'StructuredDataSource.AddressImpl.this[string]' [D:\PROJ\TabularEditor_J-audit-v02\TOMWrapper\TOMWrapper.csproj]
D:\PROJ\TabularEditor_J-audit-v02\TOMWrapper\TOMWrapper\StructuredDataSource.cs(487,27): warning CS1591: Missing XML comment for publicly visible type or member 'StructuredDataSource.AddressImpl.GetDisplayName(string)' [D:\PROJ\TabularEditor_J-audit-v02\TOMWrapper\TOMWrapper.csproj]
D:\PROJ\TabularEditor_J-audit-v02\TOMWrapper\TOMWrapper\CalculatedColumn.cs(17,30): warning CS1591: Missing XML comment for publicly visible type or member 'CalculatedColumn.DependsOn' [D:\PROJ\TabularEditor_J-audit-v02\TOMWrapper\TOMWrapper.csproj]
D:\PROJ\TabularEditor_J-audit-v02\TOMWrapper\TOMWrapper\CalculatedColumn.cs(27,33): warning CS1591: Missing XML comment for publicly visible type or member 'CalculatedColumn.OnPropertyChanged(string, object, object)' [D:\PROJ\TabularEditor_J-audit-v02\TOMWrapper\TOMWrapper.csproj]
D:\PROJ\TabularEditor_J-audit-v02\TOMWrapper\TOMWrapper\CalculatedColumn.cs(37,33): warning CS1591: Missing XML comment for publicly visible type or member 'CalculatedColumn.Init()' [D:\PROJ\TabularEditor_J-audit-v02\TOMWrapper\TOMWrapper.csproj]
D:\PROJ\TabularEditor_J-audit-v02\TOMWrapper\TOMWrapper\CalculatedColumn.cs(45,21): warning CS1591: Missing XML comment for publicly visible type or member 'CalculatedColumn.NeedsValidation' [D:\PROJ\TabularEditor_J-audit-v02\TOMWrapper\TOMWrapper.csproj]
D:\PROJ\TabularEditor_J-audit-v02\TOMWrapper\TOMWrapper\CalculatedTableColumn.cs(11,33): warning CS1591: Missing XML comment for publicly visible type or member 'CalculatedTableColumn.OnPropertyChanged(string, object, object)' [D:\PROJ\TabularEditor_J-audit-v02\TOMWrapper\TOMWrapper.csproj]
D:\PROJ\TabularEditor_J-audit-v02\TOMWrapper\TOMWrapper\Column.cs(19,41): warning CS1591: Missing XML comment for publicly visible type or member 'Column.RelateTo(string, string)' [D:\PROJ\TabularEditor_J-audit-v02\TOMWrapper\TOMWrapper.csproj]
D:\PROJ\TabularEditor_J-audit-v02\TOMWrapper\TOMWrapper\Column.cs(27,41): warning CS1591: Missing XML comment for publicly visible type or member 'Column.RelateTo(Column)' [D:\PROJ\TabularEditor_J-audit-v02\TOMWrapper\TOMWrapper.csproj]
D:\PROJ\TabularEditor_J-audit-v02\TOMWrapper\TOMWrapper\Column.cs(72,39): warning CS1591: Missing XML comment for publicly visible type or member 'Column.UsedInVariations' [D:\PROJ\TabularEditor_J-audit-v02\TOMWrapper\TOMWrapper.csproj]
D:\PROJ\TabularEditor_J-audit-v02\TOMWrapper\TOMWrapper\Column.cs(75,41): warning CS1591: Missing XML comment for publicly visible type or member 'Column.UsedInAlternateOfs' [D:\PROJ\TabularEditor_J-audit-v02\TOMWrapper\TOMWrapper.csproj]
D:\PROJ\TabularEditor_J-audit-v02\TOMWrapper\TOMWrapper\Column.cs(92,33): warning CS1591: Missing XML comment for publicly visible type or member 'Column.AllowDelete(out string)' [D:\PROJ\TabularEditor_J-audit-v02\TOMWrapper\TOMWrapper.csproj]
D:\PROJ\TabularEditor_J-audit-v02\TOMWrapper\TOMWrapper\Column.cs(145,33): warning CS1591: Missing XML comment for publicly visible type or member 'Column.ObjectLevelSecurity' [D:\PROJ\TabularEditor_J-audit-v02\TOMWrapper\TOMWrapper.csproj]
D:\PROJ\TabularEditor_J-audit-v02\TOMWrapper\TOMWrapper\Column.cs(149,28): warning CS1591: Missing XML comment for publicly visible type or member 'Column.AddAlternateOf(Column, SummarizationType)' [D:\PROJ\TabularEditor_J-audit-v02\TOMWrapper\TOMWrapper.csproj]
D:\PROJ\TabularEditor_J-audit-v02\TOMWrapper\TOMWrapper\Column.cs(166,21): warning CS1591: Missing XML comment for publicly visible type or member 'Column.RemoveAlternateOf()' [D:\PROJ\TabularEditor_J-audit-v02\TOMWrapper\TOMWrapper.csproj]
D:\PROJ\TabularEditor_J-audit-v02\TOMWrapper\TOMWrapper\Column.cs(222,33): warning CS1591: Missing XML comment for publicly visible type or member 'Column.Init()' [D:\PROJ\TabularEditor_J-audit-v02\TOMWrapper\TOMWrapper.csproj]
D:\PROJ\TabularEditor_J-audit-v02\TOMWrapper\TOMWrapper\Column.cs(271,33): warning CS1591: Missing XML comment for publicly visible type or member 'Column.OnPropertyChanging(string, object, ref bool, ref bool)' [D:\PROJ\TabularEditor_J-audit-v02\TOMWrapper\TOMWrapper.csproj]
D:\PROJ\TabularEditor_J-audit-v02\TOMWrapper\TOMWrapper\Column.cs(291,33): warning CS1591: Missing XML comment for publicly visible type or member 'Column.OnPropertyChanged(string, object, object)' [D:\PROJ\TabularEditor_J-audit-v02\TOMWrapper\TOMWrapper.csproj]
D:\PROJ\TabularEditor_J-audit-v02\TOMWrapper\TOMWrapper\Column.cs(353,23): warning CS1591: Missing XML comment for publicly visible type or member 'Column.DaxObjectFullName' [D:\PROJ\TabularEditor_J-audit-v02\TOMWrapper\TOMWrapper.csproj]
D:\PROJ\TabularEditor_J-audit-v02\TOMWrapper\TOMWrapper\Column.cs(362,23): warning CS1591: Missing XML comment for publicly visible type or member 'Column.DaxObjectName' [D:\PROJ\TabularEditor_J-audit-v02\TOMWrapper\TOMWrapper.csproj]
D:\PROJ\TabularEditor_J-audit-v02\TOMWrapper\TOMWrapper\Column.cs(371,23): warning CS1591: Missing XML comment for publicly visible type or member 'Column.DaxTableName' [D:\PROJ\TabularEditor_J-audit-v02\TOMWrapper\TOMWrapper.csproj]
D:\PROJ\TabularEditor_J-audit-v02\TOMWrapper\TOMWrapper\Column.cs(380,45): warning CS1591: Missing XML comment for publicly visible type or member 'ColumnCollection.GetEnumerator()' [D:\PROJ\TabularEditor_J-audit-v02\TOMWrapper\TOMWrapper.csproj]
D:\PROJ\TabularEditor_J-audit-v02\TOMWrapper\TOMWrapper\Column.cs(434,29): warning CS1591: Missing XML comment for publicly visible type or member 'ColumnCollection.Count' [D:\PROJ\TabularEditor_J-audit-v02\TOMWrapper\TOMWrapper.csproj]
D:\PROJ\TabularEditor_J-audit-v02\TOMWrapper\TOMWrapper\Culture.cs(20,23): warning CS1591: Missing XML comment for publicly visible type or member 'Culture.StatsMeasureCaptions' [D:\PROJ\TabularEditor_J-audit-v02\TOMWrapper\TOMWrapper.csproj]
D:\PROJ\TabularEditor_J-audit-v02\TOMWrapper\TOMWrapper\Culture.cs(51,33): warning CS1591: Missing XML comment for publicly visible type or member 'Culture.Init()' [D:\PROJ\TabularEditor_J-audit-v02\TOMWrapper\TOMWrapper.csproj]
D:\PROJ\TabularEditor_J-audit-v02\TOMWrapper\TOMWrapper\Culture.cs(111,23): warning CS1591: Missing XML comment for publicly visible type or member 'Culture.StatsColumnCaptions' [D:\PROJ\TabularEditor_J-audit-v02\TOMWrapper\TOMWrapper.csproj]
D:\PROJ\TabularEditor_J-audit-v02\TOMWrapper\TOMWrapper\Culture.cs(123,23): warning CS1591: Missing XML comment for publicly visible type or member 'Culture.StatsHierarchyCaptions' [D:\PROJ\TabularEditor_J-audit-v02\TOMWrapper\TOMWrapper.csproj]
D:\PROJ\TabularEditor_J-audit-v02\TOMWrapper\TOMWrapper\Culture.cs(135,23): warning CS1591: Missing XML comment for publicly visible type or member 'Culture.StatsLevelCaptions' [D:\PROJ\TabularEditor_J-audit-v02\TOMWrapper\TOMWrapper.csproj]
D:\PROJ\TabularEditor_J-audit-v02\TOMWrapper\TOMWrapper\Culture.cs(147,23): warning CS1591: Missing XML comment for publicly visible type or member 'Culture.StatsTableCaptions' [D:\PROJ\TabularEditor_J-audit-v02\TOMWrapper\TOMWrapper.csproj]
D:\PROJ\TabularEditor_J-audit-v02\TOMWrapper\TOMWrapper\Culture.cs(159,23): warning CS1591: Missing XML comment for publicly visible type or member 'Culture.StatsMeasureDisplayFolders' [D:\PROJ\TabularEditor_J-audit-v02\TOMWrapper\TOMWrapper.csproj]
D:\PROJ\TabularEditor_J-audit-v02\TOMWrapper\TOMWrapper\Culture.cs(170,23): warning CS1591: Missing XML comment for publicly visible type or member 'Culture.StatsColumnDisplayFolders' [D:\PROJ\TabularEditor_J-audit-v02\TOMWrapper\TOMWrapper.csproj]
D:\PROJ\TabularEditor_J-audit-v02\TOMWrapper\TOMWrapper\Culture.cs(181,23): warning CS1591: Missing XML comment for publicly visible type or member 'Culture.StatsHierarchyDisplayFolders' [D:\PROJ\TabularEditor_J-audit-v02\TOMWrapper\TOMWrapper.csproj]
D:\PROJ\TabularEditor_J-audit-v02\TOMWrapper\TOMWrapper\Culture.cs(194,21): warning CS1591: Missing XML comment for publicly visible type or member 'Culture.Unassigned' [D:\PROJ\TabularEditor_J-audit-v02\TOMWrapper\TOMWrapper.csproj]
D:\PROJ\TabularEditor_J-audit-v02\TOMWrapper\TOMWrapper\Culture.cs(201,23): warning CS1591: Missing XML comment for publicly visible type or member 'Culture.DisplayName' [D:\PROJ\TabularEditor_J-audit-v02\TOMWrapper\TOMWrapper.csproj]
D:\PROJ\TabularEditor_J-audit-v02\TOMWrapper\TOMWrapper\Culture.cs(209,33): warning CS1591: Missing XML comment for publicly visible type or member 'Culture.OnPropertyChanged(string, object, object)' [D:\PROJ\TabularEditor_J-audit-v02\TOMWrapper\TOMWrapper.csproj]
D:\PROJ\TabularEditor_J-audit-v02\TOMWrapper\TOMWrapper\Culture.cs(219,22): warning CS1591: Missing XML comment for publicly visible type or member 'Culture.Altered' [D:\PROJ\TabularEditor_J-audit-v02\TOMWrapper\TOMWrapper.csproj]
D:\PROJ\TabularEditor_J-audit-v02\TOMWrapper\TOMWrapper\Culture.cs(240,21): warning CS1591: Missing XML comment for publicly visible type or member 'Culture.ShouldSerializeAltered()' [D:\PROJ\TabularEditor_J-audit-v02\TOMWrapper\TOMWrapper.csproj]
D:\PROJ\TabularEditor_J-audit-v02\TOMWrapper\TOMWrapper\Culture.cs(243,44): warning CS1591: Missing XML comment for publicly visible type or member 'Culture.ObjectTranslations' [D:\PROJ\TabularEditor_J-audit-v02\TOMWrapper\TOMWrapper.csproj]
D:\PROJ\TabularEditor_J-audit-v02\TOMWrapper\TOMWrapper\Culture.cs(246,32): warning CS1591: Missing XML comment for publicly visible type or member 'Culture.Name' [D:\PROJ\TabularEditor_J-audit-v02\TOMWrapper\TOMWrapper.csproj]
D:\PROJ\TabularEditor_J-audit-v02\TOMWrapper\TOMWrapper\Culture.cs(280,23): warning CS1591: Missing XML comment for publicly visible type or member 'CultureCollection.ToJson()' [D:\PROJ\TabularEditor_J-audit-v02\TOMWrapper\TOMWrapper.csproj]
D:\PROJ\TabularEditor_J-audit-v02\TOMWrapper\TOMWrapper\Culture.cs(285,21): warning CS1591: Missing XML comment for publicly visible type or member 'CultureCollection.FromJson(string)' [D:\PROJ\TabularEditor_J-audit-v02\TOMWrapper\TOMWrapper.csproj]
D:\PROJ\TabularEditor_J-audit-v02\TOMWrapper\TOMWrapper\DataSource.cs(13,35): warning CS1591: Missing XML comment for publicly visible type or member 'DataSource.UsedByTables' [D:\PROJ\TabularEditor_J-audit-v02\TOMWrapper\TOMWrapper.csproj]
D:\PROJ\TabularEditor_J-audit-v02\TOMWrapper\TOMWrapper\DataSource.cs(19,39): warning CS1591: Missing XML comment for publicly visible type or member 'DataSource.UsedByPartitions' [D:\PROJ\TabularEditor_J-audit-v02\TOMWrapper\TOMWrapper.csproj]
D:\PROJ\TabularEditor_J-audit-v02\TOMWrapper\TOMWrapper\DataSource.cs(24,33): warning CS1591: Missing XML comment for publicly visible type or member 'DataSource.AllowDelete(out string)' [D:\PROJ\TabularEditor_J-audit-v02\TOMWrapper\TOMWrapper.csproj]
D:\PROJ\TabularEditor_J-audit-v02\TOMWrapper\TOMWrapper\Hierarchy.cs(29,39): warning CS1591: Missing XML comment for publicly visible type or member 'Hierarchy.UsedInVariations' [D:\PROJ\TabularEditor_J-audit-v02\TOMWrapper\TOMWrapper.csproj]
D:\PROJ\TabularEditor_J-audit-v02\TOMWrapper\TOMWrapper\Hierarchy.cs(32,23): warning CS1591: Missing XML comment for publicly visible type or member 'Hierarchy.DaxObjectFullName' [D:\PROJ\TabularEditor_J-audit-v02\TOMWrapper\TOMWrapper.csproj]
D:\PROJ\TabularEditor_J-audit-v02\TOMWrapper\TOMWrapper\Hierarchy.cs(92,49): warning CS1591: Missing XML comment for publicly visible type or member 'Hierarchy.GetChildren()' [D:\PROJ\TabularEditor_J-audit-v02\TOMWrapper\TOMWrapper.csproj]
D:\PROJ\TabularEditor_J-audit-v02\TOMWrapper\TOMWrapper\Hierarchy.cs(97,33): warning CS1591: Missing XML comment for publicly visible type or member 'Hierarchy.Init()' [D:\PROJ\TabularEditor_J-audit-v02\TOMWrapper\TOMWrapper.csproj]
D:\PROJ\TabularEditor_J-audit-v02\TOMWrapper\TOMWrapper\Hierarchy.cs(133,23): warning CS1591: Missing XML comment for publicly visible type or member 'Hierarchy.ErrorMessage' [D:\PROJ\TabularEditor_J-audit-v02\TOMWrapper\TOMWrapper.csproj]
D:\PROJ\TabularEditor_J-audit-v02\TOMWrapper\TOMWrapper\Hierarchy.cs(147,21): warning CS1591: Missing XML comment for publicly visible type or member 'Hierarchy.CompactLevelOrdinals()' [D:\PROJ\TabularEditor_J-audit-v02\TOMWrapper\TOMWrapper.csproj]
D:\PROJ\TabularEditor_J-audit-v02\TOMWrapper\TOMWrapper\Hierarchy.cs(156,21): warning CS1591: Missing XML comment for publicly visible type or member 'Hierarchy.FixLevelOrder(Level, int)' [D:\PROJ\TabularEditor_J-audit-v02\TOMWrapper\TOMWrapper.csproj]
D:\PROJ\TabularEditor_J-audit-v02\TOMWrapper\TOMWrapper\Hierarchy.cs(177,21): warning CS1591: Missing XML comment for publicly visible type or member 'Hierarchy.SetLevelOrder(IList<Level>)' [D:\PROJ\TabularEditor_J-audit-v02\TOMWrapper\TOMWrapper.csproj]
D:\PROJ\TabularEditor_J-audit-v02\TOMWrapper\TOMWrapper\KPI.cs(16,22): warning CS1591: Missing XML comment for publicly visible type or member 'KPI.Table' [D:\PROJ\TabularEditor_J-audit-v02\TOMWrapper\TOMWrapper.csproj]
D:\PROJ\TabularEditor_J-audit-v02\TOMWrapper\TOMWrapper\KPI.cs(19,23): warning CS1591: Missing XML comment for publicly visible type or member 'KPI.MeasureName' [D:\PROJ\TabularEditor_J-audit-v02\TOMWrapper\TOMWrapper.csproj]
D:\PROJ\TabularEditor_J-audit-v02\TOMWrapper\TOMWrapper\KPI.cs(23,33): warning CS1591: Missing XML comment for publicly visible type or member 'KPI.OnPropertyChanged(string, object, object)' [D:\PROJ\TabularEditor_J-audit-v02\TOMWrapper\TOMWrapper.csproj]
D:\PROJ\TabularEditor_J-audit-v02\TOMWrapper\TOMWrapper\KPI.cs(38,20): warning CS1591: Missing XML comment for publicly visible type or member 'KPI.MetadataIndex' [D:\PROJ\TabularEditor_J-audit-v02\TOMWrapper\TOMWrapper.csproj]
D:\PROJ\TabularEditor_J-audit-v02\TOMWrapper\TOMWrapper\KPI.cs(46,27): warning CS1591: Missing XML comment for publicly visible type or member 'KPI.CreateNew()' [D:\PROJ\TabularEditor_J-audit-v02\TOMWrapper\TOMWrapper.csproj]
D:\PROJ\TabularEditor_J-audit-v02\TOMWrapper\TOMWrapper\KPI.cs(54,27): warning CS1591: Missing XML comment for publicly visible type or member 'KPI.CreateFromMetadata(Measure, KPI)' [D:\PROJ\TabularEditor_J-audit-v02\TOMWrapper\TOMWrapper.csproj]
D:\PROJ\TabularEditor_J-audit-v02\TOMWrapper\TOMWrapper\KPI.cs(65,23): warning CS1591: Missing XML comment for publicly visible type or member 'KPI.Name' [D:\PROJ\TabularEditor_J-audit-v02\TOMWrapper\TOMWrapper.csproj]
D:\PROJ\TabularEditor_J-audit-v02\TOMWrapper\TOMWrapper\KPI.cs(81,30): warning CS1591: Missing XML comment for publicly visible type or member 'KPI.DependsOn' [D:\PROJ\TabularEditor_J-audit-v02\TOMWrapper\TOMWrapper.csproj]
D:\PROJ\TabularEditor_J-audit-v02\TOMWrapper\TOMWrapper\KPI.cs(92,21): warning CS1591: Missing XML comment for publicly visible type or member 'KPI.NeedsValidation' [D:\PROJ\TabularEditor_J-audit-v02\TOMWrapper\TOMWrapper.csproj]
D:\PROJ\TabularEditor_J-audit-v02\TOMWrapper\TOMWrapper\KPI.cs(95,23): warning CS1591: Missing XML comment for publicly visible type or member 'KPI.Expression' [D:\PROJ\TabularEditor_J-audit-v02\TOMWrapper\TOMWrapper.csproj]
D:\PROJ\TabularEditor_J-audit-v02\TOMWrapper\TOMWrapper\KPI.cs(108,21): warning CS1591: Missing XML comment for publicly visible type or member 'KPI.CanDelete()' [D:\PROJ\TabularEditor_J-audit-v02\TOMWrapper\TOMWrapper.csproj]
D:\PROJ\TabularEditor_J-audit-v02\TOMWrapper\TOMWrapper\KPI.cs(113,21): warning CS1591: Missing XML comment for publicly visible type or member 'KPI.CanDelete(out string)' [D:\PROJ\TabularEditor_J-audit-v02\TOMWrapper\TOMWrapper.csproj]
D:\PROJ\TabularEditor_J-audit-v02\TOMWrapper\TOMWrapper\KPI.cs(119,30): warning CS1591: Missing XML comment for publicly visible type or member 'KPI.Delete()' [D:\PROJ\TabularEditor_J-audit-v02\TOMWrapper\TOMWrapper.csproj]
D:\PROJ\TabularEditor_J-audit-v02\TOMWrapper\TOMWrapper\Level.cs(27,22): warning CS1591: Missing XML comment for publicly visible type or member 'Level.Table' [D:\PROJ\TabularEditor_J-audit-v02\TOMWrapper\TOMWrapper.csproj]
D:\PROJ\TabularEditor_J-audit-v02\TOMWrapper\TOMWrapper\Level.cs(35,33): warning CS1591: Missing XML comment for publicly visible type or member 'Level.OnPropertyChanging(string, object, ref bool, ref bool)' [D:\PROJ\TabularEditor_J-audit-v02\TOMWrapper\TOMWrapper.csproj]
D:\PROJ\TabularEditor_J-audit-v02\TOMWrapper\TOMWrapper\Level.cs(54,33): warning CS1591: Missing XML comment for publicly visible type or member 'Level.OnPropertyChanged(string, object, object)' [D:\PROJ\TabularEditor_J-audit-v02\TOMWrapper\TOMWrapper.csproj]
D:\PROJ\TabularEditor_J-audit-v02\TOMWrapper\TOMWrapper\Level.cs(66,33): warning CS1591: Missing XML comment for publicly visible type or member 'LevelCollection.InternalRemove(Level)' [D:\PROJ\TabularEditor_J-audit-v02\TOMWrapper\TOMWrapper.csproj]
D:\PROJ\TabularEditor_J-audit-v02\TOMWrapper\TOMWrapper\Level.cs(73,33): warning CS1591: Missing XML comment for publicly visible type or member 'LevelCollection.InternalAdd(Level)' [D:\PROJ\TabularEditor_J-audit-v02\TOMWrapper\TOMWrapper.csproj]
D:\PROJ\TabularEditor_J-audit-v02\TOMWrapper\TOMWrapper\Measure.cs(40,21): warning CS1591: Missing XML comment for publicly visible type or member 'Measure.MoveTo(string)' [D:\PROJ\TabularEditor_J-audit-v02\TOMWrapper\TOMWrapper.csproj]
D:\PROJ\TabularEditor_J-audit-v02\TOMWrapper\TOMWrapper\Measure.cs(76,30): warning CS1591: Missing XML comment for publicly visible type or member 'Measure.DependsOn' [D:\PROJ\TabularEditor_J-audit-v02\TOMWrapper\TOMWrapper.csproj]
D:\PROJ\TabularEditor_J-audit-v02\TOMWrapper\TOMWrapper\Measure.cs(87,33): warning CS1591: Missing XML comment for publicly visible type or member 'Measure.ReferencedBy' [D:\PROJ\TabularEditor_J-audit-v02\TOMWrapper\TOMWrapper.csproj]
D:\PROJ\TabularEditor_J-audit-v02\TOMWrapper\TOMWrapper\Measure.cs(89,33): warning CS1591: Missing XML comment for publicly visible type or member 'Measure.AllowDelete(out string)' [D:\PROJ\TabularEditor_J-audit-v02\TOMWrapper\TOMWrapper.csproj]
D:\PROJ\TabularEditor_J-audit-v02\TOMWrapper\TOMWrapper\Measure.cs(102,20): warning CS1591: Missing XML comment for publicly visible type or member 'Measure.AddKPI()' [D:\PROJ\TabularEditor_J-audit-v02\TOMWrapper\TOMWrapper.csproj]
D:\PROJ\TabularEditor_J-audit-v02\TOMWrapper\TOMWrapper\Measure.cs(110,21): warning CS1591: Missing XML comment for publicly visible type or member 'Measure.RemoveKPI()' [D:\PROJ\TabularEditor_J-audit-v02\TOMWrapper\TOMWrapper.csproj]
D:\PROJ\TabularEditor_J-audit-v02\TOMWrapper\TOMWrapper\Measure.cs(175,33): warning CS1591: Missing XML comment for publicly visible type or member 'Measure.Init()' [D:\PROJ\TabularEditor_J-audit-v02\TOMWrapper\TOMWrapper.csproj]
D:\PROJ\TabularEditor_J-audit-v02\TOMWrapper\TOMWrapper\Measure.cs(182,33): warning CS1591: Missing XML comment for publicly visible type or member 'Measure.OnPropertyChanged(string, object, object)' [D:\PROJ\TabularEditor_J-audit-v02\TOMWrapper\TOMWrapper.csproj]
D:\PROJ\TabularEditor_J-audit-v02\TOMWrapper\TOMWrapper\Measure.cs(218,33): warning CS1591: Missing XML comment for publicly visible type or member 'Measure.OnPropertyChanging(string, object, ref bool, ref bool)' [D:\PROJ\TabularEditor_J-audit-v02\TOMWrapper\TOMWrapper.csproj]
D:\PROJ\TabularEditor_J-audit-v02\TOMWrapper\TOMWrapper\Measure.cs(235,21): warning CS1591: Missing XML comment for publicly visible type or member 'Measure.NeedsValidation' [D:\PROJ\TabularEditor_J-audit-v02\TOMWrapper\TOMWrapper.csproj]
D:\PROJ\TabularEditor_J-audit-v02\TOMWrapper\TOMWrapper\Measure.cs(246,49): warning CS1591: Missing XML comment for publicly visible type or member 'Measure.GetChildren()' [D:\PROJ\TabularEditor_J-audit-v02\TOMWrapper\TOMWrapper.csproj]
D:\PROJ\TabularEditor_J-audit-v02\TOMWrapper\TOMWrapper\Measure.cs(255,23): warning CS1591: Missing XML comment for publicly visible type or member 'Measure.DetailRowsExpression' [D:\PROJ\TabularEditor_J-audit-v02\TOMWrapper\TOMWrapper.csproj]
D:\PROJ\TabularEditor_J-audit-v02\TOMWrapper\TOMWrapper\Measure.cs(283,21): warning CS1591: Missing XML comment for publicly visible type or member 'Measure.ShouldSerializeDetailRowsExpression()' [D:\PROJ\TabularEditor_J-audit-v02\TOMWrapper\TOMWrapper.csproj]
D:\PROJ\TabularEditor_J-audit-v02\TOMWrapper\TOMWrapper\Measure.cs(288,23): warning CS1591: Missing XML comment for publicly visible type or member 'Measure.FormatStringExpression' [D:\PROJ\TabularEditor_J-audit-v02\TOMWrapper\TOMWrapper.csproj]
D:\PROJ\TabularEditor_J-audit-v02\TOMWrapper\TOMWrapper\Measure.cs(329,21): warning CS1591: Missing XML comment for publicly visible type or member 'Measure.ShouldSerializeFormatStringExpression()' [D:\PROJ\TabularEditor_J-audit-v02\TOMWrapper\TOMWrapper.csproj]
D:\PROJ\TabularEditor_J-audit-v02\TOMWrapper\TOMWrapper\Measure.cs(333,23): warning CS1591: Missing XML comment for publicly visible type or member 'Measure.DaxObjectName' [D:\PROJ\TabularEditor_J-audit-v02\TOMWrapper\TOMWrapper.csproj]
D:\PROJ\TabularEditor_J-audit-v02\TOMWrapper\TOMWrapper\Measure.cs(342,23): warning CS1591: Missing XML comment for publicly visible type or member 'Measure.DaxObjectFullName' [D:\PROJ\TabularEditor_J-audit-v02\TOMWrapper\TOMWrapper.csproj]
D:\PROJ\TabularEditor_J-audit-v02\TOMWrapper\TOMWrapper\Measure.cs(351,23): warning CS1591: Missing XML comment for publicly visible type or member 'Measure.DaxTableName' [D:\PROJ\TabularEditor_J-audit-v02\TOMWrapper\TOMWrapper.csproj]
D:\PROJ\TabularEditor_J-audit-v02\TOMWrapper\TOMWrapper\Model.cs(22,40): warning CS1591: Missing XML comment for publicly visible type or member 'Model.MetadataSource' [D:\PROJ\TabularEditor_J-audit-v02\TOMWrapper\TOMWrapper.csproj]
D:\PROJ\TabularEditor_J-audit-v02\TOMWrapper\TOMWrapper\Model.cs(26,28): warning CS1591: Missing XML comment for publicly visible type or member 'Model.AddPerspective(string)' [D:\PROJ\TabularEditor_J-audit-v02\TOMWrapper\TOMWrapper.csproj]
D:\PROJ\TabularEditor_J-audit-v02\TOMWrapper\TOMWrapper\Model.cs(37,25): warning CS1591: Missing XML comment for publicly visible type or member 'Model.AddFunction(string)' [D:\PROJ\TabularEditor_J-audit-v02\TOMWrapper\TOMWrapper.csproj]
D:\PROJ\TabularEditor_J-audit-v02\TOMWrapper\TOMWrapper\Model.cs(49,32): warning CS1591: Missing XML comment for publicly visible type or member 'Model.AddExpression(string, string)' [D:\PROJ\TabularEditor_J-audit-v02\TOMWrapper\TOMWrapper.csproj]
D:\PROJ\TabularEditor_J-audit-v02\TOMWrapper\TOMWrapper\Model.cs(61,32): warning CS1591: Missing XML comment for publicly visible type or member 'Model.AddCalculatedTable(string, string)' [D:\PROJ\TabularEditor_J-audit-v02\TOMWrapper\TOMWrapper.csproj]
D:\PROJ\TabularEditor_J-audit-v02\TOMWrapper\TOMWrapper\Model.cs(73,38): warning CS1591: Missing XML comment for publicly visible type or member 'Model.AddCalculationGroup(string)' [D:\PROJ\TabularEditor_J-audit-v02\TOMWrapper\TOMWrapper.csproj]
D:\PROJ\TabularEditor_J-audit-v02\TOMWrapper\TOMWrapper\Model.cs(95,22): warning CS1591: Missing XML comment for publicly visible type or member 'Model.AddTable(string)' [D:\PROJ\TabularEditor_J-audit-v02\TOMWrapper\TOMWrapper.csproj]
D:\PROJ\TabularEditor_J-audit-v02\TOMWrapper\TOMWrapper\Model.cs(109,41): warning CS1591: Missing XML comment for publicly visible type or member 'Model.AddRelationship()' [D:\PROJ\TabularEditor_J-audit-v02\TOMWrapper\TOMWrapper.csproj]
D:\PROJ\TabularEditor_J-audit-v02\TOMWrapper\TOMWrapper\Model.cs(118,24): warning CS1591: Missing XML comment for publicly visible type or member 'Model.AddTranslation(string)' [D:\PROJ\TabularEditor_J-audit-v02\TOMWrapper\TOMWrapper.csproj]
D:\PROJ\TabularEditor_J-audit-v02\TOMWrapper\TOMWrapper\Model.cs(130,26): warning CS1591: Missing XML comment for publicly visible type or member 'Model.AddRole(string)' [D:\PROJ\TabularEditor_J-audit-v02\TOMWrapper\TOMWrapper.csproj]
D:\PROJ\TabularEditor_J-audit-v02\TOMWrapper\TOMWrapper\Model.cs(141,35): warning CS1591: Missing XML comment for publicly visible type or member 'Model.AddDataSource(string)' [D:\PROJ\TabularEditor_J-audit-v02\TOMWrapper\TOMWrapper.csproj]
D:\PROJ\TabularEditor_J-audit-v02\TOMWrapper\TOMWrapper\Model.cs(184,37): warning CS1591: Missing XML comment for publicly visible type or member 'Model.AddStructuredDataSource(string)' [D:\PROJ\TabularEditor_J-audit-v02\TOMWrapper\TOMWrapper.csproj]
D:\PROJ\TabularEditor_J-audit-v02\TOMWrapper\TOMWrapper\Model.cs(239,35): warning CS1591: Missing XML comment for publicly visible type or member 'Model.DeploymentMetadata' [D:\PROJ\TabularEditor_J-audit-v02\TOMWrapper\TOMWrapper.csproj]
D:\PROJ\TabularEditor_J-audit-v02\TOMWrapper\TOMWrapper\Model.cs(247,26): warning CS1572: XML comment has a param tag for 'destination', but there is no parameter by that name [D:\PROJ\TabularEditor_J-audit-v02\TOMWrapper\TOMWrapper.csproj]
D:\PROJ\TabularEditor_J-audit-v02\TOMWrapper\TOMWrapper\Model.cs(249,63): warning CS1573: Parameter 'tmdlImportOptions' has no matching param tag in the XML comment for 'Model.ImportTmdl(string, TmdlImportOptions)' (but other parameters do) [D:\PROJ\TabularEditor_J-audit-v02\TOMWrapper\TOMWrapper.csproj]
D:\PROJ\TabularEditor_J-audit-v02\TOMWrapper\TOMWrapper\Model.cs(302,21): warning CS1591: Missing XML comment for publicly visible type or member 'Model.RemoveDeploymentMetadata()' [D:\PROJ\TabularEditor_J-audit-v02\TOMWrapper\TOMWrapper.csproj]
D:\PROJ\TabularEditor_J-audit-v02\TOMWrapper\TOMWrapper\Model.cs(308,21): warning CS1591: Missing XML comment for publicly visible type or member 'Model.UpdateDeploymentMetadata()' [D:\PROJ\TabularEditor_J-audit-v02\TOMWrapper\TOMWrapper.csproj]
D:\PROJ\TabularEditor_J-audit-v02\TOMWrapper\TOMWrapper\Model.cs(321,49): warning CS1591: Missing XML comment for publicly visible type or member 'Model.GetChildren()' [D:\PROJ\TabularEditor_J-audit-v02\TOMWrapper\TOMWrapper.csproj]
D:\PROJ\TabularEditor_J-audit-v02\TOMWrapper\TOMWrapper\Model.cs(326,33): warning CS1591: Missing XML comment for publicly visible type or member 'Model.AllowDelete(out string)' [D:\PROJ\TabularEditor_J-audit-v02\TOMWrapper\TOMWrapper.csproj]
D:\PROJ\TabularEditor_J-audit-v02\TOMWrapper\TOMWrapper\Model.cs(332,33): warning CS1591: Missing XML comment for publicly visible type or member 'Model.Init()' [D:\PROJ\TabularEditor_J-audit-v02\TOMWrapper\TOMWrapper.csproj]
D:\PROJ\TabularEditor_J-audit-v02\TOMWrapper\TOMWrapper\Model.cs(356,30): warning CS1591: Missing XML comment for publicly visible type or member 'Model.Groups' [D:\PROJ\TabularEditor_J-audit-v02\TOMWrapper\TOMWrapper.csproj]
D:\PROJ\TabularEditor_J-audit-v02\TOMWrapper\TOMWrapper\Model.cs(360,25): warning CS1591: Missing XML comment for publicly visible type or member 'Model.Database' [D:\PROJ\TabularEditor_J-audit-v02\TOMWrapper\TOMWrapper.csproj]
D:\PROJ\TabularEditor_J-audit-v02\TOMWrapper\TOMWrapper\Model.cs(369,21): warning CS1591: Missing XML comment for publicly visible type or member 'Model.FastCombine' [D:\PROJ\TabularEditor_J-audit-v02\TOMWrapper\TOMWrapper.csproj]
D:\PROJ\TabularEditor_J-audit-v02\TOMWrapper\TOMWrapper\Model.cs(378,21): warning CS1591: Missing XML comment for publicly visible type or member 'Model.LegacyRedirects' [D:\PROJ\TabularEditor_J-audit-v02\TOMWrapper\TOMWrapper.csproj]
D:\PROJ\TabularEditor_J-audit-v02\TOMWrapper\TOMWrapper\Model.cs(387,21): warning CS1591: Missing XML comment for publicly visible type or member 'Model.ReturnErrorValuesAsNull' [D:\PROJ\TabularEditor_J-audit-v02\TOMWrapper\TOMWrapper.csproj]
D:\PROJ\TabularEditor_J-audit-v02\TOMWrapper\TOMWrapper\Model.cs(397,33): warning CS1591: Missing XML comment for publicly visible type or member 'Model.OnPropertyChanging(string, object, ref bool, ref bool)' [D:\PROJ\TabularEditor_J-audit-v02\TOMWrapper\TOMWrapper.csproj]
D:\PROJ\TabularEditor_J-audit-v02\TOMWrapper\TOMWrapper\Model.cs(411,51): warning CS1591: Missing XML comment for publicly visible type or member 'Model.CalculationGroups' [D:\PROJ\TabularEditor_J-audit-v02\TOMWrapper\TOMWrapper.csproj]
D:\PROJ\TabularEditor_J-audit-v02\TOMWrapper\TOMWrapper\ModelRole.cs(12,31): warning CS1591: Missing XML comment for publicly visible type or member 'ModelRole.RowLevelSecurity' [D:\PROJ\TabularEditor_J-audit-v02\TOMWrapper\TOMWrapper.csproj]
D:\PROJ\TabularEditor_J-audit-v02\TOMWrapper\TOMWrapper\ModelRole.cs(15,31): warning CS1591: Missing XML comment for publicly visible type or member 'ModelRole.MetadataPermission' [D:\PROJ\TabularEditor_J-audit-v02\TOMWrapper\TOMWrapper.csproj]
D:\PROJ\TabularEditor_J-audit-v02\TOMWrapper\TOMWrapper\ModelRole.cs(80,23): warning CS1591: Missing XML comment for publicly visible type or member 'ModelRole.ErrorMessage' [D:\PROJ\TabularEditor_J-audit-v02\TOMWrapper\TOMWrapper.csproj]
D:\PROJ\TabularEditor_J-audit-v02\TOMWrapper\TOMWrapper\ModelRole.cs(102,33): warning CS1591: Missing XML comment for publicly visible type or member 'ModelRole.Init()' [D:\PROJ\TabularEditor_J-audit-v02\TOMWrapper\TOMWrapper.csproj]
D:\PROJ\TabularEditor_J-audit-v02\TOMWrapper\TOMWrapper\ModelRole.cs(112,49): warning CS1591: Missing XML comment for publicly visible type or member 'ModelRole.GetChildren()' [D:\PROJ\TabularEditor_J-audit-v02\TOMWrapper\TOMWrapper.csproj]
D:\PROJ\TabularEditor_J-audit-v02\TOMWrapper\TOMWrapper\ModelRole.cs(117,32): warning CS1591: Missing XML comment for publicly visible type or member 'ModelRole.AddOrGetTablePermission(Table)' [D:\PROJ\TabularEditor_J-audit-v02\TOMWrapper\TOMWrapper.csproj]
D:\PROJ\TabularEditor_J-audit-v02\TOMWrapper\TOMWrapper\Partition.cs(18,21): warning CS1591: Missing XML comment for publicly visible type or member 'Partition.NeedsValidation' [D:\PROJ\TabularEditor_J-audit-v02\TOMWrapper\TOMWrapper.csproj]
D:\PROJ\TabularEditor_J-audit-v02\TOMWrapper\TOMWrapper\Partition.cs(23,30): warning CS1591: Missing XML comment for publicly visible type or member 'Partition.DependsOn' [D:\PROJ\TabularEditor_J-audit-v02\TOMWrapper\TOMWrapper.csproj]
D:\PROJ\TabularEditor_J-audit-v02\TOMWrapper\TOMWrapper\Partition.cs(33,33): warning CS1591: Missing XML comment for publicly visible type or member 'Partition.Init()' [D:\PROJ\TabularEditor_J-audit-v02\TOMWrapper\TOMWrapper.csproj]
D:\PROJ\TabularEditor_J-audit-v02\TOMWrapper\TOMWrapper\Partition.cs(53,23): warning CS1591: Missing XML comment for publicly visible type or member 'Partition.Query' [D:\PROJ\TabularEditor_J-audit-v02\TOMWrapper\TOMWrapper.csproj]
D:\PROJ\TabularEditor_J-audit-v02\TOMWrapper\TOMWrapper\Partition.cs(57,23): warning CS1591: Missing XML comment for publicly visible type or member 'Partition.Expression' [D:\PROJ\TabularEditor_J-audit-v02\TOMWrapper\TOMWrapper.csproj]
D:\PROJ\TabularEditor_J-audit-v02\TOMWrapper\TOMWrapper\Partition.cs(100,23): warning CS1591: Missing XML comment for publicly visible type or member 'Partition.DataCoverageDefinitionExpression' [D:\PROJ\TabularEditor_J-audit-v02\TOMWrapper\TOMWrapper.csproj]
D:\PROJ\TabularEditor_J-audit-v02\TOMWrapper\TOMWrapper\Partition.cs(155,39): warning CS1591: Missing XML comment for publicly visible type or member 'Partition.AddDataCoverageDefinition()' [D:\PROJ\TabularEditor_J-audit-v02\TOMWrapper\TOMWrapper.csproj]
D:\PROJ\TabularEditor_J-audit-v02\TOMWrapper\TOMWrapper\Partition.cs(163,21): warning CS1591: Missing XML comment for publicly visible type or member 'Partition.RemoveDataCoverageDefinition()' [D:\PROJ\TabularEditor_J-audit-v02\TOMWrapper\TOMWrapper.csproj]
D:\PROJ\TabularEditor_J-audit-v02\TOMWrapper\TOMWrapper\Partition.cs(191,35): warning CS1591: Missing XML comment for publicly visible type or member 'Partition.ProviderDataSource' [D:\PROJ\TabularEditor_J-audit-v02\TOMWrapper\TOMWrapper.csproj]
D:\PROJ\TabularEditor_J-audit-v02\TOMWrapper\TOMWrapper\Partition.cs(193,37): warning CS1591: Missing XML comment for publicly visible type or member 'Partition.StructuredDataSource' [D:\PROJ\TabularEditor_J-audit-v02\TOMWrapper\TOMWrapper.csproj]
D:\PROJ\TabularEditor_J-audit-v02\TOMWrapper\TOMWrapper\Partition.cs(196,27): warning CS1591: Missing XML comment for publicly visible type or member 'Partition.DataSource' [D:\PROJ\TabularEditor_J-audit-v02\TOMWrapper\TOMWrapper.csproj]
D:\PROJ\TabularEditor_J-audit-v02\TOMWrapper\TOMWrapper\Partition.cs(254,25): warning CS1591: Missing XML comment for publicly visible type or member 'Partition.RefreshedTime' [D:\PROJ\TabularEditor_J-audit-v02\TOMWrapper\TOMWrapper.csproj]
D:\PROJ\TabularEditor_J-audit-v02\TOMWrapper\TOMWrapper\Partition.cs(259,32): warning CS1591: Missing XML comment for publicly visible type or member 'Partition.Name' [D:\PROJ\TabularEditor_J-audit-v02\TOMWrapper\TOMWrapper.csproj]
D:\PROJ\TabularEditor_J-audit-v02\TOMWrapper\TOMWrapper\Partition.cs(271,33): warning CS1591: Missing XML comment for publicly visible type or member 'Partition.AllowDelete(out string)' [D:\PROJ\TabularEditor_J-audit-v02\TOMWrapper\TOMWrapper.csproj]
D:\PROJ\TabularEditor_J-audit-v02\TOMWrapper\TOMWrapper\Partition.cs(329,21): warning CS1591: Missing XML comment for publicly visible type or member 'PartitionCollection.ConvertToLegacy(ProviderDataSource)' [D:\PROJ\TabularEditor_J-audit-v02\TOMWrapper\TOMWrapper.csproj]
D:\PROJ\TabularEditor_J-audit-v02\TOMWrapper\TOMWrapper\Partition.cs(345,21): warning CS1591: Missing XML comment for publicly visible type or member 'PartitionCollection.ConvertToPowerQuery()' [D:\PROJ\TabularEditor_J-audit-v02\TOMWrapper\TOMWrapper.csproj]
D:\PROJ\TabularEditor_J-audit-v02\TOMWrapper\TOMWrapper\ProviderDataSource.cs(24,33): warning CS1591: Missing XML comment for publicly visible type or member 'ProviderDataSource.Init()' [D:\PROJ\TabularEditor_J-audit-v02\TOMWrapper\TOMWrapper.csproj]
D:\PROJ\TabularEditor_J-audit-v02\TOMWrapper\TOMWrapper\ProviderDataSource.cs(65,32): warning CS1591: Missing XML comment for publicly visible type or member 'ProviderDataSource.Name' [D:\PROJ\TabularEditor_J-audit-v02\TOMWrapper\TOMWrapper.csproj]
D:\PROJ\TabularEditor_J-audit-v02\TOMWrapper\TOMWrapper\ProviderDataSource.cs(78,21): warning CS1591: Missing XML comment for publicly visible type or member 'ProviderDataSource.IsPowerBIMashup' [D:\PROJ\TabularEditor_J-audit-v02\TOMWrapper\TOMWrapper.csproj]
D:\PROJ\TabularEditor_J-audit-v02\TOMWrapper\TOMWrapper\ProviderDataSource.cs(80,23): warning CS1591: Missing XML comment for publicly visible type or member 'ProviderDataSource.Location' [D:\PROJ\TabularEditor_J-audit-v02\TOMWrapper\TOMWrapper.csproj]
D:\PROJ\TabularEditor_J-audit-v02\TOMWrapper\TOMWrapper\ProviderDataSource.cs(83,23): warning CS1591: Missing XML comment for publicly visible type or member 'ProviderDataSource.MQuery' [D:\PROJ\TabularEditor_J-audit-v02\TOMWrapper\TOMWrapper.csproj]
D:\PROJ\TabularEditor_J-audit-v02\TOMWrapper\TOMWrapper\ProviderDataSource.cs(85,23): warning CS1591: Missing XML comment for publicly visible type or member 'ProviderDataSource.SourceID' [D:\PROJ\TabularEditor_J-audit-v02\TOMWrapper\TOMWrapper.csproj]
D:\PROJ\TabularEditor_J-audit-v02\TOMWrapper\TOMWrapper\Relationship.cs(13,39): warning CS1591: Missing XML comment for publicly visible type or member 'Relationship.UsedInVariations' [D:\PROJ\TabularEditor_J-audit-v02\TOMWrapper\TOMWrapper.csproj]
D:\PROJ\TabularEditor_J-audit-v02\TOMWrapper\TOMWrapper\SingleColumnRelationship.cs(34,32): warning CS1591: Missing XML comment for publicly visible type or member 'SingleColumnRelationship.ToString()' [D:\PROJ\TabularEditor_J-audit-v02\TOMWrapper\TOMWrapper.csproj]
D:\PROJ\TabularEditor_J-audit-v02\TOMWrapper\TOMWrapper\SingleColumnRelationship.cs(66,32): warning CS1591: Missing XML comment for publicly visible type or member 'SingleColumnRelationship.Name' [D:\PROJ\TabularEditor_J-audit-v02\TOMWrapper\TOMWrapper.csproj]
D:\PROJ\TabularEditor_J-audit-v02\TOMWrapper\TOMWrapper\SingleColumnRelationship.cs(81,23): warning CS1591: Missing XML comment for publicly visible type or member 'SingleColumnRelationship.ErrorMessage' [D:\PROJ\TabularEditor_J-audit-v02\TOMWrapper\TOMWrapper.csproj]
D:\PROJ\TabularEditor_J-audit-v02\TOMWrapper\TOMWrapper\SingleColumnRelationship.cs(97,23): warning CS1591: Missing XML comment for publicly visible type or member 'SingleColumnRelationship.ID' [D:\PROJ\TabularEditor_J-audit-v02\TOMWrapper\TOMWrapper.csproj]
D:\PROJ\TabularEditor_J-audit-v02\TOMWrapper\TOMWrapper\SingleColumnRelationship.cs(99,33): warning CS1591: Missing XML comment for publicly visible type or member 'SingleColumnRelationship.OnPropertyChanging(string, object, ref bool, ref bool)' [D:\PROJ\TabularEditor_J-audit-v02\TOMWrapper\TOMWrapper.csproj]
D:\PROJ\TabularEditor_J-audit-v02\TOMWrapper\TOMWrapper\SingleColumnRelationship.cs(110,33): warning CS1591: Missing XML comment for publicly visible type or member 'SingleColumnRelationship.OnPropertyChanged(string, object, object)' [D:\PROJ\TabularEditor_J-audit-v02\TOMWrapper\TOMWrapper.csproj]
D:\PROJ\TabularEditor_J-audit-v02\TOMWrapper\TOMWrapper\Table.cs(56,33): warning CS1591: Missing XML comment for publicly visible type or member 'Table.AllowDelete(out string)' [D:\PROJ\TabularEditor_J-audit-v02\TOMWrapper\TOMWrapper.csproj]
D:\PROJ\TabularEditor_J-audit-v02\TOMWrapper\TOMWrapper\Table.cs(241,40): warning CS1591: Missing XML comment for publicly visible type or member 'Table.DataColumns' [D:\PROJ\TabularEditor_J-audit-v02\TOMWrapper\TOMWrapper.csproj]
D:\PROJ\TabularEditor_J-audit-v02\TOMWrapper\TOMWrapper\Table.cs(244,46): warning CS1591: Missing XML comment for publicly visible type or member 'Table.CalculatedColumns' [D:\PROJ\TabularEditor_J-audit-v02\TOMWrapper\TOMWrapper.csproj]
D:\PROJ\TabularEditor_J-audit-v02\TOMWrapper\TOMWrapper\Table.cs(428,33): warning CS1591: Missing XML comment for publicly visible type or member 'Table.Init()' [D:\PROJ\TabularEditor_J-audit-v02\TOMWrapper\TOMWrapper.csproj]
D:\PROJ\TabularEditor_J-audit-v02\TOMWrapper\TOMWrapper\Table.cs(484,21): warning CS1591: Missing XML comment for publicly visible type or member 'Table.RefreshDataColumns()' [D:\PROJ\TabularEditor_J-audit-v02\TOMWrapper\TOMWrapper.csproj]
D:\PROJ\TabularEditor_J-audit-v02\TOMWrapper\TOMWrapper\Table.cs(565,33): warning CS1591: Missing XML comment for publicly visible type or member 'Table.Children_CollectionChanged(object, NotifyCollectionChangedEventArgs)' [D:\PROJ\TabularEditor_J-audit-v02\TOMWrapper\TOMWrapper.csproj]
D:\PROJ\TabularEditor_J-audit-v02\TOMWrapper\TOMWrapper\Table.cs(570,33): warning CS1591: Missing XML comment for publicly visible type or member 'Table.OnPropertyChanged(string, object, object)' [D:\PROJ\TabularEditor_J-audit-v02\TOMWrapper\TOMWrapper.csproj]
D:\PROJ\TabularEditor_J-audit-v02\TOMWrapper\TOMWrapper\Table.cs(597,33): warning CS1591: Missing XML comment for publicly visible type or member 'Table.OnPropertyChanging(string, object, ref bool, ref bool)' [D:\PROJ\TabularEditor_J-audit-v02\TOMWrapper\TOMWrapper.csproj]
D:\PROJ\TabularEditor_J-audit-v02\TOMWrapper\TOMWrapper\Table.cs(644,29): warning CS1591: Missing XML comment for publicly visible type or member 'Table.NeedsValidation' [D:\PROJ\TabularEditor_J-audit-v02\TOMWrapper\TOMWrapper.csproj]
D:\PROJ\TabularEditor_J-audit-v02\TOMWrapper\TOMWrapper\Table.cs(688,39): warning CS1591: Missing XML comment for publicly visible type or member 'Table.RollingWindowGranularity' [D:\PROJ\TabularEditor_J-audit-v02\TOMWrapper\TOMWrapper.csproj]
D:\PROJ\TabularEditor_J-audit-v02\TOMWrapper\TOMWrapper\Table.cs(700,20): warning CS1591: Missing XML comment for publicly visible type or member 'Table.RollingWindowPeriods' [D:\PROJ\TabularEditor_J-audit-v02\TOMWrapper\TOMWrapper.csproj]
D:\PROJ\TabularEditor_J-audit-v02\TOMWrapper\TOMWrapper\Table.cs(712,39): warning CS1591: Missing XML comment for publicly visible type or member 'Table.IncrementalGranularity' [D:\PROJ\TabularEditor_J-audit-v02\TOMWrapper\TOMWrapper.csproj]
D:\PROJ\TabularEditor_J-audit-v02\TOMWrapper\TOMWrapper\Table.cs(724,20): warning CS1591: Missing XML comment for publicly visible type or member 'Table.IncrementalPeriods' [D:\PROJ\TabularEditor_J-audit-v02\TOMWrapper\TOMWrapper.csproj]
D:\PROJ\TabularEditor_J-audit-v02\TOMWrapper\TOMWrapper\Table.cs(736,20): warning CS1591: Missing XML comment for publicly visible type or member 'Table.IncrementalPeriodsOffset' [D:\PROJ\TabularEditor_J-audit-v02\TOMWrapper\TOMWrapper.csproj]
D:\PROJ\TabularEditor_J-audit-v02\TOMWrapper\TOMWrapper\Table.cs(748,23): warning CS1591: Missing XML comment for publicly visible type or member 'Table.PollingExpression' [D:\PROJ\TabularEditor_J-audit-v02\TOMWrapper\TOMWrapper.csproj]
D:\PROJ\TabularEditor_J-audit-v02\TOMWrapper\TOMWrapper\Table.cs(761,23): warning CS1591: Missing XML comment for publicly visible type or member 'Table.SourceExpression' [D:\PROJ\TabularEditor_J-audit-v02\TOMWrapper\TOMWrapper.csproj]
D:\PROJ\TabularEditor_J-audit-v02\TOMWrapper\TOMWrapper\Table.cs(773,21): warning CS1591: Missing XML comment for publicly visible type or member 'Table.EnableRefreshPolicy' [D:\PROJ\TabularEditor_J-audit-v02\TOMWrapper\TOMWrapper.csproj]
D:\PROJ\TabularEditor_J-audit-v02\TOMWrapper\TOMWrapper\NamedExpression.cs(8,21): warning CS1591: Missing XML comment for publicly visible type or member 'NamedExpression.NeedsValidation' [D:\PROJ\TabularEditor_J-audit-v02\TOMWrapper\TOMWrapper.csproj]
D:\PROJ\TabularEditor_J-audit-v02\TOMWrapper\TOMWrapper\TablePermission.cs(18,21): warning CS1591: Missing XML comment for publicly visible type or member 'TablePermission.NoEffect' [D:\PROJ\TabularEditor_J-audit-v02\TOMWrapper\TOMWrapper.csproj]
D:\PROJ\TabularEditor_J-audit-v02\TOMWrapper\TOMWrapper\TablePermission.cs(37,30): warning CS1591: Missing XML comment for publicly visible type or member 'TablePermission.DependsOn' [D:\PROJ\TabularEditor_J-audit-v02\TOMWrapper\TOMWrapper.csproj]
D:\PROJ\TabularEditor_J-audit-v02\TOMWrapper\TOMWrapper\TablePermission.cs(48,23): warning CS1591: Missing XML comment for publicly visible type or member 'TablePermission.TableName' [D:\PROJ\TabularEditor_J-audit-v02\TOMWrapper\TOMWrapper.csproj]
D:\PROJ\TabularEditor_J-audit-v02\TOMWrapper\TOMWrapper\TablePermission.cs(50,23): warning CS1591: Missing XML comment for publicly visible type or member 'TablePermission.RoleName' [D:\PROJ\TabularEditor_J-audit-v02\TOMWrapper\TOMWrapper.csproj]
D:\PROJ\TabularEditor_J-audit-v02\TOMWrapper\TOMWrapper\TablePermission.cs(53,21): warning CS1591: Missing XML comment for publicly visible type or member 'TablePermission.NeedsValidation' [D:\PROJ\TabularEditor_J-audit-v02\TOMWrapper\TOMWrapper.csproj]
D:\PROJ\TabularEditor_J-audit-v02\TOMWrapper\TOMWrapper\TablePermission.cs(66,33): warning CS1591: Missing XML comment for publicly visible type or member 'TablePermission.OnPropertyChanged(string, object, object)' [D:\PROJ\TabularEditor_J-audit-v02\TOMWrapper\TOMWrapper.csproj]
D:\PROJ\TabularEditor_J-audit-v02\TOMWrapper\TOMWrapper\TablePermission.cs(74,33): warning CS1591: Missing XML comment for publicly visible type or member 'TablePermission.Init()' [D:\PROJ\TabularEditor_J-audit-v02\TOMWrapper\TOMWrapper.csproj]
D:\PROJ\TabularEditor_J-audit-v02\TOMWrapper\TOMWrapper\TablePermission.cs(80,21): warning CS1591: Missing XML comment for publicly visible type or member 'TablePermission.DelayedInit()' [D:\PROJ\TabularEditor_J-audit-v02\TOMWrapper\TOMWrapper.csproj]
D:\PROJ\TabularEditor_J-audit-v02\TOMWrapper\TOMWrapper\TablePermission.cs(89,37): warning CS1591: Missing XML comment for publicly visible type or member 'TablePermission.ColumnPermissions' [D:\PROJ\TabularEditor_J-audit-v02\TOMWrapper\TOMWrapper.csproj]
D:\PROJ\TabularEditor_J-audit-v02\TOMWrapper\TOMWrapper\TablePermission.cs(113,32): warning CS1591: Missing XML comment for publicly visible type or member 'TablePermissionCollection.this[Table]' [D:\PROJ\TabularEditor_J-audit-v02\TOMWrapper\TOMWrapper.csproj]
D:\PROJ\TabularEditor_J-audit-v02\TOMWrapper\TOMWrapper\GroupingColumnCollection.cs(12,18): warning CS1591: Missing XML comment for publicly visible type or member 'GroupingColumnCollection' [D:\PROJ\TabularEditor_J-audit-v02\TOMWrapper\TOMWrapper.csproj]
D:\PROJ\TabularEditor_J-audit-v02\TOMWrapper\TOMWrapper\GroupingColumnCollection.cs(32,33): warning CS1591: Missing XML comment for publicly visible type or member 'GroupingColumnCollection.InternalAdd(Column)' [D:\PROJ\TabularEditor_J-audit-v02\TOMWrapper\TOMWrapper.csproj]
D:\PROJ\TabularEditor_J-audit-v02\TOMWrapper\TOMWrapper\GroupingColumnCollection.cs(49,33): warning CS1591: Missing XML comment for publicly visible type or member 'GroupingColumnCollection.InternalRemove(Column)' [D:\PROJ\TabularEditor_J-audit-v02\TOMWrapper\TOMWrapper.csproj]
D:\PROJ\TabularEditor_J-audit-v02\TOMWrapper\TOMWrapper\GroupingColumnCollection.cs(71,29): warning CS1591: Missing XML comment for publicly visible type or member 'GroupingColumnCollection.Count' [D:\PROJ\TabularEditor_J-audit-v02\TOMWrapper\TOMWrapper.csproj]
D:\PROJ\TabularEditor_J-audit-v02\TOMWrapper\TOMWrapper\GroupingColumnCollection.cs(73,45): warning CS1591: Missing XML comment for publicly visible type or member 'GroupingColumnCollection.GetEnumerator()' [D:\PROJ\TabularEditor_J-audit-v02\TOMWrapper\TOMWrapper.csproj]
D:\PROJ\TabularEditor_J-audit-v02\TOMWrapper\TOMWrapper\Indexers\RoleColumnOLSIndexer.cs(20,41): warning CS1591: Missing XML comment for publicly visible type or member 'RoleColumnOLSIndexer.TablePermission' [D:\PROJ\TabularEditor_J-audit-v02\TOMWrapper\TOMWrapper.csproj]
D:\PROJ\TabularEditor_J-audit-v02\TOMWrapper\TOMWrapper\Indexers\RoleColumnOLSIndexer.cs(29,45): warning CS1591: Missing XML comment for publicly visible type or member 'RoleColumnOLSIndexer.Keys' [D:\PROJ\TabularEditor_J-audit-v02\TOMWrapper\TOMWrapper.csproj]
D:\PROJ\TabularEditor_J-audit-v02\TOMWrapper\TOMWrapper\Indexers\RoleColumnOLSIndexer.cs(31,32): warning CS1591: Missing XML comment for publicly visible type or member 'RoleColumnOLSIndexer.Summary' [D:\PROJ\TabularEditor_J-audit-v02\TOMWrapper\TOMWrapper.csproj]
D:\PROJ\TabularEditor_J-audit-v02\TOMWrapper\TOMWrapper\Indexers\RoleColumnOLSIndexer.cs(44,65): warning CS1591: Missing XML comment for publicly visible type or member 'RoleColumnOLSIndexer.GetCollection()' [D:\PROJ\TabularEditor_J-audit-v02\TOMWrapper\TOMWrapper.csproj]
D:\PROJ\TabularEditor_J-audit-v02\TOMWrapper\TOMWrapper\Indexers\RoleColumnOLSIndexer.cs(49,47): warning CS1591: Missing XML comment for publicly visible type or member 'RoleColumnOLSIndexer.GetValue(Column)' [D:\PROJ\TabularEditor_J-audit-v02\TOMWrapper\TOMWrapper.csproj]
D:\PROJ\TabularEditor_J-audit-v02\TOMWrapper\TOMWrapper\Indexers\RoleColumnOLSIndexer.cs(54,33): warning CS1591: Missing XML comment for publicly visible type or member 'RoleColumnOLSIndexer.SetValue(Column, MetadataPermission)' [D:\PROJ\TabularEditor_J-audit-v02\TOMWrapper\TOMWrapper.csproj]
D:\PROJ\TabularEditor_J-audit-v02\TOMWrapper\TOMWrapper\TabularModelHandler.Database.cs(14,23): warning CS1591: Missing XML comment for publicly visible type or member 'TabularModelHandler.ConflictInfo' [D:\PROJ\TabularEditor_J-audit-v02\TOMWrapper\TOMWrapper.csproj]
D:\PROJ\TabularEditor_J-audit-v02\TOMWrapper\TOMWrapper\TabularModelHandler.Database.cs(16,25): warning CS1591: Missing XML comment for publicly visible type or member 'TabularModelHandler.ConflictInfo.DatabaseVersion' [D:\PROJ\TabularEditor_J-audit-v02\TOMWrapper\TOMWrapper.csproj]
D:\PROJ\TabularEditor_J-audit-v02\TOMWrapper\TOMWrapper\TabularModelHandler.Database.cs(17,25): warning CS1591: Missing XML comment for publicly visible type or member 'TabularModelHandler.ConflictInfo.LoadedVersion' [D:\PROJ\TabularEditor_J-audit-v02\TOMWrapper\TOMWrapper.csproj]
D:\PROJ\TabularEditor_J-audit-v02\TOMWrapper\TOMWrapper\TabularModelHandler.Database.cs(18,29): warning CS1591: Missing XML comment for publicly visible type or member 'TabularModelHandler.ConflictInfo.DatabaseLastUpdate' [D:\PROJ\TabularEditor_J-audit-v02\TOMWrapper\TOMWrapper.csproj]
D:\PROJ\TabularEditor_J-audit-v02\TOMWrapper\TOMWrapper\TabularModelHandler.Database.cs(19,25): warning CS1591: Missing XML comment for publicly visible type or member 'TabularModelHandler.ConflictInfo.Conflict' [D:\PROJ\TabularEditor_J-audit-v02\TOMWrapper\TOMWrapper.csproj]
D:\PROJ\TabularEditor_J-audit-v02\TOMWrapper\TOMWrapper\TabularModelHandler.Database.cs(22,29): warning CS1591: Missing XML comment for publicly visible type or member 'TabularModelHandler.CheckConflicts()' [D:\PROJ\TabularEditor_J-audit-v02\TOMWrapper\TOMWrapper.csproj]
D:\PROJ\TabularEditor_J-audit-v02\TOMWrapper\TOMWrapper\TabularModelHandler.Database.cs(37,21): warning CS1591: Missing XML comment for publicly visible type or member 'TabularModelHandler.UpdateVersion()' [D:\PROJ\TabularEditor_J-audit-v02\TOMWrapper\TOMWrapper.csproj]
D:\PROJ\TabularEditor_J-audit-v02\TOMWrapper\TOMWrapper\TabularModelHandler.Database.cs(43,21): warning CS1591: Missing XML comment for publicly visible type or member 'TabularModelHandler.KeepAlive()' [D:\PROJ\TabularEditor_J-audit-v02\TOMWrapper\TOMWrapper.csproj]
D:\PROJ\TabularEditor_J-audit-v02\TOMWrapper\TOMWrapper\TabularModelHandler.Database.cs(51,33): warning CS1591: Missing XML comment for publicly visible type or member 'TabularModelHandler.GetLastDeploymentResults()' [D:\PROJ\TabularEditor_J-audit-v02\TOMWrapper\TOMWrapper.csproj]
D:\PROJ\TabularEditor_J-audit-v02\TOMWrapper\TOMWrapper\TabularModelHandler.Database.cs(56,32): warning CS1591: Missing XML comment for publicly visible type or member 'TabularModelHandler.TabularDeployer' [D:\PROJ\TabularEditor_J-audit-v02\TOMWrapper\TOMWrapper.csproj]
D:\PROJ\TabularEditor_J-audit-v02\TOMWrapper\TOMWrapper\TabularModelHandler.Events.cs(68,49): warning CS1591: Missing XML comment for publicly visible type or member 'TabularModelHandler.ObjectChanging' [D:\PROJ\TabularEditor_J-audit-v02\TOMWrapper\TOMWrapper.csproj]
D:\PROJ\TabularEditor_J-audit-v02\TOMWrapper\TOMWrapper\TabularModelHandler.Events.cs(69,48): warning CS1591: Missing XML comment for publicly visible type or member 'TabularModelHandler.ObjectChanged' [D:\PROJ\TabularEditor_J-audit-v02\TOMWrapper\TOMWrapper.csproj]
D:\PROJ\TabularEditor_J-audit-v02\TOMWrapper\TOMWrapper\TabularModelHandler.Events.cs(70,49): warning CS1591: Missing XML comment for publicly visible type or member 'TabularModelHandler.ObjectDeleting' [D:\PROJ\TabularEditor_J-audit-v02\TOMWrapper\TOMWrapper.csproj]
D:\PROJ\TabularEditor_J-audit-v02\TOMWrapper\TOMWrapper\TabularModelHandler.Events.cs(71,48): warning CS1591: Missing XML comment for publicly visible type or member 'TabularModelHandler.ObjectDeleted' [D:\PROJ\TabularEditor_J-audit-v02\TOMWrapper\TOMWrapper.csproj]
D:\PROJ\TabularEditor_J-audit-v02\TOMWrapper\TOMWrapper\TabularModelHandler.FileHandling.cs(65,77): warning CS1573: Parameter 'settings' has no matching param tag in the XML comment for 'TabularModelHandler.TabularModelHandler(string, TabularModelHandlerSettings)' (but other parameters do) [D:\PROJ\TabularEditor_J-audit-v02\TOMWrapper\TOMWrapper.csproj]
D:\PROJ\TabularEditor_J-audit-v02\TOMWrapper\TOMWrapper\TabularModelHandler.FileHandling.cs(218,21): warning CS1591: Missing XML comment for publicly visible type or member 'TabularModelHandler.HasSerializeOptions' [D:\PROJ\TabularEditor_J-audit-v02\TOMWrapper\TOMWrapper.csproj]
D:\PROJ\TabularEditor_J-audit-v02\TOMWrapper\TOMWrapper\TabularModelHandler.FileHandling.cs(222,33): warning CS1591: Missing XML comment for publicly visible type or member 'TabularModelHandler.SerializeOptions' [D:\PROJ\TabularEditor_J-audit-v02\TOMWrapper\TOMWrapper.csproj]
D:\PROJ\TabularEditor_J-audit-v02\TOMWrapper\TOMWrapper\TabularModelHandler.FileHandling.cs(253,21): warning CS1591: Missing XML comment for publicly visible type or member 'TabularModelHandler.Save(string, SaveFormat, SerializeOptions, bool, bool, bool)' [D:\PROJ\TabularEditor_J-audit-v02\TOMWrapper\TOMWrapper.csproj]
D:\PROJ\TabularEditor_J-audit-v02\TOMWrapper\TOMWrapper\TabularModelHandler.cs(18,29): warning CS1591: Missing XML comment for publicly visible type or member 'TabularModelHandler.PROP_HASUNSAVEDCHANGES' [D:\PROJ\TabularEditor_J-audit-v02\TOMWrapper\TOMWrapper.csproj]
D:\PROJ\TabularEditor_J-audit-v02\TOMWrapper\TOMWrapper\TabularModelHandler.cs(19,29): warning CS1591: Missing XML comment for publicly visible type or member 'TabularModelHandler.PROP_ISCONNECTED' [D:\PROJ\TabularEditor_J-audit-v02\TOMWrapper\TOMWrapper.csproj]
D:\PROJ\TabularEditor_J-audit-v02\TOMWrapper\TOMWrapper\TabularModelHandler.cs(20,29): warning CS1591: Missing XML comment for publicly visible type or member 'TabularModelHandler.PROP_STATUS' [D:\PROJ\TabularEditor_J-audit-v02\TOMWrapper\TOMWrapper.csproj]
D:\PROJ\TabularEditor_J-audit-v02\TOMWrapper\TOMWrapper\TabularModelHandler.cs(21,29): warning CS1591: Missing XML comment for publicly visible type or member 'TabularModelHandler.PROP_ERRORS' [D:\PROJ\TabularEditor_J-audit-v02\TOMWrapper\TOMWrapper.csproj]
D:\PROJ\TabularEditor_J-audit-v02\TOMWrapper\TOMWrapper\TabularModelHandler.cs(24,44): warning CS1591: Missing XML comment for publicly visible type or member 'TabularModelHandler.Settings' [D:\PROJ\TabularEditor_J-audit-v02\TOMWrapper\TOMWrapper.csproj]
D:\PROJ\TabularEditor_J-audit-v02\TOMWrapper\TOMWrapper\TabularModelHandler.cs(57,28): warning CS1591: Missing XML comment for publicly visible type or member 'TabularModelHandler.UndoManager' [D:\PROJ\TabularEditor_J-audit-v02\TOMWrapper\TOMWrapper.csproj]
D:\PROJ\TabularEditor_J-audit-v02\TOMWrapper\TOMWrapper\TabularModelHandler.cs(58,37): warning CS1591: Missing XML comment for publicly visible type or member 'TabularModelHandler.Actions' [D:\PROJ\TabularEditor_J-audit-v02\TOMWrapper\TOMWrapper.csproj]
D:\PROJ\TabularEditor_J-audit-v02\TOMWrapper\TOMWrapper\TabularModelHandler.cs(63,28): warning CS1591: Missing XML comment for publicly visible type or member 'TabularModelHandler.Cleanup()' [D:\PROJ\TabularEditor_J-audit-v02\TOMWrapper\TOMWrapper.csproj]
D:\PROJ\TabularEditor_J-audit-v02\TOMWrapper\TOMWrapper\TabularModelHandler.cs(68,22): warning CS1591: Missing XML comment for publicly visible type or member 'TabularModelHandler.Model' [D:\PROJ\TabularEditor_J-audit-v02\TOMWrapper\TOMWrapper.csproj]
D:\PROJ\TabularEditor_J-audit-v02\TOMWrapper\TOMWrapper\TabularModelHandler.cs(69,29): warning CS1591: Missing XML comment for publicly visible type or member 'TabularModelHandler.Database' [D:\PROJ\TabularEditor_J-audit-v02\TOMWrapper\TOMWrapper.csproj]
D:\PROJ\TabularEditor_J-audit-v02\TOMWrapper\TOMWrapper\TabularModelHandler.cs(70,23): warning CS1591: Missing XML comment for publicly visible type or member 'TabularModelHandler.ConnectionInfo' [D:\PROJ\TabularEditor_J-audit-v02\TOMWrapper\TOMWrapper.csproj]
D:\PROJ\TabularEditor_J-audit-v02\TOMWrapper\TOMWrapper\TabularModelHandler.cs(71,20): warning CS1591: Missing XML comment for publicly visible type or member 'TabularModelHandler.CompatibilityLevel' [D:\PROJ\TabularEditor_J-audit-v02\TOMWrapper\TOMWrapper.csproj]
D:\PROJ\TabularEditor_J-audit-v02\TOMWrapper\TOMWrapper\TabularModelHandler.cs(72,21): warning CS1591: Missing XML comment for publicly visible type or member 'TabularModelHandler.PbiMode' [D:\PROJ\TabularEditor_J-audit-v02\TOMWrapper\TOMWrapper.csproj]
D:\PROJ\TabularEditor_J-audit-v02\TOMWrapper\TOMWrapper\TabularModelHandler.cs(73,21): warning CS1591: Missing XML comment for publicly visible type or member 'TabularModelHandler.IsPbiDesktop' [D:\PROJ\TabularEditor_J-audit-v02\TOMWrapper\TOMWrapper.csproj]
D:\PROJ\TabularEditor_J-audit-v02\TOMWrapper\TOMWrapper\TabularModelHandler.cs(104,30): warning CS1591: Missing XML comment for publicly visible type or member 'TabularModelHandler.GetWrapperObject(MetadataObject)' [D:\PROJ\TabularEditor_J-audit-v02\TOMWrapper\TOMWrapper.csproj]
D:\PROJ\TabularEditor_J-audit-v02\TOMWrapper\TOMWrapper\TabularModelHandler.cs(107,32): warning CS1591: Missing XML comment for publicly visible type or member 'TabularModelHandler.SourceType' [D:\PROJ\TabularEditor_J-audit-v02\TOMWrapper\TOMWrapper.csproj]
D:\PROJ\TabularEditor_J-audit-v02\TOMWrapper\TOMWrapper\TabularModelHandler.cs(108,23): warning CS1591: Missing XML comment for publicly visible type or member 'TabularModelHandler.Source' [D:\PROJ\TabularEditor_J-audit-v02\TOMWrapper\TOMWrapper.csproj]
D:\PROJ\TabularEditor_J-audit-v02\TOMWrapper\TOMWrapper\TabularModelHandler.cs(148,60): warning CS1591: Missing XML comment for publicly visible type or member 'TabularModelHandler.OnExternalChange' [D:\PROJ\TabularEditor_J-audit-v02\TOMWrapper\TOMWrapper.csproj]
D:\PROJ\TabularEditor_J-audit-v02\TOMWrapper\TOMWrapper\TabularModelHandler.cs(149,60): warning CS1591: Missing XML comment for publicly visible type or member 'TabularModelHandler.OnProgressReport' [D:\PROJ\TabularEditor_J-audit-v02\TOMWrapper\TOMWrapper.csproj]
D:\PROJ\TabularEditor_J-audit-v02\TOMWrapper\TOMWrapper\TabularModelHandler.cs(186,21): warning CS1591: Missing XML comment for publicly visible type or member 'TabularModelHandler.RefreshTom()' [D:\PROJ\TabularEditor_J-audit-v02\TOMWrapper\TOMWrapper.csproj]
D:\PROJ\TabularEditor_J-audit-v02\TOMWrapper\TOMWrapper\TabularModelHandler.cs(202,28): warning CS1591: Missing XML comment for publicly visible type or member 'TabularModelHandler.Log(string, Exception)' [D:\PROJ\TabularEditor_J-audit-v02\TOMWrapper\TOMWrapper.csproj]
D:\PROJ\TabularEditor_J-audit-v02\TOMWrapper\TOMWrapper\TabularModelHandler.cs(206,28): warning CS1591: Missing XML comment for publicly visible type or member 'TabularModelHandler.Log(string)' [D:\PROJ\TabularEditor_J-audit-v02\TOMWrapper\TOMWrapper.csproj]
D:\PROJ\TabularEditor_J-audit-v02\TOMWrapper\TOMWrapper\TabularModelHandler.cs(213,38): warning CS1591: Missing XML comment for publicly visible type or member 'TabularModelHandler.MessageLogger' [D:\PROJ\TabularEditor_J-audit-v02\TOMWrapper\TOMWrapper.csproj]
D:\PROJ\TabularEditor_J-audit-v02\TOMWrapper\TOMWrapper\TabularModelHandler.cs(221,104): warning CS1573: Parameter 'settings' has no matching param tag in the XML comment for 'TabularModelHandler.TabularModelHandler(string, string, TabularModelHandlerSettings)' (but other parameters do) [D:\PROJ\TabularEditor_J-audit-v02\TOMWrapper\TOMWrapper.csproj]
D:\PROJ\TabularEditor_J-audit-v02\TOMWrapper\TOMWrapper\TabularModelHandler.cs(273,21): warning CS1591: Missing XML comment for publicly visible type or member 'TabularModelHandler.CleanOrphanedTraces()' [D:\PROJ\TabularEditor_J-audit-v02\TOMWrapper\TOMWrapper.csproj]
D:\PROJ\TabularEditor_J-audit-v02\TOMWrapper\TOMWrapper\TabularModelHandler.cs(278,20): warning CS1591: Missing XML comment for publicly visible type or member 'TabularModelHandler.GetOrphanedTraceCount()' [D:\PROJ\TabularEditor_J-audit-v02\TOMWrapper\TOMWrapper.csproj]
D:\PROJ\TabularEditor_J-audit-v02\TOMWrapper\TOMWrapper\TabularModelHandler.cs(293,21): warning CS1591: Missing XML comment for publicly visible type or member 'TabularModelHandler.IsConnected' [D:\PROJ\TabularEditor_J-audit-v02\TOMWrapper\TOMWrapper.csproj]
D:\PROJ\TabularEditor_J-audit-v02\TOMWrapper\TOMWrapper\TabularModelHandler.cs(294,21): warning CS1591: Missing XML comment for publicly visible type or member 'TabularModelHandler.Version' [D:\PROJ\TabularEditor_J-audit-v02\TOMWrapper\TOMWrapper.csproj]
D:\PROJ\TabularEditor_J-audit-v02\TOMWrapper\TOMWrapper\TabularModelHandler.cs(296,21): warning CS1591: Missing XML comment for publicly visible type or member 'TabularModelHandler.HasUnsavedChanges' [D:\PROJ\TabularEditor_J-audit-v02\TOMWrapper\TOMWrapper.csproj]
D:\PROJ\TabularEditor_J-audit-v02\TOMWrapper\TOMWrapper\TabularModelHandler.cs(305,23): warning CS1591: Missing XML comment for publicly visible type or member 'TabularModelHandler.Status' [D:\PROJ\TabularEditor_J-audit-v02\TOMWrapper\TOMWrapper.csproj]
D:\PROJ\TabularEditor_J-audit-v02\TOMWrapper\TOMWrapper\TabularModelHandler.cs(308,57): warning CS1591: Missing XML comment for publicly visible type or member 'TabularModelHandler.Errors' [D:\PROJ\TabularEditor_J-audit-v02\TOMWrapper\TOMWrapper.csproj]
D:\PROJ\TabularEditor_J-audit-v02\TOMWrapper\TOMWrapper\TabularModelHandler.cs(442,21): warning CS1591: Missing XML comment for publicly visible type or member 'TabularModelHandler.UpdateInProgress' [D:\PROJ\TabularEditor_J-audit-v02\TOMWrapper\TOMWrapper.csproj]
D:\PROJ\TabularEditor_J-audit-v02\TOMWrapper\TOMWrapper\TabularModelHandler.cs(487,21): warning CS1591: Missing XML comment for publicly visible type or member 'TabularModelHandler.Dispose()' [D:\PROJ\TabularEditor_J-audit-v02\TOMWrapper\TOMWrapper.csproj]
D:\PROJ\TabularEditor_J-audit-v02\TOMWrapper\TOMWrapper\TabularModelHandler.cs(496,28): warning CS1591: Missing XML comment for publicly visible type or member 'TabularModelHandler.Tree' [D:\PROJ\TabularEditor_J-audit-v02\TOMWrapper\TOMWrapper.csproj]
D:\PROJ\TabularEditor_J-audit-v02\TOMWrapper\TOMWrapper\TabularModelHandler.Database.cs(191,18): warning CS1591: Missing XML comment for publicly visible type or member 'SaveDatabaseException' [D:\PROJ\TabularEditor_J-audit-v02\TOMWrapper\TOMWrapper.csproj]
D:\PROJ\TabularEditor_J-audit-v02\TOMWrapper\TOMWrapper\TabularModelHandler.Database.cs(193,16): warning CS1591: Missing XML comment for publicly visible type or member 'SaveDatabaseException.SaveDatabaseException(string, Exception)' [D:\PROJ\TabularEditor_J-audit-v02\TOMWrapper\TOMWrapper.csproj]
D:\PROJ\TabularEditor_J-audit-v02\TOMWrapper\TOMWrapper\TabularModelHandler.Events.cs(9,18): warning CS1591: Missing XML comment for publicly visible type or member 'ObjectChangedEventArgs' [D:\PROJ\TabularEditor_J-audit-v02\TOMWrapper\TOMWrapper.csproj]
D:\PROJ\TabularEditor_J-audit-v02\TOMWrapper\TOMWrapper\TabularModelHandler.Events.cs(11,31): warning CS1591: Missing XML comment for publicly visible type or member 'ObjectChangedEventArgs.TabularObject' [D:\PROJ\TabularEditor_J-audit-v02\TOMWrapper\TOMWrapper.csproj]
D:\PROJ\TabularEditor_J-audit-v02\TOMWrapper\TOMWrapper\TabularModelHandler.Events.cs(12,23): warning CS1591: Missing XML comment for publicly visible type or member 'ObjectChangedEventArgs.PropertyName' [D:\PROJ\TabularEditor_J-audit-v02\TOMWrapper\TOMWrapper.csproj]
D:\PROJ\TabularEditor_J-audit-v02\TOMWrapper\TOMWrapper\TabularModelHandler.Events.cs(13,23): warning CS1591: Missing XML comment for publicly visible type or member 'ObjectChangedEventArgs.OldValue' [D:\PROJ\TabularEditor_J-audit-v02\TOMWrapper\TOMWrapper.csproj]
D:\PROJ\TabularEditor_J-audit-v02\TOMWrapper\TOMWrapper\TabularModelHandler.Events.cs(14,23): warning CS1591: Missing XML comment for publicly visible type or member 'ObjectChangedEventArgs.NewValue' [D:\PROJ\TabularEditor_J-audit-v02\TOMWrapper\TOMWrapper.csproj]
D:\PROJ\TabularEditor_J-audit-v02\TOMWrapper\TOMWrapper\TabularModelHandler.Events.cs(16,16): warning CS1591: Missing XML comment for publicly visible type or member 'ObjectChangedEventArgs.ObjectChangedEventArgs(ITabularObject, string, object, object)' [D:\PROJ\TabularEditor_J-audit-v02\TOMWrapper\TOMWrapper.csproj]
D:\PROJ\TabularEditor_J-audit-v02\TOMWrapper\TOMWrapper\TabularModelHandler.Events.cs(25,18): warning CS1591: Missing XML comment for publicly visible type or member 'ObjectChangingEventArgs' [D:\PROJ\TabularEditor_J-audit-v02\TOMWrapper\TOMWrapper.csproj]
D:\PROJ\TabularEditor_J-audit-v02\TOMWrapper\TOMWrapper\TabularModelHandler.Events.cs(27,21): warning CS1591: Missing XML comment for publicly visible type or member 'ObjectChangingEventArgs.Cancel' [D:\PROJ\TabularEditor_J-audit-v02\TOMWrapper\TOMWrapper.csproj]
D:\PROJ\TabularEditor_J-audit-v02\TOMWrapper\TOMWrapper\TabularModelHandler.Events.cs(28,31): warning CS1591: Missing XML comment for publicly visible type or member 'ObjectChangingEventArgs.TabularObject' [D:\PROJ\TabularEditor_J-audit-v02\TOMWrapper\TOMWrapper.csproj]
D:\PROJ\TabularEditor_J-audit-v02\TOMWrapper\TOMWrapper\TabularModelHandler.Events.cs(29,23): warning CS1591: Missing XML comment for publicly visible type or member 'ObjectChangingEventArgs.PropertyName' [D:\PROJ\TabularEditor_J-audit-v02\TOMWrapper\TOMWrapper.csproj]
D:\PROJ\TabularEditor_J-audit-v02\TOMWrapper\TOMWrapper\TabularModelHandler.Events.cs(30,23): warning CS1591: Missing XML comment for publicly visible type or member 'ObjectChangingEventArgs.NewValue' [D:\PROJ\TabularEditor_J-audit-v02\TOMWrapper\TOMWrapper.csproj]
D:\PROJ\TabularEditor_J-audit-v02\TOMWrapper\TOMWrapper\TabularModelHandler.Events.cs(32,16): warning CS1591: Missing XML comment for publicly visible type or member 'ObjectChangingEventArgs.ObjectChangingEventArgs(ITabularObject, string, object)' [D:\PROJ\TabularEditor_J-audit-v02\TOMWrapper\TOMWrapper.csproj]
D:\PROJ\TabularEditor_J-audit-v02\TOMWrapper\TOMWrapper\TabularModelHandler.Events.cs(41,18): warning CS1591: Missing XML comment for publicly visible type or member 'ObjectDeletingEventArgs' [D:\PROJ\TabularEditor_J-audit-v02\TOMWrapper\TOMWrapper.csproj]
D:\PROJ\TabularEditor_J-audit-v02\TOMWrapper\TOMWrapper\TabularModelHandler.Events.cs(43,21): warning CS1591: Missing XML comment for publicly visible type or member 'ObjectDeletingEventArgs.Cancel' [D:\PROJ\TabularEditor_J-audit-v02\TOMWrapper\TOMWrapper.csproj]
D:\PROJ\TabularEditor_J-audit-v02\TOMWrapper\TOMWrapper\TabularModelHandler.Events.cs(44,31): warning CS1591: Missing XML comment for publicly visible type or member 'ObjectDeletingEventArgs.TabularObject' [D:\PROJ\TabularEditor_J-audit-v02\TOMWrapper\TOMWrapper.csproj]
D:\PROJ\TabularEditor_J-audit-v02\TOMWrapper\TOMWrapper\TabularModelHandler.Events.cs(45,16): warning CS1591: Missing XML comment for publicly visible type or member 'ObjectDeletingEventArgs.ObjectDeletingEventArgs(ITabularObject)' [D:\PROJ\TabularEditor_J-audit-v02\TOMWrapper\TOMWrapper.csproj]
D:\PROJ\TabularEditor_J-audit-v02\TOMWrapper\TOMWrapper\TabularModelHandler.Events.cs(51,18): warning CS1591: Missing XML comment for publicly visible type or member 'ObjectDeletedEventArgs' [D:\PROJ\TabularEditor_J-audit-v02\TOMWrapper\TOMWrapper.csproj]
D:\PROJ\TabularEditor_J-audit-v02\TOMWrapper\TOMWrapper\TabularModelHandler.Events.cs(53,31): warning CS1591: Missing XML comment for publicly visible type or member 'ObjectDeletedEventArgs.TabularObject' [D:\PROJ\TabularEditor_J-audit-v02\TOMWrapper\TOMWrapper.csproj]
D:\PROJ\TabularEditor_J-audit-v02\TOMWrapper\TOMWrapper\TabularModelHandler.Events.cs(54,16): warning CS1591: Missing XML comment for publicly visible type or member 'ObjectDeletedEventArgs.ObjectDeletedEventArgs(ITabularObject)' [D:\PROJ\TabularEditor_J-audit-v02\TOMWrapper\TOMWrapper.csproj]
D:\PROJ\TabularEditor_J-audit-v02\TOMWrapper\TOMWrapper\TabularModelHandler.Events.cs(60,26): warning CS1591: Missing XML comment for publicly visible type or member 'ObjectChangingEventHandler' [D:\PROJ\TabularEditor_J-audit-v02\TOMWrapper\TOMWrapper.csproj]
D:\PROJ\TabularEditor_J-audit-v02\TOMWrapper\TOMWrapper\TabularModelHandler.Events.cs(61,26): warning CS1591: Missing XML comment for publicly visible type or member 'ObjectChangedEventHandler' [D:\PROJ\TabularEditor_J-audit-v02\TOMWrapper\TOMWrapper.csproj]
D:\PROJ\TabularEditor_J-audit-v02\TOMWrapper\TOMWrapper\TabularModelHandler.Events.cs(62,26): warning CS1591: Missing XML comment for publicly visible type or member 'ObjectDeletingEventHandler' [D:\PROJ\TabularEditor_J-audit-v02\TOMWrapper\TOMWrapper.csproj]
D:\PROJ\TabularEditor_J-audit-v02\TOMWrapper\TOMWrapper\TabularModelHandler.Events.cs(63,26): warning CS1591: Missing XML comment for publicly visible type or member 'ObjectDeletedEventHandler' [D:\PROJ\TabularEditor_J-audit-v02\TOMWrapper\TOMWrapper.csproj]
D:\PROJ\TabularEditor_J-audit-v02\TOMWrapper\UndoFramework\UndoManager.cs(29,21): warning CS1591: Missing XML comment for publicly visible type or member 'UndoManager.Suspend()' [D:\PROJ\TabularEditor_J-audit-v02\TOMWrapper\TOMWrapper.csproj]
D:\PROJ\TabularEditor_J-audit-v02\TOMWrapper\UndoFramework\UndoManager.cs(33,21): warning CS1591: Missing XML comment for publicly visible type or member 'UndoManager.Resume()' [D:\PROJ\TabularEditor_J-audit-v02\TOMWrapper\TOMWrapper.csproj]
D:\PROJ\TabularEditor_J-audit-v02\TOMWrapper\UndoFramework\UndoManager.cs(113,21): warning CS1591: Missing XML comment for publicly visible type or member 'UndoManager.UndoInProgress' [D:\PROJ\TabularEditor_J-audit-v02\TOMWrapper\TOMWrapper.csproj]
D:\PROJ\TabularEditor_J-audit-v02\TOMWrapper\UndoFramework\UndoManager.cs(114,21): warning CS1591: Missing XML comment for publicly visible type or member 'UndoManager.IsUndoing' [D:\PROJ\TabularEditor_J-audit-v02\TOMWrapper\TOMWrapper.csproj]
D:\PROJ\TabularEditor_J-audit-v02\TOMWrapper\UndoFramework\UndoManager.cs(115,21): warning CS1591: Missing XML comment for publicly visible type or member 'UndoManager.IsRedoing' [D:\PROJ\TabularEditor_J-audit-v02\TOMWrapper\TOMWrapper.csproj]
D:\PROJ\TabularEditor_J-audit-v02\TOMWrapper\UndoFramework\UndoManager.cs(166,21): warning CS1591: Missing XML comment for publicly visible type or member 'UndoManager.Undo()' [D:\PROJ\TabularEditor_J-audit-v02\TOMWrapper\TOMWrapper.csproj]
D:\PROJ\TabularEditor_J-audit-v02\TOMWrapper\UndoFramework\UndoManager.cs(170,21): warning CS1591: Missing XML comment for publicly visible type or member 'UndoManager.Redo()' [D:\PROJ\TabularEditor_J-audit-v02\TOMWrapper\TOMWrapper.csproj]
D:\PROJ\TabularEditor_J-audit-v02\TOMWrapper\UndoFramework\UndoManager.cs(174,21): warning CS1591: Missing XML comment for publicly visible type or member 'UndoManager.Clear()' [D:\PROJ\TabularEditor_J-audit-v02\TOMWrapper\TOMWrapper.csproj]
D:\PROJ\TabularEditor_J-audit-v02\TOMWrapper\UndoFramework\UndoManager.cs(185,20): warning CS1591: Missing XML comment for publicly visible type or member 'UndoManager.BatchSize' [D:\PROJ\TabularEditor_J-audit-v02\TOMWrapper\TOMWrapper.csproj]
D:\PROJ\TabularEditor_J-audit-v02\TOMWrapper\UndoFramework\UndoManager.cs(254,20): warning CS1591: Missing XML comment for publicly visible type or member 'UndoManager.UndoSize' [D:\PROJ\TabularEditor_J-audit-v02\TOMWrapper\TOMWrapper.csproj]
D:\PROJ\TabularEditor_J-audit-v02\TOMWrapper\UndoFramework\UndoManager.cs(255,20): warning CS1591: Missing XML comment for publicly visible type or member 'UndoManager.UndoSteps' [D:\PROJ\TabularEditor_J-audit-v02\TOMWrapper\TOMWrapper.csproj]
D:\PROJ\TabularEditor_J-audit-v02\TOMWrapper\UndoFramework\UndoManager.cs(256,20): warning CS1591: Missing XML comment for publicly visible type or member 'UndoManager.RedoSize' [D:\PROJ\TabularEditor_J-audit-v02\TOMWrapper\TOMWrapper.csproj]
D:\PROJ\TabularEditor_J-audit-v02\TOMWrapper\UndoFramework\UndoManager.cs(257,20): warning CS1591: Missing XML comment for publicly visible type or member 'UndoManager.RedoSteps' [D:\PROJ\TabularEditor_J-audit-v02\TOMWrapper\TOMWrapper.csproj]
D:\PROJ\TabularEditor_J-audit-v02\TOMWrapper\UndoFramework\UndoManager.cs(275,20): warning CS1591: Missing XML comment for publicly visible type or member 'UndoManager.BatchDepth' [D:\PROJ\TabularEditor_J-audit-v02\TOMWrapper\TOMWrapper.csproj]
D:\PROJ\TabularEditor_J-audit-v02\TOMWrapper\UndoFramework\UndoManager.cs(277,35): warning CS1591: Missing XML comment for publicly visible type or member 'UndoManager.UndoStateChanged' [D:\PROJ\TabularEditor_J-audit-v02\TOMWrapper\TOMWrapper.csproj]
D:\PROJ\TabularEditor_J-audit-v02\TOMWrapper\UndoFramework\UndoManager.cs(295,21): warning CS1591: Missing XML comment for publicly visible type or member 'UndoManager.CanUndo' [D:\PROJ\TabularEditor_J-audit-v02\TOMWrapper\TOMWrapper.csproj]
D:\PROJ\TabularEditor_J-audit-v02\TOMWrapper\UndoFramework\UndoManager.cs(296,21): warning CS1591: Missing XML comment for publicly visible type or member 'UndoManager.CanRedo' [D:\PROJ\TabularEditor_J-audit-v02\TOMWrapper\TOMWrapper.csproj]
D:\PROJ\TabularEditor_J-audit-v02\TOMWrapper\UndoFramework\UndoManager.cs(298,23): warning CS1591: Missing XML comment for publicly visible type or member 'UndoManager.UndoText' [D:\PROJ\TabularEditor_J-audit-v02\TOMWrapper\TOMWrapper.csproj]
D:\PROJ\TabularEditor_J-audit-v02\TOMWrapper\UndoFramework\UndoManager.cs(299,23): warning CS1591: Missing XML comment for publicly visible type or member 'UndoManager.RedoText' [D:\PROJ\TabularEditor_J-audit-v02\TOMWrapper\TOMWrapper.csproj]
D:\PROJ\TabularEditor_J-audit-v02\TOMWrapper\TOMWrapper\Indexers\GenericIndexer.cs(12,27): warning CS1591: Missing XML comment for publicly visible type or member 'GenericIndexer<T, T1>' [D:\PROJ\TabularEditor_J-audit-v02\TOMWrapper\TOMWrapper.csproj]
D:\PROJ\TabularEditor_J-audit-v02\TOMWrapper\TOMWrapper\Indexers\GenericIndexer.cs(17,39): warning CS1591: Missing XML comment for publicly visible type or member 'GenericIndexer<T, T1>.Handler' [D:\PROJ\TabularEditor_J-audit-v02\TOMWrapper\TOMWrapper.csproj]
D:\PROJ\TabularEditor_J-audit-v02\TOMWrapper\TOMWrapper\Indexers\GenericIndexer.cs(18,25): warning CS1591: Missing XML comment for publicly visible type or member 'GenericIndexer<T, T1>.Model' [D:\PROJ\TabularEditor_J-audit-v02\TOMWrapper\TOMWrapper.csproj]
D:\PROJ\TabularEditor_J-audit-v02\TOMWrapper\TOMWrapper\Indexers\GenericIndexer.cs(19,19): warning CS1591: Missing XML comment for publicly visible type or member 'GenericIndexer<T, T1>.GenericIndexer(TabularObject)' [D:\PROJ\TabularEditor_J-audit-v02\TOMWrapper\TOMWrapper.csproj]
D:\PROJ\TabularEditor_J-audit-v02\TOMWrapper\TOMWrapper\Indexers\GenericIndexer.cs(24,32): warning CS1591: Missing XML comment for publicly visible type or member 'GenericIndexer<T, T1>.EnableMultiLine' [D:\PROJ\TabularEditor_J-audit-v02\TOMWrapper\TOMWrapper.csproj]
D:\PROJ\TabularEditor_J-audit-v02\TOMWrapper\TOMWrapper\Indexers\GenericIndexer.cs(27,30): warning CS1591: Missing XML comment for publicly visible type or member 'GenericIndexer<T, T1>.EmptyValue' [D:\PROJ\TabularEditor_J-audit-v02\TOMWrapper\TOMWrapper.csproj]
D:\PROJ\TabularEditor_J-audit-v02\TOMWrapper\TOMWrapper\Indexers\GenericIndexer.cs(28,33): warning CS1591: Missing XML comment for publicly visible type or member 'GenericIndexer<T, T1>.SetValue(T, T1)' [D:\PROJ\TabularEditor_J-audit-v02\TOMWrapper\TOMWrapper.csproj]
D:\PROJ\TabularEditor_J-audit-v02\TOMWrapper\TOMWrapper\Indexers\GenericIndexer.cs(29,31): warning CS1591: Missing XML comment for publicly visible type or member 'GenericIndexer<T, T1>.GetValue(T)' [D:\PROJ\TabularEditor_J-audit-v02\TOMWrapper\TOMWrapper.csproj]
D:\PROJ\TabularEditor_J-audit-v02\TOMWrapper\TOMWrapper\Indexers\GenericIndexer.cs(30,60): warning CS1591: Missing XML comment for publicly visible type or member 'GenericIndexer<T, T1>.GetCollection()' [D:\PROJ\TabularEditor_J-audit-v02\TOMWrapper\TOMWrapper.csproj]
D:\PROJ\TabularEditor_J-audit-v02\TOMWrapper\TOMWrapper\Indexers\GenericIndexer.cs(31,29): warning CS1591: Missing XML comment for publicly visible type or member 'GenericIndexer<T, T1>.GetObjectFromName(string)' [D:\PROJ\TabularEditor_J-audit-v02\TOMWrapper\TOMWrapper.csproj]
D:\PROJ\TabularEditor_J-audit-v02\TOMWrapper\TOMWrapper\Indexers\GenericIndexer.cs(35,51): warning CS1591: Missing XML comment for publicly visible type or member 'GenericIndexer<T, T1>.Collection' [D:\PROJ\TabularEditor_J-audit-v02\TOMWrapper\TOMWrapper.csproj]
D:\PROJ\TabularEditor_J-audit-v02\TOMWrapper\TOMWrapper\Indexers\GenericIndexer.cs(37,32): warning CS1591: Missing XML comment for publicly visible type or member 'GenericIndexer<T, T1>.IsEmptyValue(T1)' [D:\PROJ\TabularEditor_J-audit-v02\TOMWrapper\TOMWrapper.csproj]
D:\PROJ\TabularEditor_J-audit-v02\TOMWrapper\TOMWrapper\Indexers\GenericIndexer.cs(44,31): warning CS1591: Missing XML comment for publicly visible type or member 'GenericIndexer<T, T1>.ToJson()' [D:\PROJ\TabularEditor_J-audit-v02\TOMWrapper\TOMWrapper.csproj]
D:\PROJ\TabularEditor_J-audit-v02\TOMWrapper\TOMWrapper\Indexers\GenericIndexer.cs(53,39): warning CS1591: Missing XML comment for publicly visible type or member 'GenericIndexer<T, T1>.Copy()' [D:\PROJ\TabularEditor_J-audit-v02\TOMWrapper\TOMWrapper.csproj]
D:\PROJ\TabularEditor_J-audit-v02\TOMWrapper\TOMWrapper\Indexers\GenericIndexer.cs(58,21): warning CS1591: Missing XML comment for publicly visible type or member 'GenericIndexer<T, T1>.CopyFrom(GenericIndexer<T, T1>, Func<T1, T1>)' [D:\PROJ\TabularEditor_J-audit-v02\TOMWrapper\TOMWrapper.csproj]
D:\PROJ\TabularEditor_J-audit-v02\TOMWrapper\TOMWrapper\Indexers\GenericIndexer.cs(69,21): warning CS1591: Missing XML comment for publicly visible type or member 'GenericIndexer<T, T1>.CopyFrom(IDictionary<string, T1>)' [D:\PROJ\TabularEditor_J-audit-v02\TOMWrapper\TOMWrapper.csproj]
D:\PROJ\TabularEditor_J-audit-v02\TOMWrapper\TOMWrapper\Indexers\GenericIndexer.cs(81,21): warning CS1591: Missing XML comment for publicly visible type or member 'GenericIndexer<T, T1>.IsEmpty' [D:\PROJ\TabularEditor_J-audit-v02\TOMWrapper\TOMWrapper.csproj]
D:\PROJ\TabularEditor_J-audit-v02\TOMWrapper\TOMWrapper\Indexers\GenericIndexer.cs(86,29): warning CS1591: Missing XML comment for publicly visible type or member 'GenericIndexer<T, T1>.Clear()' [D:\PROJ\TabularEditor_J-audit-v02\TOMWrapper\TOMWrapper.csproj]
D:\PROJ\TabularEditor_J-audit-v02\TOMWrapper\TOMWrapper\Indexers\GenericIndexer.cs(93,21): warning CS1591: Missing XML comment for publicly visible type or member 'GenericIndexer<T, T1>.SetAll(T1)' [D:\PROJ\TabularEditor_J-audit-v02\TOMWrapper\TOMWrapper.csproj]
D:\PROJ\TabularEditor_J-audit-v02\TOMWrapper\TOMWrapper\Indexers\GenericIndexer.cs(111,19): warning CS1591: Missing XML comment for publicly visible type or member 'GenericIndexer<T, T1>.this[string]' [D:\PROJ\TabularEditor_J-audit-v02\TOMWrapper\TOMWrapper.csproj]
D:\PROJ\TabularEditor_J-audit-v02\TOMWrapper\TOMWrapper\Indexers\GenericIndexer.cs(124,19): warning CS1591: Missing XML comment for publicly visible type or member 'GenericIndexer<T, T1>.this[T]' [D:\PROJ\TabularEditor_J-audit-v02\TOMWrapper\TOMWrapper.csproj]
D:\PROJ\TabularEditor_J-audit-v02\TOMWrapper\TOMWrapper\Indexers\GenericIndexer.cs(130,44): warning CS1591: Missing XML comment for publicly visible type or member 'GenericIndexer<T, T1>.Keys' [D:\PROJ\TabularEditor_J-audit-v02\TOMWrapper\TOMWrapper.csproj]
D:\PROJ\TabularEditor_J-audit-v02\TOMWrapper\TOMWrapper\Indexers\GenericIndexer.cs(132,31): warning CS1591: Missing XML comment for publicly visible type or member 'GenericIndexer<T, T1>.Summary' [D:\PROJ\TabularEditor_J-audit-v02\TOMWrapper\TOMWrapper.csproj]
D:\PROJ\TabularEditor_J-audit-v02\TOMWrapper\TOMWrapper\Indexers\GenericIndexer.cs(143,31): warning CS1591: Missing XML comment for publicly visible type or member 'GenericIndexer<T, T1>.GetDisplayName(string)' [D:\PROJ\TabularEditor_J-audit-v02\TOMWrapper\TOMWrapper.csproj]
D:\PROJ\TabularEditor_J-audit-v02\TOMWrapper\TOMWrapper\Indexers\GenericIndexer.cs(148,32): warning CS1591: Missing XML comment for publicly visible type or member 'GenericIndexer<T, T1>.GetEnumerator()' [D:\PROJ\TabularEditor_J-audit-v02\TOMWrapper\TOMWrapper.csproj]
D:\PROJ\TabularEditor_J-audit-v02\TOMWrapper\TOMWrapper\Tests\GenerateTestAttribute.cs(9,18): warning CS1591: Missing XML comment for publicly visible type or member 'GenerateTestAttribute' [D:\PROJ\TabularEditor_J-audit-v02\TOMWrapper\TOMWrapper.csproj]
D:\PROJ\TabularEditor_J-audit-v02\TOMWrapper\TOMWrapper\Tests\GenerateTestAttribute.cs(11,34): warning CS1591: Missing XML comment for publicly visible type or member 'GenerateTestAttribute.TestArguments' [D:\PROJ\TabularEditor_J-audit-v02\TOMWrapper\TOMWrapper.csproj]
D:\PROJ\TabularEditor_J-audit-v02\TOMWrapper\TOMWrapper\Tests\GenerateTestAttribute.cs(13,16): warning CS1591: Missing XML comment for publicly visible type or member 'GenerateTestAttribute.GenerateTestAttribute(params object[])' [D:\PROJ\TabularEditor_J-audit-v02\TOMWrapper\TOMWrapper.csproj]
D:\PROJ\TabularEditor_J-audit-v02\TOMWrapper\TOMWrapper\Tests\CompatibilityLevelAttribute.cs(9,18): warning CS1591: Missing XML comment for publicly visible type or member 'CompatibilityLevelAttribute' [D:\PROJ\TabularEditor_J-audit-v02\TOMWrapper\TOMWrapper.csproj]
D:\PROJ\TabularEditor_J-audit-v02\TOMWrapper\TOMWrapper\Tests\CompatibilityLevelAttribute.cs(11,29): warning CS1591: Missing XML comment for publicly visible type or member 'CompatibilityLevelAttribute.MinimumCompatibilityLevel' [D:\PROJ\TabularEditor_J-audit-v02\TOMWrapper\TOMWrapper.csproj]
D:\PROJ\TabularEditor_J-audit-v02\TOMWrapper\TOMWrapper\Tests\CompatibilityLevelAttribute.cs(17,26): warning CS1572: XML comment has a param tag for 'compatibilityLevel', but there is no parameter by that name [D:\PROJ\TabularEditor_J-audit-v02\TOMWrapper\TOMWrapper.csproj]
D:\PROJ\TabularEditor_J-audit-v02\TOMWrapper\TOMWrapper\Tests\CompatibilityLevelAttribute.cs(18,48): warning CS1573: Parameter 'minimumCompatibilityLevel' has no matching param tag in the XML comment for 'CompatibilityLevelAttribute.CompatibilityLevelAttribute(int)' (but other parameters do) [D:\PROJ\TabularEditor_J-audit-v02\TOMWrapper\TOMWrapper.csproj]
D:\PROJ\TabularEditor_J-audit-v02\TOMWrapper\TOMWrapper\TabularModelHandlerSettings.cs(10,17): warning CS1591: Missing XML comment for publicly visible type or member 'SaveFormat' [D:\PROJ\TabularEditor_J-audit-v02\TOMWrapper\TOMWrapper.csproj]
D:\PROJ\TabularEditor_J-audit-v02\TOMWrapper\TOMWrapper\TabularModelHandlerSettings.cs(33,17): warning CS1591: Missing XML comment for publicly visible type or member 'ModelSourceType' [D:\PROJ\TabularEditor_J-audit-v02\TOMWrapper\TOMWrapper.csproj]
D:\PROJ\TabularEditor_J-audit-v02\TOMWrapper\TOMWrapper\TabularModelHandlerSettings.cs(60,9): warning CS1591: Missing XML comment for publicly visible type or member 'ModelSourceType.UnsavedFile' [D:\PROJ\TabularEditor_J-audit-v02\TOMWrapper\TOMWrapper.csproj]
D:\PROJ\TabularEditor_J-audit-v02\TOMWrapper\TOMWrapper\TabularModelHandlerSettings.cs(63,18): warning CS1591: Missing XML comment for publicly visible type or member 'TabularModelHandlerSettings' [D:\PROJ\TabularEditor_J-audit-v02\TOMWrapper\TOMWrapper.csproj]
D:\PROJ\TabularEditor_J-audit-v02\TOMWrapper\TOMWrapper\TabularModelHandlerSettings.cs(120,51): warning CS1591: Missing XML comment for publicly visible type or member 'TabularModelHandlerSettings.Default' [D:\PROJ\TabularEditor_J-audit-v02\TOMWrapper\TOMWrapper.csproj]
D:\PROJ\TabularEditor_J-audit-v02\TOMWrapper\TOMWrapper\TabularModelHandlerSettings.cs(133,50): warning CS1591: Missing XML comment for publicly visible type or member 'TabularModelHandlerSettings.PropertyChanged' [D:\PROJ\TabularEditor_J-audit-v02\TOMWrapper\TOMWrapper.csproj]
D:\PROJ\TabularEditor_J-audit-v02\TOMWrapper\IPlugin.cs(10,22): warning CS1591: Missing XML comment for publicly visible type or member 'ITabularEditorPlugin' [D:\PROJ\TabularEditor_J-audit-v02\TOMWrapper\TOMWrapper.csproj]
D:\PROJ\TabularEditor_J-audit-v02\TOMWrapper\IPlugin.cs(12,14): warning CS1591: Missing XML comment for publicly visible type or member 'ITabularEditorPlugin.Init(TabularModelHandler)' [D:\PROJ\TabularEditor_J-audit-v02\TOMWrapper\TOMWrapper.csproj]
D:\PROJ\TabularEditor_J-audit-v02\TOMWrapper\IPlugin.cs(13,14): warning CS1591: Missing XML comment for publicly visible type or member 'ITabularEditorPlugin.RegisterActions(Action<string, Action>)' [D:\PROJ\TabularEditor_J-audit-v02\TOMWrapper\TOMWrapper.csproj]
D:\PROJ\TabularEditor_J-audit-v02\TOMWrapper\TOMWrapper\AnnotationCollection.cs(16,25): warning CS1591: Missing XML comment for publicly visible type or member 'Annotation' [D:\PROJ\TabularEditor_J-audit-v02\TOMWrapper\TOMWrapper.csproj]
D:\PROJ\TabularEditor_J-audit-v02\TOMWrapper\TOMWrapper\AnnotationCollection.cs(18,23): warning CS1591: Missing XML comment for publicly visible type or member 'Annotation.Name' [D:\PROJ\TabularEditor_J-audit-v02\TOMWrapper\TOMWrapper.csproj]
D:\PROJ\TabularEditor_J-audit-v02\TOMWrapper\TOMWrapper\AnnotationCollection.cs(20,23): warning CS1591: Missing XML comment for publicly visible type or member 'Annotation.Value' [D:\PROJ\TabularEditor_J-audit-v02\TOMWrapper\TOMWrapper.csproj]
D:\PROJ\TabularEditor_J-audit-v02\TOMWrapper\TOMWrapper\AnnotationCollection.cs(24,25): warning CS1591: Missing XML comment for publicly visible type or member 'AnnotationCollection' [D:\PROJ\TabularEditor_J-audit-v02\TOMWrapper\TOMWrapper.csproj]
D:\PROJ\TabularEditor_J-audit-v02\TOMWrapper\TOMWrapper\AnnotationCollection.cs(26,34): warning CS1591: Missing XML comment for publicly visible type or member 'AnnotationCollection.Parent' [D:\PROJ\TabularEditor_J-audit-v02\TOMWrapper\TOMWrapper.csproj]
D:\PROJ\TabularEditor_J-audit-v02\TOMWrapper\TOMWrapper\AnnotationCollection.cs(33,21): warning CS1591: Missing XML comment for publicly visible type or member 'AnnotationCollection.EnableMultiLine' [D:\PROJ\TabularEditor_J-audit-v02\TOMWrapper\TOMWrapper.csproj]
D:\PROJ\TabularEditor_J-audit-v02\TOMWrapper\TOMWrapper\AnnotationCollection.cs(35,23): warning CS1591: Missing XML comment for publicly visible type or member 'AnnotationCollection.this[string]' [D:\PROJ\TabularEditor_J-audit-v02\TOMWrapper\TOMWrapper.csproj]
D:\PROJ\TabularEditor_J-audit-v02\TOMWrapper\TOMWrapper\AnnotationCollection.cs(51,36): warning CS1591: Missing XML comment for publicly visible type or member 'AnnotationCollection.Keys' [D:\PROJ\TabularEditor_J-audit-v02\TOMWrapper\TOMWrapper.csproj]
D:\PROJ\TabularEditor_J-audit-v02\TOMWrapper\TOMWrapper\AnnotationCollection.cs(59,23): warning CS1591: Missing XML comment for publicly visible type or member 'AnnotationCollection.Summary' [D:\PROJ\TabularEditor_J-audit-v02\TOMWrapper\TOMWrapper.csproj]
D:\PROJ\TabularEditor_J-audit-v02\TOMWrapper\TOMWrapper\AnnotationCollection.cs(68,23): warning CS1591: Missing XML comment for publicly visible type or member 'AnnotationCollection.GetDisplayName(string)' [D:\PROJ\TabularEditor_J-audit-v02\TOMWrapper\TOMWrapper.csproj]
D:\PROJ\TabularEditor_J-audit-v02\TOMWrapper\TOMWrapper\AnnotationCollection.cs(73,21): warning CS1591: Missing XML comment for publicly visible type or member 'AnnotationCollection.Refresh()' [D:\PROJ\TabularEditor_J-audit-v02\TOMWrapper\TOMWrapper.csproj]
D:\PROJ\TabularEditor_J-audit-v02\TOMWrapper\TOMWrapper\CalculatedTable.cs(16,18): warning CS1591: Missing XML comment for publicly visible type or member 'CalculatedTable' [D:\PROJ\TabularEditor_J-audit-v02\TOMWrapper\TOMWrapper.csproj]
D:\PROJ\TabularEditor_J-audit-v02\TOMWrapper\TOMWrapper\CalculatedTable.cs(19,38): warning CS1591: Missing XML comment for publicly visible type or member 'CalculatedTable.AddCalculatedTableColumn(string, string, string, DataType)' [D:\PROJ\TabularEditor_J-audit-v02\TOMWrapper\TOMWrapper.csproj]
D:\PROJ\TabularEditor_J-audit-v02\TOMWrapper\TOMWrapper\CalculatedTable.cs(43,33): warning CS1591: Missing XML comment for publicly visible type or member 'CalculatedTable.Init()' [D:\PROJ\TabularEditor_J-audit-v02\TOMWrapper\TOMWrapper.csproj]
D:\PROJ\TabularEditor_J-audit-v02\TOMWrapper\TOMWrapper\CalculatedTable.cs(124,19): warning CS1591: Missing XML comment for publicly visible type or member 'CalculatedTable.CalculatedTable(Table)' [D:\PROJ\TabularEditor_J-audit-v02\TOMWrapper\TOMWrapper.csproj]
D:\PROJ\TabularEditor_J-audit-v02\TOMWrapper\TOMWrapper\CalculatedTable.cs(128,33): warning CS1591: Missing XML comment for publicly visible type or member 'CalculatedTable.OnPropertyChanged(string, object, object)' [D:\PROJ\TabularEditor_J-audit-v02\TOMWrapper\TOMWrapper.csproj]
D:\PROJ\TabularEditor_J-audit-v02\TOMWrapper\TOMWrapper\CalculatedTable.cs(147,23): warning CS1591: Missing XML comment for publicly visible type or member 'CalculatedTable.Expression' [D:\PROJ\TabularEditor_J-audit-v02\TOMWrapper\TOMWrapper.csproj]
D:\PROJ\TabularEditor_J-audit-v02\TOMWrapper\TOMWrapper\CalculatedTable.cs(163,30): warning CS1591: Missing XML comment for publicly visible type or member 'CalculatedTable.NeedsValidation' [D:\PROJ\TabularEditor_J-audit-v02\TOMWrapper\TOMWrapper.csproj]
D:\PROJ\TabularEditor_J-audit-v02\TOMWrapper\TOMWrapper\PowerBI\PowerBIGovernance.cs(427,17): warning CS1591: Missing XML comment for publicly visible type or member 'PowerBIGovernanceMode' [D:\PROJ\TabularEditor_J-audit-v02\TOMWrapper\TOMWrapper.csproj]
D:\PROJ\TabularEditor_J-audit-v02\TOMWrapper\TOMWrapper\PowerBI\PowerBIGovernance.cs(429,9): warning CS1591: Missing XML comment for publicly visible type or member 'PowerBIGovernanceMode.Unrestricted' [D:\PROJ\TabularEditor_J-audit-v02\TOMWrapper\TOMWrapper.csproj]
D:\PROJ\TabularEditor_J-audit-v02\TOMWrapper\TOMWrapper\PowerBI\PowerBIGovernance.cs(430,9): warning CS1591: Missing XML comment for publicly visible type or member 'PowerBIGovernanceMode.V3Restricted' [D:\PROJ\TabularEditor_J-audit-v02\TOMWrapper\TOMWrapper.csproj]
D:\PROJ\TabularEditor_J-audit-v02\TOMWrapper\TOMWrapper\PowerBI\PowerBIGovernance.cs(431,9): warning CS1591: Missing XML comment for publicly visible type or member 'PowerBIGovernanceMode.ReadOnly' [D:\PROJ\TabularEditor_J-audit-v02\TOMWrapper\TOMWrapper.csproj]
D:\PROJ\TabularEditor_J-audit-v02\TOMWrapper\TOMWrapper\PowerBI\PowerBIGovernance.cs(434,18): warning CS1591: Missing XML comment for publicly visible type or member 'PowerBIGovernanceException' [D:\PROJ\TabularEditor_J-audit-v02\TOMWrapper\TOMWrapper.csproj]
D:\PROJ\TabularEditor_J-audit-v02\TOMWrapper\TOMWrapper\PowerBI\PowerBIGovernance.cs(436,16): warning CS1591: Missing XML comment for publicly visible type or member 'PowerBIGovernanceException.PowerBIGovernanceException(string)' [D:\PROJ\TabularEditor_J-audit-v02\TOMWrapper\TOMWrapper.csproj]
D:\PROJ\TabularEditor_J-audit-v02\TOMWrapper\TOMWrapper\Indexers\TableOLSIndexer.cs(15,31): warning CS1591: Missing XML comment for publicly visible type or member 'TableOLSIndexer.Table' [D:\PROJ\TabularEditor_J-audit-v02\TOMWrapper\TOMWrapper.csproj]
D:\PROJ\TabularEditor_J-audit-v02\TOMWrapper\TOMWrapper\Indexers\TableOLSIndexer.cs(23,68): warning CS1591: Missing XML comment for publicly visible type or member 'TableOLSIndexer.GetCollection()' [D:\PROJ\TabularEditor_J-audit-v02\TOMWrapper\TOMWrapper.csproj]
D:\PROJ\TabularEditor_J-audit-v02\TOMWrapper\TOMWrapper\Indexers\TableOLSIndexer.cs(28,47): warning CS1591: Missing XML comment for publicly visible type or member 'TableOLSIndexer.GetValue(ModelRole)' [D:\PROJ\TabularEditor_J-audit-v02\TOMWrapper\TOMWrapper.csproj]
D:\PROJ\TabularEditor_J-audit-v02\TOMWrapper\TOMWrapper\Indexers\TableOLSIndexer.cs(34,33): warning CS1591: Missing XML comment for publicly visible type or member 'TableOLSIndexer.SetValue(ModelRole, MetadataPermission)' [D:\PROJ\TabularEditor_J-audit-v02\TOMWrapper\TOMWrapper.csproj]
D:\PROJ\TabularEditor_J-audit-v02\TOMWrapper\TOMWrapper\Database.cs(16,25): warning CS1591: Missing XML comment for publicly visible type or member 'Database' [D:\PROJ\TabularEditor_J-audit-v02\TOMWrapper\TOMWrapper.csproj]
D:\PROJ\TabularEditor_J-audit-v02\TOMWrapper\TOMWrapper\Database.cs(18,39): warning CS1591: Missing XML comment for publicly visible type or member 'Database.InvalidNameCharacters' [D:\PROJ\TabularEditor_J-audit-v02\TOMWrapper\TOMWrapper.csproj]
D:\PROJ\TabularEditor_J-audit-v02\TOMWrapper\TOMWrapper\Database.cs(21,29): warning CS1591: Missing XML comment for publicly visible type or member 'Database.TOMDatabase' [D:\PROJ\TabularEditor_J-audit-v02\TOMWrapper\TOMWrapper.csproj]
D:\PROJ\TabularEditor_J-audit-v02\TOMWrapper\TOMWrapper\Database.cs(147,32): warning CS1591: Missing XML comment for publicly visible type or member 'Database.ToString()' [D:\PROJ\TabularEditor_J-audit-v02\TOMWrapper\TOMWrapper.csproj]
D:\PROJ\TabularEditor_J-audit-v02\TOMWrapper\TOMWrapper\Database.cs(153,50): warning CS1591: Missing XML comment for publicly visible type or member 'Database.PropertyChanged' [D:\PROJ\TabularEditor_J-audit-v02\TOMWrapper\TOMWrapper.csproj]
D:\PROJ\TabularEditor_J-audit-v02\TOMWrapper\TOMWrapper\Database.cs(154,51): warning CS1591: Missing XML comment for publicly visible type or member 'Database.PropertyChanging' [D:\PROJ\TabularEditor_J-audit-v02\TOMWrapper\TOMWrapper.csproj]
D:\PROJ\TabularEditor_J-audit-v02\TOMWrapper\TOMWrapper\Database.cs(184,23): warning CS1591: Missing XML comment for publicly visible type or member 'Database.Name' [D:\PROJ\TabularEditor_J-audit-v02\TOMWrapper\TOMWrapper.csproj]
D:\PROJ\TabularEditor_J-audit-v02\TOMWrapper\TOMWrapper\Database.cs(201,23): warning CS1591: Missing XML comment for publicly visible type or member 'Database.ID' [D:\PROJ\TabularEditor_J-audit-v02\TOMWrapper\TOMWrapper.csproj]
D:\PROJ\TabularEditor_J-audit-v02\TOMWrapper\TOMWrapper\Database.cs(224,21): warning CS1591: Missing XML comment for publicly visible type or member 'Database.Browsable(string)' [D:\PROJ\TabularEditor_J-audit-v02\TOMWrapper\TOMWrapper.csproj]
D:\PROJ\TabularEditor_J-audit-v02\TOMWrapper\TOMWrapper\Database.cs(230,21): warning CS1591: Missing XML comment for publicly visible type or member 'Database.Editable(string)' [D:\PROJ\TabularEditor_J-audit-v02\TOMWrapper\TOMWrapper.csproj]
D:\PROJ\TabularEditor_J-audit-v02\TOMWrapper\TOMWrapper\Database.cs(239,20): warning CS1591: Missing XML comment for publicly visible type or member 'Database.CompatibilityLevel' [D:\PROJ\TabularEditor_J-audit-v02\TOMWrapper\TOMWrapper.csproj]
D:\PROJ\TabularEditor_J-audit-v02\TOMWrapper\TOMWrapper\Database.cs(259,34): warning CS1591: Missing XML comment for publicly visible type or member 'Database.CompatibilityMode' [D:\PROJ\TabularEditor_J-audit-v02\TOMWrapper\TOMWrapper.csproj]
D:\PROJ\TabularEditor_J-audit-v02\TOMWrapper\TOMWrapper\Database.cs(276,23): warning CS1591: Missing XML comment for publicly visible type or member 'Database.Description' [D:\PROJ\TabularEditor_J-audit-v02\TOMWrapper\TOMWrapper.csproj]
D:\PROJ\TabularEditor_J-audit-v02\TOMWrapper\TOMWrapper\Database.cs(293,21): warning CS1591: Missing XML comment for publicly visible type or member 'Database.Visible' [D:\PROJ\TabularEditor_J-audit-v02\TOMWrapper\TOMWrapper.csproj]
D:\PROJ\TabularEditor_J-audit-v02\TOMWrapper\TOMWrapper\Database.cs(310,22): warning CS1591: Missing XML comment for publicly visible type or member 'Database.Version' [D:\PROJ\TabularEditor_J-audit-v02\TOMWrapper\TOMWrapper.csproj]
D:\PROJ\TabularEditor_J-audit-v02\TOMWrapper\TOMWrapper\Database.cs(318,23): warning CS1591: Missing XML comment for publicly visible type or member 'Database.EstimatedSize' [D:\PROJ\TabularEditor_J-audit-v02\TOMWrapper\TOMWrapper.csproj]
D:\PROJ\TabularEditor_J-audit-v02\TOMWrapper\TOMWrapper\Database.cs(327,26): warning CS1591: Missing XML comment for publicly visible type or member 'Database.LastProcessed' [D:\PROJ\TabularEditor_J-audit-v02\TOMWrapper\TOMWrapper.csproj]
D:\PROJ\TabularEditor_J-audit-v02\TOMWrapper\TOMWrapper\Database.cs(336,26): warning CS1591: Missing XML comment for publicly visible type or member 'Database.LastUpdate' [D:\PROJ\TabularEditor_J-audit-v02\TOMWrapper\TOMWrapper.csproj]
D:\PROJ\TabularEditor_J-audit-v02\TOMWrapper\TOMWrapper\Database.cs(345,26): warning CS1591: Missing XML comment for publicly visible type or member 'Database.LastSchemaUpdate' [D:\PROJ\TabularEditor_J-audit-v02\TOMWrapper\TOMWrapper.csproj]
D:\PROJ\TabularEditor_J-audit-v02\TOMWrapper\TOMWrapper\Database.cs(354,26): warning CS1591: Missing XML comment for publicly visible type or member 'Database.CreatedTimestamp' [D:\PROJ\TabularEditor_J-audit-v02\TOMWrapper\TOMWrapper.csproj]
D:\PROJ\TabularEditor_J-audit-v02\TOMWrapper\TOMWrapper\Database.cs(363,23): warning CS1591: Missing XML comment for publicly visible type or member 'Database.ServerName' [D:\PROJ\TabularEditor_J-audit-v02\TOMWrapper\TOMWrapper.csproj]
D:\PROJ\TabularEditor_J-audit-v02\TOMWrapper\TOMWrapper\Database.cs(371,23): warning CS1591: Missing XML comment for publicly visible type or member 'Database.ServerVersion' [D:\PROJ\TabularEditor_J-audit-v02\TOMWrapper\TOMWrapper.csproj]
D:\PROJ\TabularEditor_J-audit-v02\TOMWrapper\TOMWrapper\Database.cs(395,27): warning CS1591: Missing XML comment for publicly visible type or member 'Database.ObjectType' [D:\PROJ\TabularEditor_J-audit-v02\TOMWrapper\TOMWrapper.csproj]
D:\PROJ\TabularEditor_J-audit-v02\TOMWrapper\TOMWrapper\Database.cs(398,22): warning CS1591: Missing XML comment for publicly visible type or member 'Database.Model' [D:\PROJ\TabularEditor_J-audit-v02\TOMWrapper\TOMWrapper.csproj]
D:\PROJ\TabularEditor_J-audit-v02\TOMWrapper\TOMWrapper\Database.cs(401,21): warning CS1591: Missing XML comment for publicly visible type or member 'Database.IsRemoved' [D:\PROJ\TabularEditor_J-audit-v02\TOMWrapper\TOMWrapper.csproj]
D:\PROJ\TabularEditor_J-audit-v02\TOMWrapper\TOMWrapper\Database.cs(416,17): warning CS1591: Missing XML comment for publicly visible type or member 'CompatibilityMode' [D:\PROJ\TabularEditor_J-audit-v02\TOMWrapper\TOMWrapper.csproj]
D:\PROJ\TabularEditor_J-audit-v02\TOMWrapper\TOMWrapper\Database.cs(421,9): warning CS1591: Missing XML comment for publicly visible type or member 'CompatibilityMode.Unknown' [D:\PROJ\TabularEditor_J-audit-v02\TOMWrapper\TOMWrapper.csproj]
D:\PROJ\TabularEditor_J-audit-v02\TOMWrapper\TOMWrapper\Database.cs(425,9): warning CS1591: Missing XML comment for publicly visible type or member 'CompatibilityMode.AnalysisServices' [D:\PROJ\TabularEditor_J-audit-v02\TOMWrapper\TOMWrapper.csproj]
D:\PROJ\TabularEditor_J-audit-v02\TOMWrapper\TOMWrapper\Database.cs(429,9): warning CS1591: Missing XML comment for publicly visible type or member 'CompatibilityMode.PowerBI' [D:\PROJ\TabularEditor_J-audit-v02\TOMWrapper\TOMWrapper.csproj]
D:\PROJ\TabularEditor_J-audit-v02\TOMWrapper\TOMWrapper\Database.cs(433,9): warning CS1591: Missing XML comment for publicly visible type or member 'CompatibilityMode.Excel' [D:\PROJ\TabularEditor_J-audit-v02\TOMWrapper\TOMWrapper.csproj]
D:\PROJ\TabularEditor_J-audit-v02\TOMWrapper\TOMWrapper\Database.cs(436,18): warning CS1591: Missing XML comment for publicly visible type or member 'DaxQueryException' [D:\PROJ\TabularEditor_J-audit-v02\TOMWrapper\TOMWrapper.csproj]
D:\PROJ\TabularEditor_J-audit-v02\TOMWrapper\TOMWrapper\Database.cs(438,16): warning CS1591: Missing XML comment for publicly visible type or member 'DaxQueryException.DaxQueryException(string)' [D:\PROJ\TabularEditor_J-audit-v02\TOMWrapper\TOMWrapper.csproj]
D:\PROJ\TabularEditor_J-audit-v02\TOMWrapper\TOMWrapper\NullTree.cs(11,18): warning CS1591: Missing XML comment for publicly visible type or member 'NullTree' [D:\PROJ\TabularEditor_J-audit-v02\TOMWrapper\TOMWrapper.csproj]
D:\PROJ\TabularEditor_J-audit-v02\TOMWrapper\TOMWrapper\NullTree.cs(13,16): warning CS1591: Missing XML comment for publicly visible type or member 'NullTree.NullTree(TabularModelHandler)' [D:\PROJ\TabularEditor_J-audit-v02\TOMWrapper\TOMWrapper.csproj]
D:\PROJ\TabularEditor_J-audit-v02\TOMWrapper\TOMWrapper\NullTree.cs(17,30): warning CS1591: Missing XML comment for publicly visible type or member 'NullTree.OnNodesChanged(ITabularObject)' [D:\PROJ\TabularEditor_J-audit-v02\TOMWrapper\TOMWrapper.csproj]
D:\PROJ\TabularEditor_J-audit-v02\TOMWrapper\TOMWrapper\NullTree.cs(21,30): warning CS1591: Missing XML comment for publicly visible type or member 'NullTree.OnNodesInserted(ITabularObject, params ITabularObject[])' [D:\PROJ\TabularEditor_J-audit-v02\TOMWrapper\TOMWrapper.csproj]
D:\PROJ\TabularEditor_J-audit-v02\TOMWrapper\TOMWrapper\NullTree.cs(25,30): warning CS1591: Missing XML comment for publicly visible type or member 'NullTree.OnNodesRemoved(ITabularObject, params ITabularObject[])' [D:\PROJ\TabularEditor_J-audit-v02\TOMWrapper\TOMWrapper.csproj]
D:\PROJ\TabularEditor_J-audit-v02\TOMWrapper\TOMWrapper\NullTree.cs(29,30): warning CS1591: Missing XML comment for publicly visible type or member 'NullTree.OnStructureChanged(ITabularNamedObject)' [D:\PROJ\TabularEditor_J-audit-v02\TOMWrapper\TOMWrapper.csproj]
D:\PROJ\TabularEditor_J-audit-v02\TOMWrapper\TOMWrapper\LogicalGroup.cs(13,25): warning CS1591: Missing XML comment for publicly visible type or member 'LogicalGroups' [D:\PROJ\TabularEditor_J-audit-v02\TOMWrapper\TOMWrapper.csproj]
D:\PROJ\TabularEditor_J-audit-v02\TOMWrapper\TOMWrapper\LogicalGroup.cs(15,46): warning CS1591: Missing XML comment for publicly visible type or member 'LogicalGroups.Singleton' [D:\PROJ\TabularEditor_J-audit-v02\TOMWrapper\TOMWrapper.csproj]
D:\PROJ\TabularEditor_J-audit-v02\TOMWrapper\TOMWrapper\LogicalGroup.cs(17,29): warning CS1591: Missing XML comment for publicly visible type or member 'LogicalGroups.TABLES' [D:\PROJ\TabularEditor_J-audit-v02\TOMWrapper\TOMWrapper.csproj]
D:\PROJ\TabularEditor_J-audit-v02\TOMWrapper\TOMWrapper\LogicalGroup.cs(18,29): warning CS1591: Missing XML comment for publicly visible type or member 'LogicalGroups.ROLES' [D:\PROJ\TabularEditor_J-audit-v02\TOMWrapper\TOMWrapper.csproj]
D:\PROJ\TabularEditor_J-audit-v02\TOMWrapper\TOMWrapper\LogicalGroup.cs(19,29): warning CS1591: Missing XML comment for publicly visible type or member 'LogicalGroups.PERSPECTIVES' [D:\PROJ\TabularEditor_J-audit-v02\TOMWrapper\TOMWrapper.csproj]
D:\PROJ\TabularEditor_J-audit-v02\TOMWrapper\TOMWrapper\LogicalGroup.cs(20,29): warning CS1591: Missing XML comment for publicly visible type or member 'LogicalGroups.FUNCTIONS' [D:\PROJ\TabularEditor_J-audit-v02\TOMWrapper\TOMWrapper.csproj]
D:\PROJ\TabularEditor_J-audit-v02\TOMWrapper\TOMWrapper\LogicalGroup.cs(21,29): warning CS1591: Missing XML comment for publicly visible type or member 'LogicalGroups.TRANSLATIONS' [D:\PROJ\TabularEditor_J-audit-v02\TOMWrapper\TOMWrapper.csproj]
D:\PROJ\TabularEditor_J-audit-v02\TOMWrapper\TOMWrapper\LogicalGroup.cs(22,29): warning CS1591: Missing XML comment for publicly visible type or member 'LogicalGroups.RELATIONSHIPS' [D:\PROJ\TabularEditor_J-audit-v02\TOMWrapper\TOMWrapper.csproj]
D:\PROJ\TabularEditor_J-audit-v02\TOMWrapper\TOMWrapper\LogicalGroup.cs(23,29): warning CS1591: Missing XML comment for publicly visible type or member 'LogicalGroups.DATASOURCES' [D:\PROJ\TabularEditor_J-audit-v02\TOMWrapper\TOMWrapper.csproj]
D:\PROJ\TabularEditor_J-audit-v02\TOMWrapper\TOMWrapper\LogicalGroup.cs(24,29): warning CS1591: Missing XML comment for publicly visible type or member 'LogicalGroups.EXPRESSIONS' [D:\PROJ\TabularEditor_J-audit-v02\TOMWrapper\TOMWrapper.csproj]
D:\PROJ\TabularEditor_J-audit-v02\TOMWrapper\TOMWrapper\LogicalGroup.cs(26,38): warning CS1591: Missing XML comment for publicly visible type or member 'LogicalGroups.DataSources' [D:\PROJ\TabularEditor_J-audit-v02\TOMWrapper\TOMWrapper.csproj]
D:\PROJ\TabularEditor_J-audit-v02\TOMWrapper\TOMWrapper\LogicalGroup.cs(27,38): warning CS1591: Missing XML comment for publicly visible type or member 'LogicalGroups.Perspectives' [D:\PROJ\TabularEditor_J-audit-v02\TOMWrapper\TOMWrapper.csproj]
D:\PROJ\TabularEditor_J-audit-v02\TOMWrapper\TOMWrapper\LogicalGroup.cs(28,38): warning CS1591: Missing XML comment for publicly visible type or member 'LogicalGroups.Functions' [D:\PROJ\TabularEditor_J-audit-v02\TOMWrapper\TOMWrapper.csproj]
D:\PROJ\TabularEditor_J-audit-v02\TOMWrapper\TOMWrapper\LogicalGroup.cs(29,38): warning CS1591: Missing XML comment for publicly visible type or member 'LogicalGroups.Relationships' [D:\PROJ\TabularEditor_J-audit-v02\TOMWrapper\TOMWrapper.csproj]
D:\PROJ\TabularEditor_J-audit-v02\TOMWrapper\TOMWrapper\LogicalGroup.cs(30,38): warning CS1591: Missing XML comment for publicly visible type or member 'LogicalGroups.Roles' [D:\PROJ\TabularEditor_J-audit-v02\TOMWrapper\TOMWrapper.csproj]
D:\PROJ\TabularEditor_J-audit-v02\TOMWrapper\TOMWrapper\LogicalGroup.cs(31,38): warning CS1591: Missing XML comment for publicly visible type or member 'LogicalGroups.Expressions' [D:\PROJ\TabularEditor_J-audit-v02\TOMWrapper\TOMWrapper.csproj]
D:\PROJ\TabularEditor_J-audit-v02\TOMWrapper\TOMWrapper\LogicalGroup.cs(32,38): warning CS1591: Missing XML comment for publicly visible type or member 'LogicalGroups.Tables' [D:\PROJ\TabularEditor_J-audit-v02\TOMWrapper\TOMWrapper.csproj]
D:\PROJ\TabularEditor_J-audit-v02\TOMWrapper\TOMWrapper\LogicalGroup.cs(33,38): warning CS1591: Missing XML comment for publicly visible type or member 'LogicalGroups.Translations' [D:\PROJ\TabularEditor_J-audit-v02\TOMWrapper\TOMWrapper.csproj]
D:\PROJ\TabularEditor_J-audit-v02\TOMWrapper\TOMWrapper\LogicalGroup.cs(47,42): warning CS1591: Missing XML comment for publicly visible type or member 'LogicalGroups.GetEnumerator()' [D:\PROJ\TabularEditor_J-audit-v02\TOMWrapper\TOMWrapper.csproj]
D:\PROJ\TabularEditor_J-audit-v02\TOMWrapper\TOMWrapper\LogicalGroup.cs(59,25): warning CS1591: Missing XML comment for publicly visible type or member 'LogicalGroup' [D:\PROJ\TabularEditor_J-audit-v02\TOMWrapper\TOMWrapper.csproj]
D:\PROJ\TabularEditor_J-audit-v02\TOMWrapper\TOMWrapper\LogicalGroup.cs(66,23): warning CS1591: Missing XML comment for publicly visible type or member 'LogicalGroup.Name' [D:\PROJ\TabularEditor_J-audit-v02\TOMWrapper\TOMWrapper.csproj]
D:\PROJ\TabularEditor_J-audit-v02\TOMWrapper\TOMWrapper\LogicalGroup.cs(67,35): warning CS1591: Missing XML comment for publicly visible type or member 'LogicalGroup.TranslatedNames' [D:\PROJ\TabularEditor_J-audit-v02\TOMWrapper\TOMWrapper.csproj]
D:\PROJ\TabularEditor_J-audit-v02\TOMWrapper\TOMWrapper\LogicalGroup.cs(68,27): warning CS1591: Missing XML comment for publicly visible type or member 'LogicalGroup.ObjectType' [D:\PROJ\TabularEditor_J-audit-v02\TOMWrapper\TOMWrapper.csproj]
D:\PROJ\TabularEditor_J-audit-v02\TOMWrapper\TOMWrapper\LogicalGroup.cs(69,22): warning CS1591: Missing XML comment for publicly visible type or member 'LogicalGroup.Model' [D:\PROJ\TabularEditor_J-audit-v02\TOMWrapper\TOMWrapper.csproj]
D:\PROJ\TabularEditor_J-audit-v02\TOMWrapper\TOMWrapper\LogicalGroup.cs(70,50): warning CS1591: Missing XML comment for publicly visible type or member 'LogicalGroup.PropertyChanged' [D:\PROJ\TabularEditor_J-audit-v02\TOMWrapper\TOMWrapper.csproj]
D:\PROJ\TabularEditor_J-audit-v02\TOMWrapper\TOMWrapper\LogicalGroup.cs(72,21): warning CS1591: Missing XML comment for publicly visible type or member 'LogicalGroup.IsRemoved' [D:\PROJ\TabularEditor_J-audit-v02\TOMWrapper\TOMWrapper.csproj]
D:\PROJ\TabularEditor_J-audit-v02\TOMWrapper\TOMWrapper\LogicalGroup.cs(77,49): warning CS1591: Missing XML comment for publicly visible type or member 'LogicalGroup.GetChildren()' [D:\PROJ\TabularEditor_J-audit-v02\TOMWrapper\TOMWrapper.csproj]
D:\PROJ\TabularEditor_J-audit-v02\TOMWrapper\TOMWrapper\LogicalGroup.cs(95,21): warning CS1591: Missing XML comment for publicly visible type or member 'LogicalGroup.CanDelete()' [D:\PROJ\TabularEditor_J-audit-v02\TOMWrapper\TOMWrapper.csproj]
D:\PROJ\TabularEditor_J-audit-v02\TOMWrapper\TOMWrapper\LogicalGroup.cs(100,21): warning CS1591: Missing XML comment for publicly visible type or member 'LogicalGroup.CanDelete(out string)' [D:\PROJ\TabularEditor_J-audit-v02\TOMWrapper\TOMWrapper.csproj]
D:\PROJ\TabularEditor_J-audit-v02\TOMWrapper\TOMWrapper\LogicalGroup.cs(106,21): warning CS1591: Missing XML comment for publicly visible type or member 'LogicalGroup.Delete()' [D:\PROJ\TabularEditor_J-audit-v02\TOMWrapper\TOMWrapper.csproj]
D:\PROJ\TabularEditor_J-audit-v02\TOMWrapper\TOMWrapper\LogicalGroup.cs(112,38): warning CS1591: Missing XML comment for publicly visible type or member 'LogicalGroup.Perspectives' [D:\PROJ\TabularEditor_J-audit-v02\TOMWrapper\TOMWrapper.csproj]
D:\PROJ\TabularEditor_J-audit-v02\TOMWrapper\TOMWrapper\LogicalGroup.cs(115,35): warning CS1591: Missing XML comment for publicly visible type or member 'LogicalGroup.Functions' [D:\PROJ\TabularEditor_J-audit-v02\TOMWrapper\TOMWrapper.csproj]
D:\PROJ\TabularEditor_J-audit-v02\TOMWrapper\TOMWrapper\LogicalGroup.cs(118,34): warning CS1591: Missing XML comment for publicly visible type or member 'LogicalGroup.Cultures' [D:\PROJ\TabularEditor_J-audit-v02\TOMWrapper\TOMWrapper.csproj]
D:\PROJ\TabularEditor_J-audit-v02\TOMWrapper\TOMWrapper\LogicalGroup.cs(121,36): warning CS1591: Missing XML comment for publicly visible type or member 'LogicalGroup.Roles' [D:\PROJ\TabularEditor_J-audit-v02\TOMWrapper\TOMWrapper.csproj]
D:\PROJ\TabularEditor_J-audit-v02\TOMWrapper\TOMWrapper\LogicalGroup.cs(123,21): warning CS1591: Missing XML comment for publicly visible type or member 'LogicalGroup.Browsable(string)' [D:\PROJ\TabularEditor_J-audit-v02\TOMWrapper\TOMWrapper.csproj]
D:\PROJ\TabularEditor_J-audit-v02\TOMWrapper\TOMWrapper\LogicalGroup.cs(136,21): warning CS1591: Missing XML comment for publicly visible type or member 'LogicalGroup.Editable(string)' [D:\PROJ\TabularEditor_J-audit-v02\TOMWrapper\TOMWrapper.csproj]
D:\PROJ\TabularEditor_J-audit-v02\TOMWrapper\TOMWrapper\LogicalGroup.cs(142,20): warning CS1591: Missing XML comment for publicly visible type or member 'LogicalGroup.MetadataIndex' [D:\PROJ\TabularEditor_J-audit-v02\TOMWrapper\TOMWrapper.csproj]
D:\PROJ\TabularEditor_J-audit-v02\TOMWrapper\TOMWrapper\Folder.cs(22,24): warning CS1591: Missing XML comment for publicly visible type or member 'Folder.Container' [D:\PROJ\TabularEditor_J-audit-v02\TOMWrapper\TOMWrapper.csproj]
D:\PROJ\TabularEditor_J-audit-v02\TOMWrapper\TOMWrapper\Folder.cs(30,21): warning CS1591: Missing XML comment for publicly visible type or member 'Folder.IsRemoved' [D:\PROJ\TabularEditor_J-audit-v02\TOMWrapper\TOMWrapper.csproj]
D:\PROJ\TabularEditor_J-audit-v02\TOMWrapper\TOMWrapper\Folder.cs(36,29): warning CS1591: Missing XML comment for publicly visible type or member 'Folder.GetHashCode()' [D:\PROJ\TabularEditor_J-audit-v02\TOMWrapper\TOMWrapper.csproj]
D:\PROJ\TabularEditor_J-audit-v02\TOMWrapper\TOMWrapper\Folder.cs(46,30): warning CS1591: Missing XML comment for publicly visible type or member 'Folder.Equals(object)' [D:\PROJ\TabularEditor_J-audit-v02\TOMWrapper\TOMWrapper.csproj]
D:\PROJ\TabularEditor_J-audit-v02\TOMWrapper\TOMWrapper\Folder.cs(53,21): warning CS1591: Missing XML comment for publicly visible type or member 'Folder.Equals(Folder)' [D:\PROJ\TabularEditor_J-audit-v02\TOMWrapper\TOMWrapper.csproj]
D:\PROJ\TabularEditor_J-audit-v02\TOMWrapper\TOMWrapper\Folder.cs(58,36): warning CS1591: Missing XML comment for publicly visible type or member 'Folder.operator ==(Folder, Folder)' [D:\PROJ\TabularEditor_J-audit-v02\TOMWrapper\TOMWrapper.csproj]
D:\PROJ\TabularEditor_J-audit-v02\TOMWrapper\TOMWrapper\Folder.cs(66,36): warning CS1591: Missing XML comment for publicly visible type or member 'Folder.operator !=(Folder, Folder)' [D:\PROJ\TabularEditor_J-audit-v02\TOMWrapper\TOMWrapper.csproj]
D:\PROJ\TabularEditor_J-audit-v02\TOMWrapper\TOMWrapper\Folder.cs(72,20): warning CS1591: Missing XML comment for publicly visible type or member 'Folder.MetadataIndex' [D:\PROJ\TabularEditor_J-audit-v02\TOMWrapper\TOMWrapper.csproj]
D:\PROJ\TabularEditor_J-audit-v02\TOMWrapper\TOMWrapper\Folder.cs(81,22): warning CS1591: Missing XML comment for publicly visible type or member 'Folder.ParentTable' [D:\PROJ\TabularEditor_J-audit-v02\TOMWrapper\TOMWrapper.csproj]
D:\PROJ\TabularEditor_J-audit-v02\TOMWrapper\TOMWrapper\Folder.cs(84,23): warning CS1591: Missing XML comment for publicly visible type or member 'Folder.ErrorMessage' [D:\PROJ\TabularEditor_J-audit-v02\TOMWrapper\TOMWrapper.csproj]
D:\PROJ\TabularEditor_J-audit-v02\TOMWrapper\TOMWrapper\Folder.cs(86,30): warning CS1591: Missing XML comment for publicly visible type or member 'Folder.CreateFolder(Table, string)' [D:\PROJ\TabularEditor_J-audit-v02\TOMWrapper\TOMWrapper.csproj]
D:\PROJ\TabularEditor_J-audit-v02\TOMWrapper\TOMWrapper\Folder.cs(152,36): warning CS1591: Missing XML comment for publicly visible type or member 'Folder.Handler' [D:\PROJ\TabularEditor_J-audit-v02\TOMWrapper\TOMWrapper.csproj]
D:\PROJ\TabularEditor_J-audit-v02\TOMWrapper\TOMWrapper\Folder.cs(156,24): warning CS1591: Missing XML comment for publicly visible type or member 'Folder.Culture' [D:\PROJ\TabularEditor_J-audit-v02\TOMWrapper\TOMWrapper.csproj]
D:\PROJ\TabularEditor_J-audit-v02\TOMWrapper\TOMWrapper\Folder.cs(159,22): warning CS1591: Missing XML comment for publicly visible type or member 'Folder.Model' [D:\PROJ\TabularEditor_J-audit-v02\TOMWrapper\TOMWrapper.csproj]
D:\PROJ\TabularEditor_J-audit-v02\TOMWrapper\TOMWrapper\Folder.cs(161,27): warning CS1591: Missing XML comment for publicly visible type or member 'Folder.ObjectType' [D:\PROJ\TabularEditor_J-audit-v02\TOMWrapper\TOMWrapper.csproj]
D:\PROJ\TabularEditor_J-audit-v02\TOMWrapper\TOMWrapper\Folder.cs(166,23): warning CS1591: Missing XML comment for publicly visible type or member 'Folder.Name' [D:\PROJ\TabularEditor_J-audit-v02\TOMWrapper\TOMWrapper.csproj]
D:\PROJ\TabularEditor_J-audit-v02\TOMWrapper\TOMWrapper\Folder.cs(177,22): warning CS1591: Missing XML comment for publicly visible type or member 'Folder.Table' [D:\PROJ\TabularEditor_J-audit-v02\TOMWrapper\TOMWrapper.csproj]
D:\PROJ\TabularEditor_J-audit-v02\TOMWrapper\TOMWrapper\Folder.cs(179,21): warning CS1591: Missing XML comment for publicly visible type or member 'Folder.SetFolderName(string)' [D:\PROJ\TabularEditor_J-audit-v02\TOMWrapper\TOMWrapper.csproj]
D:\PROJ\TabularEditor_J-audit-v02\TOMWrapper\TOMWrapper\Folder.cs(187,23): warning CS1591: Missing XML comment for publicly visible type or member 'Folder.DisplayFolder' [D:\PROJ\TabularEditor_J-audit-v02\TOMWrapper\TOMWrapper.csproj]
D:\PROJ\TabularEditor_J-audit-v02\TOMWrapper\TOMWrapper\Folder.cs(204,50): warning CS1591: Missing XML comment for publicly visible type or member 'Folder.PropertyChanged' [D:\PROJ\TabularEditor_J-audit-v02\TOMWrapper\TOMWrapper.csproj]
D:\PROJ\TabularEditor_J-audit-v02\TOMWrapper\TOMWrapper\Folder.cs(207,23): warning CS1591: Missing XML comment for publicly visible type or member 'Folder.Path' [D:\PROJ\TabularEditor_J-audit-v02\TOMWrapper\TOMWrapper.csproj]
D:\PROJ\TabularEditor_J-audit-v02\TOMWrapper\TOMWrapper\Folder.cs(245,35): warning CS1591: Missing XML comment for publicly visible type or member 'Folder.TranslatedDisplayFolders' [D:\PROJ\TabularEditor_J-audit-v02\TOMWrapper\TOMWrapper.csproj]
D:\PROJ\TabularEditor_J-audit-v02\TOMWrapper\TOMWrapper\Folder.cs(253,35): warning CS1591: Missing XML comment for publicly visible type or member 'Folder.TranslatedNames' [D:\PROJ\TabularEditor_J-audit-v02\TOMWrapper\TOMWrapper.csproj]
D:\PROJ\TabularEditor_J-audit-v02\TOMWrapper\TOMWrapper\Folder.cs(262,21): warning CS1591: Missing XML comment for publicly visible type or member 'Folder.IsHidden' [D:\PROJ\TabularEditor_J-audit-v02\TOMWrapper\TOMWrapper.csproj]
D:\PROJ\TabularEditor_J-audit-v02\TOMWrapper\TOMWrapper\Folder.cs(279,43): warning CS1591: Missing XML comment for publicly visible type or member 'Folder.GetChildrenByFolders()' [D:\PROJ\TabularEditor_J-audit-v02\TOMWrapper\TOMWrapper.csproj]
D:\PROJ\TabularEditor_J-audit-v02\TOMWrapper\TOMWrapper\Folder.cs(286,49): warning CS1591: Missing XML comment for publicly visible type or member 'Folder.GetChildren()' [D:\PROJ\TabularEditor_J-audit-v02\TOMWrapper\TOMWrapper.csproj]
D:\PROJ\TabularEditor_J-audit-v02\TOMWrapper\TOMWrapper\Folder.cs(296,21): warning CS1591: Missing XML comment for publicly visible type or member 'Folder.CanDelete()' [D:\PROJ\TabularEditor_J-audit-v02\TOMWrapper\TOMWrapper.csproj]
D:\PROJ\TabularEditor_J-audit-v02\TOMWrapper\TOMWrapper\Folder.cs(301,21): warning CS1591: Missing XML comment for publicly visible type or member 'Folder.CanDelete(out string)' [D:\PROJ\TabularEditor_J-audit-v02\TOMWrapper\TOMWrapper.csproj]
D:\PROJ\TabularEditor_J-audit-v02\TOMWrapper\TOMWrapper\FolderHelper.cs(9,25): warning CS1591: Missing XML comment for publicly visible type or member 'FolderHelper' [D:\PROJ\TabularEditor_J-audit-v02\TOMWrapper\TOMWrapper.csproj]
D:\PROJ\TabularEditor_J-audit-v02\TOMWrapper\TOMWrapper\FolderHelper.cs(11,30): warning CS1591: Missing XML comment for publicly visible type or member 'FolderHelper.PathFromFullPath(string)' [D:\PROJ\TabularEditor_J-audit-v02\TOMWrapper\TOMWrapper.csproj]
D:\PROJ\TabularEditor_J-audit-v02\TOMWrapper\TOMWrapper\FolderHelper.cs(18,43): warning CS1591: Missing XML comment for publicly visible type or member 'FolderHelper.GetContainer(ITabularNamedObject, bool)' [D:\PROJ\TabularEditor_J-audit-v02\TOMWrapper\TOMWrapper.csproj]
D:\PROJ\TabularEditor_J-audit-v02\TOMWrapper\TOMWrapper\FolderHelper.cs(54,43): warning CS1591: Missing XML comment for publicly visible type or member 'FolderHelper.GetFolderStack(IFolderObject, Culture)' [D:\PROJ\TabularEditor_J-audit-v02\TOMWrapper\TOMWrapper.csproj]
D:\PROJ\TabularEditor_J-audit-v02\TOMWrapper\TOMWrapper\FolderHelper.cs(64,30): warning CS1591: Missing XML comment for publicly visible type or member 'FolderHelper.GetFolder(IFolderObject, Culture)' [D:\PROJ\TabularEditor_J-audit-v02\TOMWrapper\TOMWrapper.csproj]
D:\PROJ\TabularEditor_J-audit-v02\TOMWrapper\TOMWrapper\FolderHelper.cs(72,30): warning CS1591: Missing XML comment for publicly visible type or member 'FolderHelper.GetDisplayFolder(IFolderObject, Culture)' [D:\PROJ\TabularEditor_J-audit-v02\TOMWrapper\TOMWrapper.csproj]
D:\PROJ\TabularEditor_J-audit-v02\TOMWrapper\TOMWrapper\FolderHelper.cs(82,28): warning CS1591: Missing XML comment for publicly visible type or member 'FolderHelper.SetDisplayFolder(IFolderObject, string, Culture)' [D:\PROJ\TabularEditor_J-audit-v02\TOMWrapper\TOMWrapper.csproj]
D:\PROJ\TabularEditor_J-audit-v02\TOMWrapper\TOMWrapper\FolderHelper.cs(96,30): warning CS1591: Missing XML comment for publicly visible type or member 'FolderHelper.TrimFolder(string)' [D:\PROJ\TabularEditor_J-audit-v02\TOMWrapper\TOMWrapper.csproj]
D:\PROJ\TabularEditor_J-audit-v02\TOMWrapper\TOMWrapper\FolderHelper.cs(101,30): warning CS1591: Missing XML comment for publicly visible type or member 'FolderHelper.ConcatPath(string, string)' [D:\PROJ\TabularEditor_J-audit-v02\TOMWrapper\TOMWrapper.csproj]
D:\PROJ\TabularEditor_J-audit-v02\TOMWrapper\TOMWrapper\FolderHelper.cs(106,30): warning CS1591: Missing XML comment for publicly visible type or member 'FolderHelper.ConcatPath(IEnumerable<string>)' [D:\PROJ\TabularEditor_J-audit-v02\TOMWrapper\TOMWrapper.csproj]
D:\PROJ\TabularEditor_J-audit-v02\TOMWrapper\TOMWrapper\FolderHelper.cs(111,27): warning CS1591: Missing XML comment for publicly visible type or member 'FolderHelper.Level(string)' [D:\PROJ\TabularEditor_J-audit-v02\TOMWrapper\TOMWrapper.csproj]
D:\PROJ\TabularEditor_J-audit-v02\TOMWrapper\TOMWrapper\Interfaces.cs(16,28): warning CS1591: Missing XML comment for publicly visible type or member 'IClonableObject.Clone(string, bool, TabularNamedObject)' [D:\PROJ\TabularEditor_J-audit-v02\TOMWrapper\TOMWrapper.csproj]
D:\PROJ\TabularEditor_J-audit-v02\TOMWrapper\TOMWrapper\Interfaces.cs(19,22): warning CS1591: Missing XML comment for publicly visible type or member 'ITabularObject' [D:\PROJ\TabularEditor_J-audit-v02\TOMWrapper\TOMWrapper.csproj]
D:\PROJ\TabularEditor_J-audit-v02\TOMWrapper\TOMWrapper\Interfaces.cs(21,20): warning CS1591: Missing XML comment for publicly visible type or member 'ITabularObject.ObjectType' [D:\PROJ\TabularEditor_J-audit-v02\TOMWrapper\TOMWrapper.csproj]
D:\PROJ\TabularEditor_J-audit-v02\TOMWrapper\TOMWrapper\Interfaces.cs(22,15): warning CS1591: Missing XML comment for publicly visible type or member 'ITabularObject.Model' [D:\PROJ\TabularEditor_J-audit-v02\TOMWrapper\TOMWrapper.csproj]
D:\PROJ\TabularEditor_J-audit-v02\TOMWrapper\TOMWrapper\Interfaces.cs(23,14): warning CS1591: Missing XML comment for publicly visible type or member 'ITabularObject.IsRemoved' [D:\PROJ\TabularEditor_J-audit-v02\TOMWrapper\TOMWrapper.csproj]
D:\PROJ\TabularEditor_J-audit-v02\TOMWrapper\TOMWrapper\Interfaces.cs(31,22): warning CS1591: Missing XML comment for publicly visible type or member 'ILineageTagObject' [D:\PROJ\TabularEditor_J-audit-v02\TOMWrapper\TOMWrapper.csproj]
D:\PROJ\TabularEditor_J-audit-v02\TOMWrapper\TOMWrapper\Interfaces.cs(33,16): warning CS1591: Missing XML comment for publicly visible type or member 'ILineageTagObject.LineageTag' [D:\PROJ\TabularEditor_J-audit-v02\TOMWrapper\TOMWrapper.csproj]
D:\PROJ\TabularEditor_J-audit-v02\TOMWrapper\TOMWrapper\Interfaces.cs(36,22): warning CS1591: Missing XML comment for publicly visible type or member 'ISynonymObject' [D:\PROJ\TabularEditor_J-audit-v02\TOMWrapper\TOMWrapper.csproj]
D:\PROJ\TabularEditor_J-audit-v02\TOMWrapper\TOMWrapper\Interfaces.cs(38,24): warning CS1591: Missing XML comment for publicly visible type or member 'ISynonymObject.Synonyms' [D:\PROJ\TabularEditor_J-audit-v02\TOMWrapper\TOMWrapper.csproj]
D:\PROJ\TabularEditor_J-audit-v02\TOMWrapper\TOMWrapper\Interfaces.cs(46,28): warning CS1591: Missing XML comment for publicly visible type or member 'ITranslatableObject.TranslatedNames' [D:\PROJ\TabularEditor_J-audit-v02\TOMWrapper\TOMWrapper.csproj]
D:\PROJ\TabularEditor_J-audit-v02\TOMWrapper\TOMWrapper\Interfaces.cs(47,28): warning CS1591: Missing XML comment for publicly visible type or member 'ITranslatableObject.TranslatedDescriptions' [D:\PROJ\TabularEditor_J-audit-v02\TOMWrapper\TOMWrapper.csproj]
D:\PROJ\TabularEditor_J-audit-v02\TOMWrapper\TOMWrapper\Interfaces.cs(50,22): warning CS1591: Missing XML comment for publicly visible type or member 'ITabularNamedObject' [D:\PROJ\TabularEditor_J-audit-v02\TOMWrapper\TOMWrapper.csproj]
D:\PROJ\TabularEditor_J-audit-v02\TOMWrapper\TOMWrapper\Interfaces.cs(52,16): warning CS1591: Missing XML comment for publicly visible type or member 'ITabularNamedObject.Name' [D:\PROJ\TabularEditor_J-audit-v02\TOMWrapper\TOMWrapper.csproj]
D:\PROJ\TabularEditor_J-audit-v02\TOMWrapper\TOMWrapper\Interfaces.cs(53,13): warning CS1591: Missing XML comment for publicly visible type or member 'ITabularNamedObject.MetadataIndex' [D:\PROJ\TabularEditor_J-audit-v02\TOMWrapper\TOMWrapper.csproj]
D:\PROJ\TabularEditor_J-audit-v02\TOMWrapper\TOMWrapper\Interfaces.cs(54,14): warning CS1591: Missing XML comment for publicly visible type or member 'ITabularNamedObject.CanDelete()' [D:\PROJ\TabularEditor_J-audit-v02\TOMWrapper\TOMWrapper.csproj]
D:\PROJ\TabularEditor_J-audit-v02\TOMWrapper\TOMWrapper\Interfaces.cs(59,14): warning CS1591: Missing XML comment for publicly visible type or member 'ITabularNamedObject.CanDelete(out string)' [D:\PROJ\TabularEditor_J-audit-v02\TOMWrapper\TOMWrapper.csproj]
D:\PROJ\TabularEditor_J-audit-v02\TOMWrapper\TOMWrapper\Interfaces.cs(60,14): warning CS1591: Missing XML comment for publicly visible type or member 'ITabularNamedObject.Delete()' [D:\PROJ\TabularEditor_J-audit-v02\TOMWrapper\TOMWrapper.csproj]
D:\PROJ\TabularEditor_J-audit-v02\TOMWrapper\TOMWrapper\Interfaces.cs(74,14): warning CS1591: Missing XML comment for publicly visible type or member 'IHideableObject.IsHidden' [D:\PROJ\TabularEditor_J-audit-v02\TOMWrapper\TOMWrapper.csproj]
D:\PROJ\TabularEditor_J-audit-v02\TOMWrapper\TOMWrapper\Interfaces.cs(75,14): warning CS1591: Missing XML comment for publicly visible type or member 'IHideableObject.IsVisible' [D:\PROJ\TabularEditor_J-audit-v02\TOMWrapper\TOMWrapper.csproj]
D:\PROJ\TabularEditor_J-audit-v02\TOMWrapper\TOMWrapper\Interfaces.cs(83,28): warning CS1591: Missing XML comment for publicly visible type or member 'ITabularPerspectiveObject.InPerspective' [D:\PROJ\TabularEditor_J-audit-v02\TOMWrapper\TOMWrapper.csproj]
D:\PROJ\TabularEditor_J-audit-v02\TOMWrapper\TOMWrapper\Interfaces.cs(91,16): warning CS1591: Missing XML comment for publicly visible type or member 'IDescriptionObject.Description' [D:\PROJ\TabularEditor_J-audit-v02\TOMWrapper\TOMWrapper.csproj]
D:\PROJ\TabularEditor_J-audit-v02\TOMWrapper\TOMWrapper\Interfaces.cs(99,16): warning CS1591: Missing XML comment for publicly visible type or member 'IErrorMessageObject.ErrorMessage' [D:\PROJ\TabularEditor_J-audit-v02\TOMWrapper\TOMWrapper.csproj]
D:\PROJ\TabularEditor_J-audit-v02\TOMWrapper\TOMWrapper\Interfaces.cs(107,14): warning CS1591: Missing XML comment for publicly visible type or member 'IAnnotationObject.HasAnnotation(string)' [D:\PROJ\TabularEditor_J-audit-v02\TOMWrapper\TOMWrapper.csproj]
D:\PROJ\TabularEditor_J-audit-v02\TOMWrapper\TOMWrapper\Interfaces.cs(108,16): warning CS1591: Missing XML comment for publicly visible type or member 'IAnnotationObject.GetAnnotation(int)' [D:\PROJ\TabularEditor_J-audit-v02\TOMWrapper\TOMWrapper.csproj]
D:\PROJ\TabularEditor_J-audit-v02\TOMWrapper\TOMWrapper\Interfaces.cs(109,16): warning CS1591: Missing XML comment for publicly visible type or member 'IAnnotationObject.GetAnnotation(string)' [D:\PROJ\TabularEditor_J-audit-v02\TOMWrapper\TOMWrapper.csproj]
D:\PROJ\TabularEditor_J-audit-v02\TOMWrapper\TOMWrapper\Interfaces.cs(110,16): warning CS1591: Missing XML comment for publicly visible type or member 'IAnnotationObject.GetNewAnnotationName()' [D:\PROJ\TabularEditor_J-audit-v02\TOMWrapper\TOMWrapper.csproj]
D:\PROJ\TabularEditor_J-audit-v02\TOMWrapper\TOMWrapper\Interfaces.cs(111,14): warning CS1591: Missing XML comment for publicly visible type or member 'IAnnotationObject.SetAnnotation(int, string)' [D:\PROJ\TabularEditor_J-audit-v02\TOMWrapper\TOMWrapper.csproj]
D:\PROJ\TabularEditor_J-audit-v02\TOMWrapper\TOMWrapper\Interfaces.cs(112,14): warning CS1591: Missing XML comment for publicly visible type or member 'IAnnotationObject.SetAnnotation(string, string)' [D:\PROJ\TabularEditor_J-audit-v02\TOMWrapper\TOMWrapper.csproj]
D:\PROJ\TabularEditor_J-audit-v02\TOMWrapper\TOMWrapper\Interfaces.cs(113,14): warning CS1591: Missing XML comment for publicly visible type or member 'IAnnotationObject.RemoveAnnotation(string)' [D:\PROJ\TabularEditor_J-audit-v02\TOMWrapper\TOMWrapper.csproj]
D:\PROJ\TabularEditor_J-audit-v02\TOMWrapper\TOMWrapper\Interfaces.cs(114,13): warning CS1591: Missing XML comment for publicly visible type or member 'IAnnotationObject.GetAnnotationsCount()' [D:\PROJ\TabularEditor_J-audit-v02\TOMWrapper\TOMWrapper.csproj]
D:\PROJ\TabularEditor_J-audit-v02\TOMWrapper\TOMWrapper\Interfaces.cs(115,29): warning CS1591: Missing XML comment for publicly visible type or member 'IAnnotationObject.GetAnnotations()' [D:\PROJ\TabularEditor_J-audit-v02\TOMWrapper\TOMWrapper.csproj]
D:\PROJ\TabularEditor_J-audit-v02\TOMWrapper\TOMWrapper\Interfaces.cs(116,30): warning CS1591: Missing XML comment for publicly visible type or member 'IAnnotationObject.Annotations' [D:\PROJ\TabularEditor_J-audit-v02\TOMWrapper\TOMWrapper.csproj]
D:\PROJ\TabularEditor_J-audit-v02\TOMWrapper\TOMWrapper\Interfaces.cs(117,14): warning CS1591: Missing XML comment for publicly visible type or member 'IAnnotationObject.ClearAnnotations()' [D:\PROJ\TabularEditor_J-audit-v02\TOMWrapper\TOMWrapper.csproj]
D:\PROJ\TabularEditor_J-audit-v02\TOMWrapper\TOMWrapper\Interfaces.cs(123,22): warning CS1591: Missing XML comment for publicly visible type or member 'IExtendedPropertyObject' [D:\PROJ\TabularEditor_J-audit-v02\TOMWrapper\TOMWrapper.csproj]
D:\PROJ\TabularEditor_J-audit-v02\TOMWrapper\TOMWrapper\Interfaces.cs(125,14): warning CS1591: Missing XML comment for publicly visible type or member 'IExtendedPropertyObject.HasExtendedProperty(string)' [D:\PROJ\TabularEditor_J-audit-v02\TOMWrapper\TOMWrapper.csproj]
D:\PROJ\TabularEditor_J-audit-v02\TOMWrapper\TOMWrapper\Interfaces.cs(126,16): warning CS1591: Missing XML comment for publicly visible type or member 'IExtendedPropertyObject.GetExtendedProperty(string)' [D:\PROJ\TabularEditor_J-audit-v02\TOMWrapper\TOMWrapper.csproj]
D:\PROJ\TabularEditor_J-audit-v02\TOMWrapper\TOMWrapper\Interfaces.cs(127,16): warning CS1591: Missing XML comment for publicly visible type or member 'IExtendedPropertyObject.GetExtendedProperty(int)' [D:\PROJ\TabularEditor_J-audit-v02\TOMWrapper\TOMWrapper.csproj]
D:\PROJ\TabularEditor_J-audit-v02\TOMWrapper\TOMWrapper\Interfaces.cs(128,16): warning CS1591: Missing XML comment for publicly visible type or member 'IExtendedPropertyObject.GetNewExtendedPropertyName()' [D:\PROJ\TabularEditor_J-audit-v02\TOMWrapper\TOMWrapper.csproj]
D:\PROJ\TabularEditor_J-audit-v02\TOMWrapper\TOMWrapper\Interfaces.cs(129,14): warning CS1591: Missing XML comment for publicly visible type or member 'IExtendedPropertyObject.SetExtendedProperty(int, string, ExtendedPropertyType)' [D:\PROJ\TabularEditor_J-audit-v02\TOMWrapper\TOMWrapper.csproj]
D:\PROJ\TabularEditor_J-audit-v02\TOMWrapper\TOMWrapper\Interfaces.cs(130,14): warning CS1591: Missing XML comment for publicly visible type or member 'IExtendedPropertyObject.SetExtendedProperty(string, string, ExtendedPropertyType)' [D:\PROJ\TabularEditor_J-audit-v02\TOMWrapper\TOMWrapper.csproj]
D:\PROJ\TabularEditor_J-audit-v02\TOMWrapper\TOMWrapper\Interfaces.cs(131,14): warning CS1591: Missing XML comment for publicly visible type or member 'IExtendedPropertyObject.RemoveExtendedProperty(string)' [D:\PROJ\TabularEditor_J-audit-v02\TOMWrapper\TOMWrapper.csproj]
D:\PROJ\TabularEditor_J-audit-v02\TOMWrapper\TOMWrapper\Interfaces.cs(132,30): warning CS1591: Missing XML comment for publicly visible type or member 'IExtendedPropertyObject.GetExtendedPropertyType(string)' [D:\PROJ\TabularEditor_J-audit-v02\TOMWrapper\TOMWrapper.csproj]
D:\PROJ\TabularEditor_J-audit-v02\TOMWrapper\TOMWrapper\Interfaces.cs(133,30): warning CS1591: Missing XML comment for publicly visible type or member 'IExtendedPropertyObject.GetExtendedPropertyType(int)' [D:\PROJ\TabularEditor_J-audit-v02\TOMWrapper\TOMWrapper.csproj]
D:\PROJ\TabularEditor_J-audit-v02\TOMWrapper\TOMWrapper\Interfaces.cs(134,29): warning CS1591: Missing XML comment for publicly visible type or member 'IExtendedPropertyObject.GetExtendedProperties()' [D:\PROJ\TabularEditor_J-audit-v02\TOMWrapper\TOMWrapper.csproj]
D:\PROJ\TabularEditor_J-audit-v02\TOMWrapper\TOMWrapper\Interfaces.cs(135,13): warning CS1591: Missing XML comment for publicly visible type or member 'IExtendedPropertyObject.GetExtendedPropertyCount()' [D:\PROJ\TabularEditor_J-audit-v02\TOMWrapper\TOMWrapper.csproj]
D:\PROJ\TabularEditor_J-audit-v02\TOMWrapper\TOMWrapper\Interfaces.cs(136,36): warning CS1591: Missing XML comment for publicly visible type or member 'IExtendedPropertyObject.ExtendedProperties' [D:\PROJ\TabularEditor_J-audit-v02\TOMWrapper\TOMWrapper.csproj]
D:\PROJ\TabularEditor_J-audit-v02\TOMWrapper\TOMWrapper\Interfaces.cs(147,14): warning CS1591: Missing XML comment for publicly visible type or member 'IExpressionObject.NeedsValidation' [D:\PROJ\TabularEditor_J-audit-v02\TOMWrapper\TOMWrapper.csproj]
D:\PROJ\TabularEditor_J-audit-v02\TOMWrapper\TOMWrapper\Interfaces.cs(148,14): warning CS1591: Missing XML comment for publicly visible type or member 'IExpressionObject.ResetModifiedState()' [D:\PROJ\TabularEditor_J-audit-v02\TOMWrapper\TOMWrapper.csproj]
D:\PROJ\TabularEditor_J-audit-v02\TOMWrapper\TOMWrapper\Interfaces.cs(149,16): warning CS1591: Missing XML comment for publicly visible type or member 'IExpressionObject.Expression' [D:\PROJ\TabularEditor_J-audit-v02\TOMWrapper\TOMWrapper.csproj]
D:\PROJ\TabularEditor_J-audit-v02\TOMWrapper\TOMWrapper\Interfaces.cs(157,23): warning CS1591: Missing XML comment for publicly visible type or member 'IDaxDependantObject.DependsOn' [D:\PROJ\TabularEditor_J-audit-v02\TOMWrapper\TOMWrapper.csproj]
D:\PROJ\TabularEditor_J-audit-v02\TOMWrapper\TOMWrapper\Interfaces.cs(165,15): warning CS1591: Missing XML comment for publicly visible type or member 'ITabularTableObject.Table' [D:\PROJ\TabularEditor_J-audit-v02\TOMWrapper\TOMWrapper.csproj]
D:\PROJ\TabularEditor_J-audit-v02\TOMWrapper\TOMWrapper\Interfaces.cs(173,16): warning CS1591: Missing XML comment for publicly visible type or member 'IDaxObject.DaxObjectName' [D:\PROJ\TabularEditor_J-audit-v02\TOMWrapper\TOMWrapper.csproj]
D:\PROJ\TabularEditor_J-audit-v02\TOMWrapper\TOMWrapper\Interfaces.cs(174,16): warning CS1591: Missing XML comment for publicly visible type or member 'IDaxObject.DaxObjectFullName' [D:\PROJ\TabularEditor_J-audit-v02\TOMWrapper\TOMWrapper.csproj]
D:\PROJ\TabularEditor_J-audit-v02\TOMWrapper\TOMWrapper\Interfaces.cs(175,16): warning CS1591: Missing XML comment for publicly visible type or member 'IDaxObject.DaxTableName' [D:\PROJ\TabularEditor_J-audit-v02\TOMWrapper\TOMWrapper.csproj]
D:\PROJ\TabularEditor_J-audit-v02\TOMWrapper\TOMWrapper\Interfaces.cs(176,26): warning CS1591: Missing XML comment for publicly visible type or member 'IDaxObject.ReferencedBy' [D:\PROJ\TabularEditor_J-audit-v02\TOMWrapper\TOMWrapper.csproj]
D:\PROJ\TabularEditor_J-audit-v02\TOMWrapper\TOMWrapper\Interfaces.cs(179,22): warning CS1591: Missing XML comment for publicly visible type or member 'IFormattableObject' [D:\PROJ\TabularEditor_J-audit-v02\TOMWrapper\TOMWrapper.csproj]
D:\PROJ\TabularEditor_J-audit-v02\TOMWrapper\TOMWrapper\Interfaces.cs(181,16): warning CS1591: Missing XML comment for publicly visible type or member 'IFormattableObject.FormatString' [D:\PROJ\TabularEditor_J-audit-v02\TOMWrapper\TOMWrapper.csproj]
D:\PROJ\TabularEditor_J-audit-v02\TOMWrapper\TOMWrapper\Interfaces.cs(182,18): warning CS1591: Missing XML comment for publicly visible type or member 'IFormattableObject.DataType' [D:\PROJ\TabularEditor_J-audit-v02\TOMWrapper\TOMWrapper.csproj]
D:\PROJ\TabularEditor_J-audit-v02\TOMWrapper\TOMWrapper\Interfaces.cs(195,16): warning CS1591: Missing XML comment for publicly visible type or member 'IFolderObject.DisplayFolder' [D:\PROJ\TabularEditor_J-audit-v02\TOMWrapper\TOMWrapper.csproj]
D:\PROJ\TabularEditor_J-audit-v02\TOMWrapper\TOMWrapper\Interfaces.cs(196,28): warning CS1591: Missing XML comment for publicly visible type or member 'IFolderObject.TranslatedDisplayFolders' [D:\PROJ\TabularEditor_J-audit-v02\TOMWrapper\TOMWrapper.csproj]
D:\PROJ\TabularEditor_J-audit-v02\TOMWrapper\TOMWrapper\Interfaces.cs(206,36): warning CS1591: Missing XML comment for publicly visible type or member 'IFolder.GetChildrenByFolders()' [D:\PROJ\TabularEditor_J-audit-v02\TOMWrapper\TOMWrapper.csproj]
D:\PROJ\TabularEditor_J-audit-v02\TOMWrapper\TOMWrapper\Interfaces.cs(207,15): warning CS1591: Missing XML comment for publicly visible type or member 'IFolder.ParentTable' [D:\PROJ\TabularEditor_J-audit-v02\TOMWrapper\TOMWrapper.csproj]
D:\PROJ\TabularEditor_J-audit-v02\TOMWrapper\TOMWrapper\Indexers\RoleRLSIndexer.cs(21,35): warning CS1591: Missing XML comment for publicly visible type or member 'RoleRLSIndexer.Role' [D:\PROJ\TabularEditor_J-audit-v02\TOMWrapper\TOMWrapper.csproj]
D:\PROJ\TabularEditor_J-audit-v02\TOMWrapper\TOMWrapper\Indexers\RoleRLSIndexer.cs(23,33): warning CS1591: Missing XML comment for publicly visible type or member 'RoleRLSIndexer.IsEmptyValue(string)' [D:\PROJ\TabularEditor_J-audit-v02\TOMWrapper\TOMWrapper.csproj]
D:\PROJ\TabularEditor_J-audit-v02\TOMWrapper\TOMWrapper\Indexers\RoleRLSIndexer.cs(30,45): warning CS1591: Missing XML comment for publicly visible type or member 'RoleRLSIndexer.Keys' [D:\PROJ\TabularEditor_J-audit-v02\TOMWrapper\TOMWrapper.csproj]
D:\PROJ\TabularEditor_J-audit-v02\TOMWrapper\TOMWrapper\Indexers\RoleRLSIndexer.cs(32,32): warning CS1591: Missing XML comment for publicly visible type or member 'RoleRLSIndexer.Summary' [D:\PROJ\TabularEditor_J-audit-v02\TOMWrapper\TOMWrapper.csproj]
D:\PROJ\TabularEditor_J-audit-v02\TOMWrapper\TOMWrapper\Indexers\RoleRLSIndexer.cs(48,33): warning CS1591: Missing XML comment for publicly visible type or member 'RoleRLSIndexer.EnableMultiLine' [D:\PROJ\TabularEditor_J-audit-v02\TOMWrapper\TOMWrapper.csproj]
D:\PROJ\TabularEditor_J-audit-v02\TOMWrapper\TOMWrapper\Indexers\RoleRLSIndexer.cs(50,64): warning CS1591: Missing XML comment for publicly visible type or member 'RoleRLSIndexer.GetCollection()' [D:\PROJ\TabularEditor_J-audit-v02\TOMWrapper\TOMWrapper.csproj]
D:\PROJ\TabularEditor_J-audit-v02\TOMWrapper\TOMWrapper\Indexers\RoleRLSIndexer.cs(55,35): warning CS1591: Missing XML comment for publicly visible type or member 'RoleRLSIndexer.GetValue(Table)' [D:\PROJ\TabularEditor_J-audit-v02\TOMWrapper\TOMWrapper.csproj]
D:\PROJ\TabularEditor_J-audit-v02\TOMWrapper\TOMWrapper\Indexers\RoleRLSIndexer.cs(60,33): warning CS1591: Missing XML comment for publicly visible type or member 'RoleRLSIndexer.SetValue(Table, string)' [D:\PROJ\TabularEditor_J-audit-v02\TOMWrapper\TOMWrapper.csproj]
D:\PROJ\TabularEditor_J-audit-v02\TOMWrapper\TOMWrapper\Indexers\RoleOLSIndexer.cs(20,35): warning CS1591: Missing XML comment for publicly visible type or member 'RoleOLSIndexer.Role' [D:\PROJ\TabularEditor_J-audit-v02\TOMWrapper\TOMWrapper.csproj]
D:\PROJ\TabularEditor_J-audit-v02\TOMWrapper\TOMWrapper\Indexers\RoleOLSIndexer.cs(29,45): warning CS1591: Missing XML comment for publicly visible type or member 'RoleOLSIndexer.Keys' [D:\PROJ\TabularEditor_J-audit-v02\TOMWrapper\TOMWrapper.csproj]
D:\PROJ\TabularEditor_J-audit-v02\TOMWrapper\TOMWrapper\Indexers\RoleOLSIndexer.cs(31,32): warning CS1591: Missing XML comment for publicly visible type or member 'RoleOLSIndexer.Summary' [D:\PROJ\TabularEditor_J-audit-v02\TOMWrapper\TOMWrapper.csproj]
D:\PROJ\TabularEditor_J-audit-v02\TOMWrapper\TOMWrapper\Indexers\RoleOLSIndexer.cs(44,60): warning CS1591: Missing XML comment for publicly visible type or member 'RoleOLSIndexer.GetCollection()' [D:\PROJ\TabularEditor_J-audit-v02\TOMWrapper\TOMWrapper.csproj]
D:\PROJ\TabularEditor_J-audit-v02\TOMWrapper\TOMWrapper\Indexers\RoleOLSIndexer.cs(49,47): warning CS1591: Missing XML comment for publicly visible type or member 'RoleOLSIndexer.GetValue(Table)' [D:\PROJ\TabularEditor_J-audit-v02\TOMWrapper\TOMWrapper.csproj]
D:\PROJ\TabularEditor_J-audit-v02\TOMWrapper\TOMWrapper\Indexers\RoleOLSIndexer.cs(54,33): warning CS1591: Missing XML comment for publicly visible type or member 'RoleOLSIndexer.SetValue(Table, MetadataPermission)' [D:\PROJ\TabularEditor_J-audit-v02\TOMWrapper\TOMWrapper.csproj]
D:\PROJ\TabularEditor_J-audit-v02\TOMWrapper\TOMWrapper\Indexers\ColumnOLSIndexer.cs(17,32): warning CS1591: Missing XML comment for publicly visible type or member 'ColumnOLSIndexer.Column' [D:\PROJ\TabularEditor_J-audit-v02\TOMWrapper\TOMWrapper.csproj]
D:\PROJ\TabularEditor_J-audit-v02\TOMWrapper\TOMWrapper\Indexers\ColumnOLSIndexer.cs(25,68): warning CS1591: Missing XML comment for publicly visible type or member 'ColumnOLSIndexer.GetCollection()' [D:\PROJ\TabularEditor_J-audit-v02\TOMWrapper\TOMWrapper.csproj]
D:\PROJ\TabularEditor_J-audit-v02\TOMWrapper\TOMWrapper\Indexers\ColumnOLSIndexer.cs(30,47): warning CS1591: Missing XML comment for publicly visible type or member 'ColumnOLSIndexer.GetValue(ModelRole)' [D:\PROJ\TabularEditor_J-audit-v02\TOMWrapper\TOMWrapper.csproj]
D:\PROJ\TabularEditor_J-audit-v02\TOMWrapper\TOMWrapper\Indexers\ColumnOLSIndexer.cs(39,33): warning CS1591: Missing XML comment for publicly visible type or member 'ColumnOLSIndexer.SetValue(ModelRole, MetadataPermission)' [D:\PROJ\TabularEditor_J-audit-v02\TOMWrapper\TOMWrapper.csproj]
D:\PROJ\TabularEditor_J-audit-v02\TOMWrapper\TOMWrapper\Indexers\TableRLSIndexer.cs(14,31): warning CS1591: Missing XML comment for publicly visible type or member 'TableRLSIndexer.Table' [D:\PROJ\TabularEditor_J-audit-v02\TOMWrapper\TOMWrapper.csproj]
D:\PROJ\TabularEditor_J-audit-v02\TOMWrapper\TOMWrapper\Indexers\TableRLSIndexer.cs(19,33): warning CS1591: Missing XML comment for publicly visible type or member 'TableRLSIndexer.EnableMultiLine' [D:\PROJ\TabularEditor_J-audit-v02\TOMWrapper\TOMWrapper.csproj]
D:\PROJ\TabularEditor_J-audit-v02\TOMWrapper\TOMWrapper\Indexers\TableRLSIndexer.cs(21,68): warning CS1591: Missing XML comment for publicly visible type or member 'TableRLSIndexer.GetCollection()' [D:\PROJ\TabularEditor_J-audit-v02\TOMWrapper\TOMWrapper.csproj]
D:\PROJ\TabularEditor_J-audit-v02\TOMWrapper\TOMWrapper\Indexers\TableRLSIndexer.cs(26,35): warning CS1591: Missing XML comment for publicly visible type or member 'TableRLSIndexer.GetValue(ModelRole)' [D:\PROJ\TabularEditor_J-audit-v02\TOMWrapper\TOMWrapper.csproj]
D:\PROJ\TabularEditor_J-audit-v02\TOMWrapper\TOMWrapper\Indexers\TableRLSIndexer.cs(32,33): warning CS1591: Missing XML comment for publicly visible type or member 'TableRLSIndexer.SetValue(ModelRole, string)' [D:\PROJ\TabularEditor_J-audit-v02\TOMWrapper\TOMWrapper.csproj]
D:\PROJ\TabularEditor_J-audit-v02\TOMWrapper\TOMWrapper\Indexers\TableRLSIndexer.cs(38,33): warning CS1591: Missing XML comment for publicly visible type or member 'TableRLSIndexer.IsEmptyValue(string)' [D:\PROJ\TabularEditor_J-audit-v02\TOMWrapper\TOMWrapper.csproj]
D:\PROJ\TabularEditor_J-audit-v02\TOMWrapper\TOMWrapper\Indexers\PerspectiveIndexer.cs(11,27): warning CS1591: Missing XML comment for publicly visible type or member 'PerspectiveIndexer' [D:\PROJ\TabularEditor_J-audit-v02\TOMWrapper\TOMWrapper.csproj]
D:\PROJ\TabularEditor_J-audit-v02\TOMWrapper\TOMWrapper\Indexers\PerspectiveIndexer.cs(13,54): warning CS1591: Missing XML comment for publicly visible type or member 'PerspectiveIndexer.PerspectiveObject' [D:\PROJ\TabularEditor_J-audit-v02\TOMWrapper\TOMWrapper.csproj]
D:\PROJ\TabularEditor_J-audit-v02\TOMWrapper\TOMWrapper\Indexers\PerspectiveIndexer.cs(20,70): warning CS1591: Missing XML comment for publicly visible type or member 'PerspectiveIndexer.GetCollection()' [D:\PROJ\TabularEditor_J-audit-v02\TOMWrapper\TOMWrapper.csproj]
D:\PROJ\TabularEditor_J-audit-v02\TOMWrapper\TOMWrapper\Indexers\PerspectiveIndexer.cs(25,33): warning CS1591: Missing XML comment for publicly visible type or member 'PerspectiveIndexer.SetInPerspective(Perspective, bool)' [D:\PROJ\TabularEditor_J-audit-v02\TOMWrapper\TOMWrapper.csproj]
D:\PROJ\TabularEditor_J-audit-v02\TOMWrapper\TOMWrapper\Indexers\PerspectiveIndexer.cs(27,33): warning CS1591: Missing XML comment for publicly visible type or member 'PerspectiveIndexer.SetValue(Perspective, bool)' [D:\PROJ\TabularEditor_J-audit-v02\TOMWrapper\TOMWrapper.csproj]
D:\PROJ\TabularEditor_J-audit-v02\TOMWrapper\TOMWrapper\Indexers\PerspectiveIndexer.cs(45,21): warning CS1591: Missing XML comment for publicly visible type or member 'PerspectiveIndexer.CopyFrom(string[])' [D:\PROJ\TabularEditor_J-audit-v02\TOMWrapper\TOMWrapper.csproj]
D:\PROJ\TabularEditor_J-audit-v02\TOMWrapper\TOMWrapper\Indexers\PerspectiveIndexer.cs(52,24): warning CS1591: Missing XML comment for publicly visible type or member 'PerspectiveIndexer.IsCopying' [D:\PROJ\TabularEditor_J-audit-v02\TOMWrapper\TOMWrapper.csproj]
D:\PROJ\TabularEditor_J-audit-v02\TOMWrapper\TOMWrapper\Indexers\PerspectiveIndexer.cs(54,32): warning CS1591: Missing XML comment for publicly visible type or member 'PerspectiveIndexer.ToJson()' [D:\PROJ\TabularEditor_J-audit-v02\TOMWrapper\TOMWrapper.csproj]
D:\PROJ\TabularEditor_J-audit-v02\TOMWrapper\TOMWrapper\Indexers\PerspectiveIndexer.cs(81,32): warning CS1591: Missing XML comment for publicly visible type or member 'PerspectiveIndexer.Summary' [D:\PROJ\TabularEditor_J-audit-v02\TOMWrapper\TOMWrapper.csproj]
D:\PROJ\TabularEditor_J-audit-v02\TOMWrapper\TOMWrapper\Indexers\PerspectiveIndexer.cs(90,18): warning CS1591: Missing XML comment for publicly visible type or member 'PerspectiveTableIndexer' [D:\PROJ\TabularEditor_J-audit-v02\TOMWrapper\TOMWrapper.csproj]
D:\PROJ\TabularEditor_J-audit-v02\TOMWrapper\TOMWrapper\Indexers\PerspectiveIndexer.cs(92,25): warning CS1591: Missing XML comment for publicly visible type or member 'PerspectiveTableIndexer.Table' [D:\PROJ\TabularEditor_J-audit-v02\TOMWrapper\TOMWrapper.csproj]
D:\PROJ\TabularEditor_J-audit-v02\TOMWrapper\TOMWrapper\Indexers\PerspectiveIndexer.cs(98,33): warning CS1591: Missing XML comment for publicly visible type or member 'PerspectiveTableIndexer.GetValue(Perspective)' [D:\PROJ\TabularEditor_J-audit-v02\TOMWrapper\TOMWrapper.csproj]
D:\PROJ\TabularEditor_J-audit-v02\TOMWrapper\TOMWrapper\Indexers\PerspectiveIndexer.cs(110,33): warning CS1591: Missing XML comment for publicly visible type or member 'PerspectiveTableIndexer.SetInPerspective(Perspective, bool)' [D:\PROJ\TabularEditor_J-audit-v02\TOMWrapper\TOMWrapper.csproj]
D:\PROJ\TabularEditor_J-audit-v02\TOMWrapper\TOMWrapper\Indexers\PerspectiveIndexer.cs(133,37): warning CS1591: Missing XML comment for publicly visible type or member 'PerspectiveTableIndexer.EnsurePTExists(Perspective)' [D:\PROJ\TabularEditor_J-audit-v02\TOMWrapper\TOMWrapper.csproj]
D:\PROJ\TabularEditor_J-audit-v02\TOMWrapper\TOMWrapper\Indexers\PerspectiveIndexer.cs(145,18): warning CS1591: Missing XML comment for publicly visible type or member 'PerspectiveColumnIndexer' [D:\PROJ\TabularEditor_J-audit-v02\TOMWrapper\TOMWrapper.csproj]
D:\PROJ\TabularEditor_J-audit-v02\TOMWrapper\TOMWrapper\Indexers\PerspectiveIndexer.cs(147,26): warning CS1591: Missing XML comment for publicly visible type or member 'PerspectiveColumnIndexer.Column' [D:\PROJ\TabularEditor_J-audit-v02\TOMWrapper\TOMWrapper.csproj]
D:\PROJ\TabularEditor_J-audit-v02\TOMWrapper\TOMWrapper\Indexers\PerspectiveIndexer.cs(158,33): warning CS1591: Missing XML comment for publicly visible type or member 'PerspectiveColumnIndexer.GetValue(Perspective)' [D:\PROJ\TabularEditor_J-audit-v02\TOMWrapper\TOMWrapper.csproj]
D:\PROJ\TabularEditor_J-audit-v02\TOMWrapper\TOMWrapper\Indexers\PerspectiveIndexer.cs(167,33): warning CS1591: Missing XML comment for publicly visible type or member 'PerspectiveColumnIndexer.SetInPerspective(Perspective, bool)' [D:\PROJ\TabularEditor_J-audit-v02\TOMWrapper\TOMWrapper.csproj]
D:\PROJ\TabularEditor_J-audit-v02\TOMWrapper\TOMWrapper\Indexers\PerspectiveIndexer.cs(191,18): warning CS1591: Missing XML comment for publicly visible type or member 'PerspectiveMeasureIndexer' [D:\PROJ\TabularEditor_J-audit-v02\TOMWrapper\TOMWrapper.csproj]
D:\PROJ\TabularEditor_J-audit-v02\TOMWrapper\TOMWrapper\Indexers\PerspectiveIndexer.cs(193,27): warning CS1591: Missing XML comment for publicly visible type or member 'PerspectiveMeasureIndexer.Measure' [D:\PROJ\TabularEditor_J-audit-v02\TOMWrapper\TOMWrapper.csproj]
D:\PROJ\TabularEditor_J-audit-v02\TOMWrapper\TOMWrapper\Indexers\PerspectiveIndexer.cs(204,33): warning CS1591: Missing XML comment for publicly visible type or member 'PerspectiveMeasureIndexer.GetValue(Perspective)' [D:\PROJ\TabularEditor_J-audit-v02\TOMWrapper\TOMWrapper.csproj]
D:\PROJ\TabularEditor_J-audit-v02\TOMWrapper\TOMWrapper\Indexers\PerspectiveIndexer.cs(213,33): warning CS1591: Missing XML comment for publicly visible type or member 'PerspectiveMeasureIndexer.SetInPerspective(Perspective, bool)' [D:\PROJ\TabularEditor_J-audit-v02\TOMWrapper\TOMWrapper.csproj]
D:\PROJ\TabularEditor_J-audit-v02\TOMWrapper\TOMWrapper\Indexers\PerspectiveIndexer.cs(237,18): warning CS1591: Missing XML comment for publicly visible type or member 'PerspectiveHierarchyIndexer' [D:\PROJ\TabularEditor_J-audit-v02\TOMWrapper\TOMWrapper.csproj]
D:\PROJ\TabularEditor_J-audit-v02\TOMWrapper\TOMWrapper\Indexers\PerspectiveIndexer.cs(239,29): warning CS1591: Missing XML comment for publicly visible type or member 'PerspectiveHierarchyIndexer.Hierarchy' [D:\PROJ\TabularEditor_J-audit-v02\TOMWrapper\TOMWrapper.csproj]
D:\PROJ\TabularEditor_J-audit-v02\TOMWrapper\TOMWrapper\Indexers\PerspectiveIndexer.cs(241,16): warning CS1591: Missing XML comment for publicly visible type or member 'PerspectiveHierarchyIndexer.PerspectiveHierarchyIndexer(Hierarchy)' [D:\PROJ\TabularEditor_J-audit-v02\TOMWrapper\TOMWrapper.csproj]
D:\PROJ\TabularEditor_J-audit-v02\TOMWrapper\TOMWrapper\Indexers\PerspectiveIndexer.cs(250,33): warning CS1591: Missing XML comment for publicly visible type or member 'PerspectiveHierarchyIndexer.GetValue(Perspective)' [D:\PROJ\TabularEditor_J-audit-v02\TOMWrapper\TOMWrapper.csproj]
D:\PROJ\TabularEditor_J-audit-v02\TOMWrapper\TOMWrapper\Indexers\PerspectiveIndexer.cs(259,33): warning CS1591: Missing XML comment for publicly visible type or member 'PerspectiveHierarchyIndexer.SetInPerspective(Perspective, bool)' [D:\PROJ\TabularEditor_J-audit-v02\TOMWrapper\TOMWrapper.csproj]
D:\PROJ\TabularEditor_J-audit-v02\TOMWrapper\TOMWrapper\TabularCommonActions.cs(18,36): warning CS1591: Missing XML comment for publicly visible type or member 'TabularCommonActions.Handler' [D:\PROJ\TabularEditor_J-audit-v02\TOMWrapper\TOMWrapper.csproj]
D:\PROJ\TabularEditor_J-audit-v02\TOMWrapper\TOMWrapper\TabularCommonActions.cs(23,21): warning CS1591: Missing XML comment for publicly visible type or member 'TabularCommonActions.ReorderLevels(IEnumerable<Level>, int)' [D:\PROJ\TabularEditor_J-audit-v02\TOMWrapper\TOMWrapper.csproj]
D:\PROJ\TabularEditor_J-audit-v02\TOMWrapper\TOMWrapper\TabularCommonActions.cs(46,21): warning CS1591: Missing XML comment for publicly visible type or member 'TabularCommonActions.ReorderCalculationItems(IEnumerable<CalculationItem>, int)' [D:\PROJ\TabularEditor_J-audit-v02\TOMWrapper\TOMWrapper.csproj]
D:\PROJ\TabularEditor_J-audit-v02\TOMWrapper\TOMWrapper\TabularCommonActions.cs(69,21): warning CS1591: Missing XML comment for publicly visible type or member 'TabularCommonActions.AddColumnsToHierarchy(IEnumerable<Column>, Hierarchy, int)' [D:\PROJ\TabularEditor_J-audit-v02\TOMWrapper\TOMWrapper.csproj]
D:\PROJ\TabularEditor_J-audit-v02\TOMWrapper\TOMWrapper\TabularCommonActions.cs(74,21): warning CS1591: Missing XML comment for publicly visible type or member 'TabularCommonActions.AddCalcItemsToCalcGroup(IEnumerable<CalculationItem>, CalculationGroupTable, int)' [D:\PROJ\TabularEditor_J-audit-v02\TOMWrapper\TOMWrapper.csproj]
D:\PROJ\TabularEditor_J-audit-v02\TOMWrapper\TOMWrapper\TabularCommonActions.cs(79,22): warning CS1591: Missing XML comment for publicly visible type or member 'TabularCommonActions.AddColumnToHierarchy(Column, Hierarchy, int)' [D:\PROJ\TabularEditor_J-audit-v02\TOMWrapper\TOMWrapper.csproj]
D:\PROJ\TabularEditor_J-audit-v02\TOMWrapper\TOMWrapper\TabularCommonActions.cs(84,21): warning CS1591: Missing XML comment for publicly visible type or member 'TabularCommonActions.SetContainer(IEnumerable<IFolderObject>, IFolder, Culture)' [D:\PROJ\TabularEditor_J-audit-v02\TOMWrapper\TOMWrapper.csproj]
D:\PROJ\TabularEditor_J-audit-v02\TOMWrapper\TOMWrapper\TabularCommonActions.cs(101,23): warning CS1591: Missing XML comment for publicly visible type or member 'TabularCommonActions.NewMeasureName(string, Table)' [D:\PROJ\TabularEditor_J-audit-v02\TOMWrapper\TOMWrapper.csproj]
D:\PROJ\TabularEditor_J-audit-v02\TOMWrapper\TOMWrapper\TabularCommonActions.cs(106,23): warning CS1591: Missing XML comment for publicly visible type or member 'TabularCommonActions.NewColumnName(string, Table)' [D:\PROJ\TabularEditor_J-audit-v02\TOMWrapper\TOMWrapper.csproj]
D:\PROJ\TabularEditor_J-audit-v02\TOMWrapper\TOMWrapper\TabularCommonActions.cs(117,26): warning CS1572: XML comment has a param tag for 'objects', but there is no parameter by that name [D:\PROJ\TabularEditor_J-audit-v02\TOMWrapper\TOMWrapper.csproj]
D:\PROJ\TabularEditor_J-audit-v02\TOMWrapper\TOMWrapper\TabularCommonActions.cs(119,70): warning CS1573: Parameter 'objectContainer' has no matching param tag in the XML comment for 'TabularCommonActions.InsertObjects(ObjectJsonContainer, ITabularNamedObject, bool)' (but other parameters do) [D:\PROJ\TabularEditor_J-audit-v02\TOMWrapper\TOMWrapper.csproj]
D:\PROJ\TabularEditor_J-audit-v02\TOMWrapper\TOMWrapper\TabularCommonActions.cs(119,132): warning CS1573: Parameter 'replaceObjects' has no matching param tag in the XML comment for 'TabularCommonActions.InsertObjects(ObjectJsonContainer, ITabularNamedObject, bool)' (but other parameters do) [D:\PROJ\TabularEditor_J-audit-v02\TOMWrapper\TOMWrapper.csproj]
D:\PROJ\TabularEditor_J-audit-v02\TOMWrapper\TOMWrapper\TabularCommonActions.cs(287,21): warning CS1591: Missing XML comment for publicly visible type or member 'TabularCommonActions.CheckResult' [D:\PROJ\TabularEditor_J-audit-v02\TOMWrapper\TOMWrapper.csproj]
D:\PROJ\TabularEditor_J-audit-v02\TOMWrapper\TOMWrapper\TabularCommonActions.cs(289,13): warning CS1591: Missing XML comment for publicly visible type or member 'TabularCommonActions.CheckResult.Ok' [D:\PROJ\TabularEditor_J-audit-v02\TOMWrapper\TOMWrapper.csproj]
D:\PROJ\TabularEditor_J-audit-v02\TOMWrapper\TOMWrapper\TabularCommonActions.cs(290,13): warning CS1591: Missing XML comment for publicly visible type or member 'TabularCommonActions.CheckResult.CantMove' [D:\PROJ\TabularEditor_J-audit-v02\TOMWrapper\TOMWrapper.csproj]
D:\PROJ\TabularEditor_J-audit-v02\TOMWrapper\TOMWrapper\TabularCommonActions.cs(291,13): warning CS1591: Missing XML comment for publicly visible type or member 'TabularCommonActions.CheckResult.ConfirmOverwrite' [D:\PROJ\TabularEditor_J-audit-v02\TOMWrapper\TOMWrapper.csproj]
D:\PROJ\TabularEditor_J-audit-v02\TOMWrapper\TOMWrapper\TabularCommonActions.cs(294,28): warning CS1591: Missing XML comment for publicly visible type or member 'TabularCommonActions.CheckMoveObjects(IEnumerable<IFolderObject>, Table)' [D:\PROJ\TabularEditor_J-audit-v02\TOMWrapper\TOMWrapper.csproj]
D:\PROJ\TabularEditor_J-audit-v02\TOMWrapper\TOMWrapper\TabularCommonActions.cs(308,21): warning CS1591: Missing XML comment for publicly visible type or member 'TabularCommonActions.MoveCalculationItem(CalculationItem, CalculationGroupTable)' [D:\PROJ\TabularEditor_J-audit-v02\TOMWrapper\TOMWrapper.csproj]
D:\PROJ\TabularEditor_J-audit-v02\TOMWrapper\TOMWrapper\TabularCommonActions.cs(317,21): warning CS1591: Missing XML comment for publicly visible type or member 'TabularCommonActions.MoveObject(IFolderObject, Table, bool)' [D:\PROJ\TabularEditor_J-audit-v02\TOMWrapper\TOMWrapper.csproj]
D:\PROJ\TabularEditor_J-audit-v02\TOMWrapper\TOMWrapper\AnnotationHelper.cs(72,86): warning CS1573: Parameter 'includeChildren' has no matching param tag in the XML comment for 'AnnotationHelper.SavePerspectives(ITabularPerspectiveObject, bool)' (but other parameters do) [D:\PROJ\TabularEditor_J-audit-v02\TOMWrapper\TOMWrapper.csproj]
D:\PROJ\TabularEditor_J-audit-v02\TOMWrapper\TOMWrapper\AnnotationHelper.cs(88,86): warning CS1573: Parameter 'includeChildren' has no matching param tag in the XML comment for 'AnnotationHelper.LoadPerspectives(ITabularPerspectiveObject, bool)' (but other parameters do) [D:\PROJ\TabularEditor_J-audit-v02\TOMWrapper\TOMWrapper.csproj]
D:\PROJ\TabularEditor_J-audit-v02\TOMWrapper\TOMWrapper\AnnotationHelper.cs(126,57): warning CS1573: Parameter 'includeChildren' has no matching param tag in the XML comment for 'AnnotationHelper.SaveOLS(Table, bool)' (but other parameters do) [D:\PROJ\TabularEditor_J-audit-v02\TOMWrapper\TOMWrapper.csproj]
D:\PROJ\TabularEditor_J-audit-v02\TOMWrapper\TOMWrapper\TabularCollectionHelper.cs(10,25): warning CS1591: Missing XML comment for publicly visible type or member 'TabularCollectionHelper' [D:\PROJ\TabularEditor_J-audit-v02\TOMWrapper\TOMWrapper.csproj]
D:\PROJ\TabularEditor_J-audit-v02\TOMWrapper\TOMWrapper\TabularCollectionHelper.cs(14,28): warning CS1591: Missing XML comment for publicly visible type or member 'TabularCollectionHelper.ForEach<T>(IEnumerable<ITabularNamedObject>, Action<T>)' [D:\PROJ\TabularEditor_J-audit-v02\TOMWrapper\TOMWrapper.csproj]
D:\PROJ\TabularEditor_J-audit-v02\TOMWrapper\TOMWrapper\TabularCollectionHelper.cs(19,28): warning CS1591: Missing XML comment for publicly visible type or member 'TabularCollectionHelper.InPerspective(IEnumerable<Table>, string, bool)' [D:\PROJ\TabularEditor_J-audit-v02\TOMWrapper\TOMWrapper.csproj]
D:\PROJ\TabularEditor_J-audit-v02\TOMWrapper\TOMWrapper\TabularCollectionHelper.cs(23,28): warning CS1591: Missing XML comment for publicly visible type or member 'TabularCollectionHelper.InPerspective(IEnumerable<Column>, string, bool)' [D:\PROJ\TabularEditor_J-audit-v02\TOMWrapper\TOMWrapper.csproj]
D:\PROJ\TabularEditor_J-audit-v02\TOMWrapper\TOMWrapper\TabularCollectionHelper.cs(27,28): warning CS1591: Missing XML comment for publicly visible type or member 'TabularCollectionHelper.InPerspective(IEnumerable<Hierarchy>, string, bool)' [D:\PROJ\TabularEditor_J-audit-v02\TOMWrapper\TOMWrapper.csproj]
D:\PROJ\TabularEditor_J-audit-v02\TOMWrapper\TOMWrapper\TabularCollectionHelper.cs(31,28): warning CS1591: Missing XML comment for publicly visible type or member 'TabularCollectionHelper.InPerspective(IEnumerable<Measure>, string, bool)' [D:\PROJ\TabularEditor_J-audit-v02\TOMWrapper\TOMWrapper.csproj]
D:\PROJ\TabularEditor_J-audit-v02\TOMWrapper\TOMWrapper\TabularCollectionHelper.cs(36,28): warning CS1591: Missing XML comment for publicly visible type or member 'TabularCollectionHelper.InPerspective(IEnumerable<Table>, Perspective, bool)' [D:\PROJ\TabularEditor_J-audit-v02\TOMWrapper\TOMWrapper.csproj]
D:\PROJ\TabularEditor_J-audit-v02\TOMWrapper\TOMWrapper\TabularCollectionHelper.cs(40,28): warning CS1591: Missing XML comment for publicly visible type or member 'TabularCollectionHelper.InPerspective(IEnumerable<Column>, Perspective, bool)' [D:\PROJ\TabularEditor_J-audit-v02\TOMWrapper\TOMWrapper.csproj]
D:\PROJ\TabularEditor_J-audit-v02\TOMWrapper\TOMWrapper\TabularCollectionHelper.cs(44,28): warning CS1591: Missing XML comment for publicly visible type or member 'TabularCollectionHelper.InPerspective(IEnumerable<Hierarchy>, Perspective, bool)' [D:\PROJ\TabularEditor_J-audit-v02\TOMWrapper\TOMWrapper.csproj]
D:\PROJ\TabularEditor_J-audit-v02\TOMWrapper\TOMWrapper\TabularCollectionHelper.cs(48,28): warning CS1591: Missing XML comment for publicly visible type or member 'TabularCollectionHelper.InPerspective(IEnumerable<Measure>, Perspective, bool)' [D:\PROJ\TabularEditor_J-audit-v02\TOMWrapper\TOMWrapper.csproj]
D:\PROJ\TabularEditor_J-audit-v02\TOMWrapper\TOMWrapper\TabularCollectionHelper.cs(53,28): warning CS1591: Missing XML comment for publicly visible type or member 'TabularCollectionHelper.SetDisplayFolder(IEnumerable<Measure>, string)' [D:\PROJ\TabularEditor_J-audit-v02\TOMWrapper\TOMWrapper.csproj]
D:\PROJ\TabularEditor_J-audit-v02\TOMWrapper\TOMWrapper\TabularCultureHelper.cs(5,25): warning CS1591: Missing XML comment for publicly visible type or member 'TabularCultureHelper' [D:\PROJ\TabularEditor_J-audit-v02\TOMWrapper\TOMWrapper.csproj]
D:\PROJ\TabularEditor_J-audit-v02\TOMWrapper\TOMWrapper\TabularCultureHelper.cs(120,28): warning CS1591: Missing XML comment for publicly visible type or member 'TabularCultureHelper.ImportTranslations(string, Model, bool, bool)' [D:\PROJ\TabularEditor_J-audit-v02\TOMWrapper\TOMWrapper.csproj]
D:\PROJ\TabularEditor_J-audit-v02\TOMWrapper\TOMWrapper\TabularTree.cs(11,17): warning CS1591: Missing XML comment for publicly visible type or member 'LogicalTreeOptions' [D:\PROJ\TabularEditor_J-audit-v02\TOMWrapper\TOMWrapper.csproj]
D:\PROJ\TabularEditor_J-audit-v02\TOMWrapper\TOMWrapper\TabularTree.cs(13,9): warning CS1591: Missing XML comment for publicly visible type or member 'LogicalTreeOptions.DisplayFolders' [D:\PROJ\TabularEditor_J-audit-v02\TOMWrapper\TOMWrapper.csproj]
D:\PROJ\TabularEditor_J-audit-v02\TOMWrapper\TOMWrapper\TabularTree.cs(14,9): warning CS1591: Missing XML comment for publicly visible type or member 'LogicalTreeOptions.Columns' [D:\PROJ\TabularEditor_J-audit-v02\TOMWrapper\TOMWrapper.csproj]
D:\PROJ\TabularEditor_J-audit-v02\TOMWrapper\TOMWrapper\TabularTree.cs(15,9): warning CS1591: Missing XML comment for publicly visible type or member 'LogicalTreeOptions.Measures' [D:\PROJ\TabularEditor_J-audit-v02\TOMWrapper\TOMWrapper.csproj]
D:\PROJ\TabularEditor_J-audit-v02\TOMWrapper\TOMWrapper\TabularTree.cs(16,9): warning CS1591: Missing XML comment for publicly visible type or member 'LogicalTreeOptions.KPIs' [D:\PROJ\TabularEditor_J-audit-v02\TOMWrapper\TOMWrapper.csproj]
D:\PROJ\TabularEditor_J-audit-v02\TOMWrapper\TOMWrapper\TabularTree.cs(17,9): warning CS1591: Missing XML comment for publicly visible type or member 'LogicalTreeOptions.Hierarchies' [D:\PROJ\TabularEditor_J-audit-v02\TOMWrapper\TOMWrapper.csproj]
D:\PROJ\TabularEditor_J-audit-v02\TOMWrapper\TOMWrapper\TabularTree.cs(18,9): warning CS1591: Missing XML comment for publicly visible type or member 'LogicalTreeOptions.Partitions' [D:\PROJ\TabularEditor_J-audit-v02\TOMWrapper\TOMWrapper.csproj]
D:\PROJ\TabularEditor_J-audit-v02\TOMWrapper\TOMWrapper\TabularTree.cs(19,9): warning CS1591: Missing XML comment for publicly visible type or member 'LogicalTreeOptions.Levels' [D:\PROJ\TabularEditor_J-audit-v02\TOMWrapper\TOMWrapper.csproj]
D:\PROJ\TabularEditor_J-audit-v02\TOMWrapper\TOMWrapper\TabularTree.cs(20,9): warning CS1591: Missing XML comment for publicly visible type or member 'LogicalTreeOptions.ShowHidden' [D:\PROJ\TabularEditor_J-audit-v02\TOMWrapper\TOMWrapper.csproj]
D:\PROJ\TabularEditor_J-audit-v02\TOMWrapper\TOMWrapper\TabularTree.cs(21,9): warning CS1591: Missing XML comment for publicly visible type or member 'LogicalTreeOptions.AllObjectTypes' [D:\PROJ\TabularEditor_J-audit-v02\TOMWrapper\TOMWrapper.csproj]
D:\PROJ\TabularEditor_J-audit-v02\TOMWrapper\TOMWrapper\TabularTree.cs(22,9): warning CS1591: Missing XML comment for publicly visible type or member 'LogicalTreeOptions.ShowRoot' [D:\PROJ\TabularEditor_J-audit-v02\TOMWrapper\TOMWrapper.csproj]
D:\PROJ\TabularEditor_J-audit-v02\TOMWrapper\TOMWrapper\TabularTree.cs(23,9): warning CS1591: Missing XML comment for publicly visible type or member 'LogicalTreeOptions.OrderByName' [D:\PROJ\TabularEditor_J-audit-v02\TOMWrapper\TOMWrapper.csproj]
D:\PROJ\TabularEditor_J-audit-v02\TOMWrapper\TOMWrapper\TabularTree.cs(24,9): warning CS1591: Missing XML comment for publicly visible type or member 'LogicalTreeOptions.Calendars' [D:\PROJ\TabularEditor_J-audit-v02\TOMWrapper\TOMWrapper.csproj]
D:\PROJ\TabularEditor_J-audit-v02\TOMWrapper\TOMWrapper\TabularTree.cs(25,9): warning CS1591: Missing XML comment for publicly visible type or member 'LogicalTreeOptions.Default' [D:\PROJ\TabularEditor_J-audit-v02\TOMWrapper\TOMWrapper.csproj]
D:\PROJ\TabularEditor_J-audit-v02\TOMWrapper\TOMWrapper\TabularTree.cs(56,35): warning CS1591: Missing XML comment for publicly visible type or member 'TabularTree.Options' [D:\PROJ\TabularEditor_J-audit-v02\TOMWrapper\TOMWrapper.csproj]
D:\PROJ\TabularEditor_J-audit-v02\TOMWrapper\TOMWrapper\TabularTree.cs(95,24): warning CS1591: Missing XML comment for publicly visible type or member 'TabularTree.Culture' [D:\PROJ\TabularEditor_J-audit-v02\TOMWrapper\TOMWrapper.csproj]
D:\PROJ\TabularEditor_J-audit-v02\TOMWrapper\TOMWrapper\TabularTree.cs(112,21): warning CS1591: Missing XML comment for publicly visible type or member 'TabularTree.SetCulture(string)' [D:\PROJ\TabularEditor_J-audit-v02\TOMWrapper\TOMWrapper.csproj]
D:\PROJ\TabularEditor_J-audit-v02\TOMWrapper\TOMWrapper\TabularTree.cs(120,21): warning CS1591: Missing XML comment for publicly visible type or member 'TabularTree.RebuildFolderCache()' [D:\PROJ\TabularEditor_J-audit-v02\TOMWrapper\TOMWrapper.csproj]
D:\PROJ\TabularEditor_J-audit-v02\TOMWrapper\TOMWrapper\TabularTree.cs(129,34): warning CS1591: Missing XML comment for publicly visible type or member 'TabularTree.folderCachesToBeRebuilt' [D:\PROJ\TabularEditor_J-audit-v02\TOMWrapper\TOMWrapper.csproj]
D:\PROJ\TabularEditor_J-audit-v02\TOMWrapper\TOMWrapper\TabularTree.cs(131,21): warning CS1591: Missing XML comment for publicly visible type or member 'TabularTree.RebuildFolderCacheForTable(Table)' [D:\PROJ\TabularEditor_J-audit-v02\TOMWrapper\TOMWrapper.csproj]
D:\PROJ\TabularEditor_J-audit-v02\TOMWrapper\TOMWrapper\TabularTree.cs(162,28): warning CS1591: Missing XML comment for publicly visible type or member 'TabularTree.Perspective' [D:\PROJ\TabularEditor_J-audit-v02\TOMWrapper\TOMWrapper.csproj]
D:\PROJ\TabularEditor_J-audit-v02\TOMWrapper\TOMWrapper\TabularTree.cs(179,21): warning CS1591: Missing XML comment for publicly visible type or member 'TabularTree.SetPerspective(string)' [D:\PROJ\TabularEditor_J-audit-v02\TOMWrapper\TOMWrapper.csproj]
D:\PROJ\TabularEditor_J-audit-v02\TOMWrapper\TOMWrapper\TabularTree.cs(188,35): warning CS1591: Missing XML comment for publicly visible type or member 'TabularTree.UpdateComplete' [D:\PROJ\TabularEditor_J-audit-v02\TOMWrapper\TOMWrapper.csproj]
D:\PROJ\TabularEditor_J-audit-v02\TOMWrapper\TOMWrapper\TabularTree.cs(190,22): warning CS1591: Missing XML comment for publicly visible type or member 'TabularTree.Model' [D:\PROJ\TabularEditor_J-audit-v02\TOMWrapper\TOMWrapper.csproj]
D:\PROJ\TabularEditor_J-audit-v02\TOMWrapper\TOMWrapper\TabularTree.cs(191,39): warning CS1591: Missing XML comment for publicly visible type or member 'TabularTree.Handler' [D:\PROJ\TabularEditor_J-audit-v02\TOMWrapper\TOMWrapper.csproj]
D:\PROJ\TabularEditor_J-audit-v02\TOMWrapper\TOMWrapper\TabularTree.cs(193,16): warning CS1591: Missing XML comment for publicly visible type or member 'TabularTree.TabularTree(TabularModelHandler)' [D:\PROJ\TabularEditor_J-audit-v02\TOMWrapper\TOMWrapper.csproj]
D:\PROJ\TabularEditor_J-audit-v02\TOMWrapper\TOMWrapper\TabularTree.cs(200,32): warning CS1591: Missing XML comment for publicly visible type or member 'TabularTree.UpdateLocks' [D:\PROJ\TabularEditor_J-audit-v02\TOMWrapper\TOMWrapper.csproj]
D:\PROJ\TabularEditor_J-audit-v02\TOMWrapper\TOMWrapper\TabularTree.cs(202,29): warning CS1591: Missing XML comment for publicly visible type or member 'TabularTree.BeginUpdate()' [D:\PROJ\TabularEditor_J-audit-v02\TOMWrapper\TOMWrapper.csproj]
D:\PROJ\TabularEditor_J-audit-v02\TOMWrapper\TOMWrapper\TabularTree.cs(207,29): warning CS1591: Missing XML comment for publicly visible type or member 'TabularTree.EndUpdate()' [D:\PROJ\TabularEditor_J-audit-v02\TOMWrapper\TOMWrapper.csproj]
D:\PROJ\TabularEditor_J-audit-v02\TOMWrapper\TOMWrapper\TabularTree.cs(343,29): warning CS1591: Missing XML comment for publicly visible type or member 'TabularTree.VisibleInTree(ITabularNamedObject)' [D:\PROJ\TabularEditor_J-audit-v02\TOMWrapper\TOMWrapper.csproj]
D:\PROJ\TabularEditor_J-audit-v02\TOMWrapper\TOMWrapper\TabularTree.cs(379,50): warning CS1591: Missing XML comment for publicly visible type or member 'TabularTree.PropertyChanged' [D:\PROJ\TabularEditor_J-audit-v02\TOMWrapper\TOMWrapper.csproj]
D:\PROJ\TabularEditor_J-audit-v02\TOMWrapper\TOMWrapper\TabularTree.cs(403,29): warning CS1591: Missing XML comment for publicly visible type or member 'TabularTree.OnStructureChanged(ITabularNamedObject)' [D:\PROJ\TabularEditor_J-audit-v02\TOMWrapper\TOMWrapper.csproj]
D:\PROJ\TabularEditor_J-audit-v02\TOMWrapper\TOMWrapper\TabularTree.cs(408,56): warning CS1591: Missing XML comment for publicly visible type or member 'TabularTree.StructureChanged' [D:\PROJ\TabularEditor_J-audit-v02\TOMWrapper\TOMWrapper.csproj]
D:\PROJ\TabularEditor_J-audit-v02\TOMWrapper\TOMWrapper\TabularTree.cs(410,30): warning CS1591: Missing XML comment for publicly visible type or member 'TabularTree.OnNodesRemoved(ITabularObject, params ITabularObject[])' [D:\PROJ\TabularEditor_J-audit-v02\TOMWrapper\TOMWrapper.csproj]
D:\PROJ\TabularEditor_J-audit-v02\TOMWrapper\TOMWrapper\TabularTree.cs(412,21): warning CS1591: Missing XML comment for publicly visible type or member 'TabularTree.OnNodesRemoved(ITabularObject, IEnumerable<ITabularObject>)' [D:\PROJ\TabularEditor_J-audit-v02\TOMWrapper\TOMWrapper.csproj]
D:\PROJ\TabularEditor_J-audit-v02\TOMWrapper\TOMWrapper\TabularTree.cs(417,30): warning CS1591: Missing XML comment for publicly visible type or member 'TabularTree.OnNodesInserted(ITabularObject, params ITabularObject[])' [D:\PROJ\TabularEditor_J-audit-v02\TOMWrapper\TOMWrapper.csproj]
D:\PROJ\TabularEditor_J-audit-v02\TOMWrapper\TOMWrapper\TabularTree.cs(419,21): warning CS1591: Missing XML comment for publicly visible type or member 'TabularTree.OnNodesInserted(ITabularObject, IEnumerable<ITabularObject>)' [D:\PROJ\TabularEditor_J-audit-v02\TOMWrapper\TOMWrapper.csproj]
D:\PROJ\TabularEditor_J-audit-v02\TOMWrapper\TOMWrapper\TabularTree.cs(430,29): warning CS1591: Missing XML comment for publicly visible type or member 'TabularTree.OnNodesChanged(IEnumerable<ITabularObject>)' [D:\PROJ\TabularEditor_J-audit-v02\TOMWrapper\TOMWrapper.csproj]
D:\PROJ\TabularEditor_J-audit-v02\TOMWrapper\TOMWrapper\TabularModelHandler.cs(512,18): warning CS1591: Missing XML comment for publicly visible type or member 'ProgressReportEventArgs' [D:\PROJ\TabularEditor_J-audit-v02\TOMWrapper\TOMWrapper.csproj]
D:\PROJ\TabularEditor_J-audit-v02\TOMWrapper\TOMWrapper\TabularModelHandler.cs(514,21): warning CS1591: Missing XML comment for publicly visible type or member 'ProgressReportEventArgs.IntegerData' [D:\PROJ\TabularEditor_J-audit-v02\TOMWrapper\TOMWrapper.csproj]
D:\PROJ\TabularEditor_J-audit-v02\TOMWrapper\TOMWrapper\TabularModelHandler.cs(515,23): warning CS1591: Missing XML comment for publicly visible type or member 'ProgressReportEventArgs.ObjectName' [D:\PROJ\TabularEditor_J-audit-v02\TOMWrapper\TOMWrapper.csproj]
D:\PROJ\TabularEditor_J-audit-v02\TOMWrapper\TOMWrapper\TabularModelHandler.cs(516,23): warning CS1591: Missing XML comment for publicly visible type or member 'ProgressReportEventArgs.ObjectPath' [D:\PROJ\TabularEditor_J-audit-v02\TOMWrapper\TOMWrapper.csproj]
D:\PROJ\TabularEditor_J-audit-v02\TOMWrapper\TOMWrapper\TabularModelHandler.cs(517,23): warning CS1591: Missing XML comment for publicly visible type or member 'ProgressReportEventArgs.ObjectReference' [D:\PROJ\TabularEditor_J-audit-v02\TOMWrapper\TOMWrapper.csproj]
D:\PROJ\TabularEditor_J-audit-v02\TOMWrapper\TOMWrapper\TabularModelHandler.cs(519,34): warning CS1591: Missing XML comment for publicly visible type or member 'ProgressReportEventArgs.EventType' [D:\PROJ\TabularEditor_J-audit-v02\TOMWrapper\TOMWrapper.csproj]
D:\PROJ\TabularEditor_J-audit-v02\TOMWrapper\TOMWrapper\TabularModelHandler.cs(521,16): warning CS1591: Missing XML comment for publicly visible type or member 'ProgressReportEventArgs.ProgressReportEventArgs(TraceEventArgs)' [D:\PROJ\TabularEditor_J-audit-v02\TOMWrapper\TOMWrapper.csproj]
D:\PROJ\TabularEditor_J-audit-v02\TOMWrapper\TOMWrapper\TabularModelHandler.cs(546,18): warning CS1591: Missing XML comment for publicly visible type or member 'ExternalChangeEventArgs' [D:\PROJ\TabularEditor_J-audit-v02\TOMWrapper\TOMWrapper.csproj]
D:\PROJ\TabularEditor_J-audit-v02\TOMWrapper\TOMWrapper\TabularModelHandler.cs(548,23): warning CS1591: Missing XML comment for publicly visible type or member 'ExternalChangeEventArgs.TextData' [D:\PROJ\TabularEditor_J-audit-v02\TOMWrapper\TOMWrapper.csproj]
D:\PROJ\TabularEditor_J-audit-v02\TOMWrapper\TOMWrapper\TabularModelHandler.cs(556,17): warning CS1591: Missing XML comment for publicly visible type or member 'ProgressEventType' [D:\PROJ\TabularEditor_J-audit-v02\TOMWrapper\TOMWrapper.csproj]
D:\PROJ\TabularEditor_J-audit-v02\TOMWrapper\TOMWrapper\TabularModelHandler.cs(558,9): warning CS1591: Missing XML comment for publicly visible type or member 'ProgressEventType.Begin' [D:\PROJ\TabularEditor_J-audit-v02\TOMWrapper\TOMWrapper.csproj]
D:\PROJ\TabularEditor_J-audit-v02\TOMWrapper\TOMWrapper\TabularModelHandler.cs(559,9): warning CS1591: Missing XML comment for publicly visible type or member 'ProgressEventType.Current' [D:\PROJ\TabularEditor_J-audit-v02\TOMWrapper\TOMWrapper.csproj]
D:\PROJ\TabularEditor_J-audit-v02\TOMWrapper\TOMWrapper\TabularModelHandler.cs(560,9): warning CS1591: Missing XML comment for publicly visible type or member 'ProgressEventType.End' [D:\PROJ\TabularEditor_J-audit-v02\TOMWrapper\TOMWrapper.csproj]
D:\PROJ\TabularEditor_J-audit-v02\TOMWrapper\TOMWrapper\TabularModelHandler.cs(561,9): warning CS1591: Missing XML comment for publicly visible type or member 'ProgressEventType.Error' [D:\PROJ\TabularEditor_J-audit-v02\TOMWrapper\TOMWrapper.csproj]
D:\PROJ\TabularEditor_J-audit-v02\TOMWrapper\TOMWrapper\TabularNamedObject.cs(161,83): warning CS1573: Parameter 'objectType' has no matching param tag in the XML comment for 'TabularNamedObject.Undelete(ITabularObjectCollection, Type, string)' (but other parameters do) [D:\PROJ\TabularEditor_J-audit-v02\TOMWrapper\TOMWrapper.csproj]
D:\PROJ\TabularEditor_J-audit-v02\TOMWrapper\TOMWrapper\TabularNamedObject.cs(161,102): warning CS1573: Parameter 'json' has no matching param tag in the XML comment for 'TabularNamedObject.Undelete(ITabularObjectCollection, Type, string)' (but other parameters do) [D:\PROJ\TabularEditor_J-audit-v02\TOMWrapper\TOMWrapper.csproj]
D:\PROJ\TabularEditor_J-audit-v02\TOMWrapper\TOMWrapper\TabularNamedObject.cs(234,19): warning CS1591: Missing XML comment for publicly visible type or member 'TabularNamedObject.TabularNamedObject(NamedMetadataObject)' [D:\PROJ\TabularEditor_J-audit-v02\TOMWrapper\TOMWrapper.csproj]
D:\PROJ\TabularEditor_J-audit-v02\TOMWrapper\TOMWrapper\TabularNamedObject.cs(254,33): warning CS1591: Missing XML comment for publicly visible type or member 'TabularNamedObject.Init()' [D:\PROJ\TabularEditor_J-audit-v02\TOMWrapper\TOMWrapper.csproj]
D:\PROJ\TabularEditor_J-audit-v02\TOMWrapper\TOMWrapper\TabularNamedObject.cs(259,52): warning CS1591: Missing XML comment for publicly visible type or member 'TabularNamedObject.MetadataObject' [D:\PROJ\TabularEditor_J-audit-v02\TOMWrapper\TOMWrapper.csproj]
D:\PROJ\TabularEditor_J-audit-v02\TOMWrapper\TOMWrapper\TabularNamedObject.cs(263,20): warning CS1591: Missing XML comment for publicly visible type or member 'TabularNamedObject.CompareTo(object)' [D:\PROJ\TabularEditor_J-audit-v02\TOMWrapper\TOMWrapper.csproj]
D:\PROJ\TabularEditor_J-audit-v02\TOMWrapper\TOMWrapper\TabularNamedObject.cs(271,31): warning CS1591: Missing XML comment for publicly visible type or member 'TabularNamedObject.Name' [D:\PROJ\TabularEditor_J-audit-v02\TOMWrapper\TOMWrapper.csproj]
D:\PROJ\TabularEditor_J-audit-v02\TOMWrapper\TOMWrapper\TabularObject.cs(14,18): warning CS1591: Missing XML comment for publicly visible type or member 'IntelliSenseAttribute' [D:\PROJ\TabularEditor_J-audit-v02\TOMWrapper\TOMWrapper.csproj]
D:\PROJ\TabularEditor_J-audit-v02\TOMWrapper\TOMWrapper\TabularObject.cs(16,16): warning CS1591: Missing XML comment for publicly visible type or member 'IntelliSenseAttribute.IntelliSenseAttribute(string)' [D:\PROJ\TabularEditor_J-audit-v02\TOMWrapper\TOMWrapper.csproj]
D:\PROJ\TabularEditor_J-audit-v02\TOMWrapper\TOMWrapper\TabularObject.cs(21,23): warning CS1591: Missing XML comment for publicly visible type or member 'IntelliSenseAttribute.Description' [D:\PROJ\TabularEditor_J-audit-v02\TOMWrapper\TOMWrapper.csproj]
D:\PROJ\TabularEditor_J-audit-v02\TOMWrapper\TOMWrapper\TabularObject.cs(29,42): warning CS1591: Missing XML comment for publicly visible type or member 'ITabularObjectContainer.GetChildren()' [D:\PROJ\TabularEditor_J-audit-v02\TOMWrapper\TOMWrapper.csproj]
D:\PROJ\TabularEditor_J-audit-v02\TOMWrapper\TOMWrapper\TabularObject.cs(38,17): warning CS1591: Missing XML comment for publicly visible type or member 'ObjectType' [D:\PROJ\TabularEditor_J-audit-v02\TOMWrapper\TOMWrapper.csproj]
D:\PROJ\TabularEditor_J-audit-v02\TOMWrapper\TOMWrapper\TabularObject.cs(41,9): warning CS1591: Missing XML comment for publicly visible type or member 'ObjectType.CalculationGroupTable' [D:\PROJ\TabularEditor_J-audit-v02\TOMWrapper\TOMWrapper.csproj]
D:\PROJ\TabularEditor_J-audit-v02\TOMWrapper\TOMWrapper\TabularObject.cs(42,9): warning CS1591: Missing XML comment for publicly visible type or member 'ObjectType.CalculationItemCollection' [D:\PROJ\TabularEditor_J-audit-v02\TOMWrapper\TOMWrapper.csproj]
D:\PROJ\TabularEditor_J-audit-v02\TOMWrapper\TOMWrapper\TabularObject.cs(43,9): warning CS1591: Missing XML comment for publicly visible type or member 'ObjectType.CalendarCollection' [D:\PROJ\TabularEditor_J-audit-v02\TOMWrapper\TOMWrapper.csproj]
D:\PROJ\TabularEditor_J-audit-v02\TOMWrapper\TOMWrapper\TabularObject.cs(44,9): warning CS1591: Missing XML comment for publicly visible type or member 'ObjectType.PartitionCollection' [D:\PROJ\TabularEditor_J-audit-v02\TOMWrapper\TOMWrapper.csproj]
D:\PROJ\TabularEditor_J-audit-v02\TOMWrapper\TOMWrapper\TabularObject.cs(45,9): warning CS1591: Missing XML comment for publicly visible type or member 'ObjectType.KPIMeasure' [D:\PROJ\TabularEditor_J-audit-v02\TOMWrapper\TOMWrapper.csproj]
D:\PROJ\TabularEditor_J-audit-v02\TOMWrapper\TOMWrapper\TabularObject.cs(46,9): warning CS1591: Missing XML comment for publicly visible type or member 'ObjectType.Group' [D:\PROJ\TabularEditor_J-audit-v02\TOMWrapper\TOMWrapper.csproj]
D:\PROJ\TabularEditor_J-audit-v02\TOMWrapper\TOMWrapper\TabularObject.cs(47,9): warning CS1591: Missing XML comment for publicly visible type or member 'ObjectType.Folder' [D:\PROJ\TabularEditor_J-audit-v02\TOMWrapper\TOMWrapper.csproj]
D:\PROJ\TabularEditor_J-audit-v02\TOMWrapper\TOMWrapper\TabularObject.cs(50,9): warning CS1591: Missing XML comment for publicly visible type or member 'ObjectType.Null' [D:\PROJ\TabularEditor_J-audit-v02\TOMWrapper\TOMWrapper.csproj]
D:\PROJ\TabularEditor_J-audit-v02\TOMWrapper\TOMWrapper\TabularObject.cs(51,9): warning CS1591: Missing XML comment for publicly visible type or member 'ObjectType.Model' [D:\PROJ\TabularEditor_J-audit-v02\TOMWrapper\TOMWrapper.csproj]
D:\PROJ\TabularEditor_J-audit-v02\TOMWrapper\TOMWrapper\TabularObject.cs(52,9): warning CS1591: Missing XML comment for publicly visible type or member 'ObjectType.DataSource' [D:\PROJ\TabularEditor_J-audit-v02\TOMWrapper\TOMWrapper.csproj]
D:\PROJ\TabularEditor_J-audit-v02\TOMWrapper\TOMWrapper\TabularObject.cs(53,9): warning CS1591: Missing XML comment for publicly visible type or member 'ObjectType.Table' [D:\PROJ\TabularEditor_J-audit-v02\TOMWrapper\TOMWrapper.csproj]
D:\PROJ\TabularEditor_J-audit-v02\TOMWrapper\TOMWrapper\TabularObject.cs(54,9): warning CS1591: Missing XML comment for publicly visible type or member 'ObjectType.Column' [D:\PROJ\TabularEditor_J-audit-v02\TOMWrapper\TOMWrapper.csproj]
D:\PROJ\TabularEditor_J-audit-v02\TOMWrapper\TOMWrapper\TabularObject.cs(55,9): warning CS1591: Missing XML comment for publicly visible type or member 'ObjectType.AttributeHierarchy' [D:\PROJ\TabularEditor_J-audit-v02\TOMWrapper\TOMWrapper.csproj]
D:\PROJ\TabularEditor_J-audit-v02\TOMWrapper\TOMWrapper\TabularObject.cs(56,9): warning CS1591: Missing XML comment for publicly visible type or member 'ObjectType.Partition' [D:\PROJ\TabularEditor_J-audit-v02\TOMWrapper\TOMWrapper.csproj]
D:\PROJ\TabularEditor_J-audit-v02\TOMWrapper\TOMWrapper\TabularObject.cs(57,9): warning CS1591: Missing XML comment for publicly visible type or member 'ObjectType.Relationship' [D:\PROJ\TabularEditor_J-audit-v02\TOMWrapper\TOMWrapper.csproj]
D:\PROJ\TabularEditor_J-audit-v02\TOMWrapper\TOMWrapper\TabularObject.cs(58,9): warning CS1591: Missing XML comment for publicly visible type or member 'ObjectType.Measure' [D:\PROJ\TabularEditor_J-audit-v02\TOMWrapper\TOMWrapper.csproj]
D:\PROJ\TabularEditor_J-audit-v02\TOMWrapper\TOMWrapper\TabularObject.cs(59,9): warning CS1591: Missing XML comment for publicly visible type or member 'ObjectType.Hierarchy' [D:\PROJ\TabularEditor_J-audit-v02\TOMWrapper\TOMWrapper.csproj]
D:\PROJ\TabularEditor_J-audit-v02\TOMWrapper\TOMWrapper\TabularObject.cs(60,9): warning CS1591: Missing XML comment for publicly visible type or member 'ObjectType.Level' [D:\PROJ\TabularEditor_J-audit-v02\TOMWrapper\TOMWrapper.csproj]
D:\PROJ\TabularEditor_J-audit-v02\TOMWrapper\TOMWrapper\TabularObject.cs(61,9): warning CS1591: Missing XML comment for publicly visible type or member 'ObjectType.Annotation' [D:\PROJ\TabularEditor_J-audit-v02\TOMWrapper\TOMWrapper.csproj]
D:\PROJ\TabularEditor_J-audit-v02\TOMWrapper\TOMWrapper\TabularObject.cs(62,9): warning CS1591: Missing XML comment for publicly visible type or member 'ObjectType.KPI' [D:\PROJ\TabularEditor_J-audit-v02\TOMWrapper\TOMWrapper.csproj]
D:\PROJ\TabularEditor_J-audit-v02\TOMWrapper\TOMWrapper\TabularObject.cs(63,9): warning CS1591: Missing XML comment for publicly visible type or member 'ObjectType.Culture' [D:\PROJ\TabularEditor_J-audit-v02\TOMWrapper\TOMWrapper.csproj]
D:\PROJ\TabularEditor_J-audit-v02\TOMWrapper\TOMWrapper\TabularObject.cs(64,9): warning CS1591: Missing XML comment for publicly visible type or member 'ObjectType.ObjectTranslation' [D:\PROJ\TabularEditor_J-audit-v02\TOMWrapper\TOMWrapper.csproj]
D:\PROJ\TabularEditor_J-audit-v02\TOMWrapper\TOMWrapper\TabularObject.cs(65,9): warning CS1591: Missing XML comment for publicly visible type or member 'ObjectType.LinguisticMetadata' [D:\PROJ\TabularEditor_J-audit-v02\TOMWrapper\TOMWrapper.csproj]
D:\PROJ\TabularEditor_J-audit-v02\TOMWrapper\TOMWrapper\TabularObject.cs(66,9): warning CS1591: Missing XML comment for publicly visible type or member 'ObjectType.Perspective' [D:\PROJ\TabularEditor_J-audit-v02\TOMWrapper\TOMWrapper.csproj]
D:\PROJ\TabularEditor_J-audit-v02\TOMWrapper\TOMWrapper\TabularObject.cs(67,9): warning CS1591: Missing XML comment for publicly visible type or member 'ObjectType.PerspectiveTable' [D:\PROJ\TabularEditor_J-audit-v02\TOMWrapper\TOMWrapper.csproj]
D:\PROJ\TabularEditor_J-audit-v02\TOMWrapper\TOMWrapper\TabularObject.cs(68,9): warning CS1591: Missing XML comment for publicly visible type or member 'ObjectType.PerspectiveColumn' [D:\PROJ\TabularEditor_J-audit-v02\TOMWrapper\TOMWrapper.csproj]
D:\PROJ\TabularEditor_J-audit-v02\TOMWrapper\TOMWrapper\TabularObject.cs(69,9): warning CS1591: Missing XML comment for publicly visible type or member 'ObjectType.PerspectiveHierarchy' [D:\PROJ\TabularEditor_J-audit-v02\TOMWrapper\TOMWrapper.csproj]
D:\PROJ\TabularEditor_J-audit-v02\TOMWrapper\TOMWrapper\TabularObject.cs(70,9): warning CS1591: Missing XML comment for publicly visible type or member 'ObjectType.PerspectiveMeasure' [D:\PROJ\TabularEditor_J-audit-v02\TOMWrapper\TOMWrapper.csproj]
D:\PROJ\TabularEditor_J-audit-v02\TOMWrapper\TOMWrapper\TabularObject.cs(71,9): warning CS1591: Missing XML comment for publicly visible type or member 'ObjectType.Role' [D:\PROJ\TabularEditor_J-audit-v02\TOMWrapper\TOMWrapper.csproj]
D:\PROJ\TabularEditor_J-audit-v02\TOMWrapper\TOMWrapper\TabularObject.cs(72,9): warning CS1591: Missing XML comment for publicly visible type or member 'ObjectType.RoleMembership' [D:\PROJ\TabularEditor_J-audit-v02\TOMWrapper\TOMWrapper.csproj]
D:\PROJ\TabularEditor_J-audit-v02\TOMWrapper\TOMWrapper\TabularObject.cs(73,9): warning CS1591: Missing XML comment for publicly visible type or member 'ObjectType.TablePermission' [D:\PROJ\TabularEditor_J-audit-v02\TOMWrapper\TOMWrapper.csproj]
D:\PROJ\TabularEditor_J-audit-v02\TOMWrapper\TOMWrapper\TabularObject.cs(74,9): warning CS1591: Missing XML comment for publicly visible type or member 'ObjectType.Variation' [D:\PROJ\TabularEditor_J-audit-v02\TOMWrapper\TOMWrapper.csproj]
D:\PROJ\TabularEditor_J-audit-v02\TOMWrapper\TOMWrapper\TabularObject.cs(75,9): warning CS1591: Missing XML comment for publicly visible type or member 'ObjectType.Set' [D:\PROJ\TabularEditor_J-audit-v02\TOMWrapper\TOMWrapper.csproj]
D:\PROJ\TabularEditor_J-audit-v02\TOMWrapper\TOMWrapper\TabularObject.cs(76,9): warning CS1591: Missing XML comment for publicly visible type or member 'ObjectType.PerspectiveSet' [D:\PROJ\TabularEditor_J-audit-v02\TOMWrapper\TOMWrapper.csproj]
D:\PROJ\TabularEditor_J-audit-v02\TOMWrapper\TOMWrapper\TabularObject.cs(77,9): warning CS1591: Missing XML comment for publicly visible type or member 'ObjectType.ExtendedProperty' [D:\PROJ\TabularEditor_J-audit-v02\TOMWrapper\TOMWrapper.csproj]
D:\PROJ\TabularEditor_J-audit-v02\TOMWrapper\TOMWrapper\TabularObject.cs(78,9): warning CS1591: Missing XML comment for publicly visible type or member 'ObjectType.Expression' [D:\PROJ\TabularEditor_J-audit-v02\TOMWrapper\TOMWrapper.csproj]
D:\PROJ\TabularEditor_J-audit-v02\TOMWrapper\TOMWrapper\TabularObject.cs(79,9): warning CS1591: Missing XML comment for publicly visible type or member 'ObjectType.ColumnPermission' [D:\PROJ\TabularEditor_J-audit-v02\TOMWrapper\TOMWrapper.csproj]
D:\PROJ\TabularEditor_J-audit-v02\TOMWrapper\TOMWrapper\TabularObject.cs(80,9): warning CS1591: Missing XML comment for publicly visible type or member 'ObjectType.DetailRowsDefinition' [D:\PROJ\TabularEditor_J-audit-v02\TOMWrapper\TOMWrapper.csproj]
D:\PROJ\TabularEditor_J-audit-v02\TOMWrapper\TOMWrapper\TabularObject.cs(81,9): warning CS1591: Missing XML comment for publicly visible type or member 'ObjectType.RelatedColumnDetails' [D:\PROJ\TabularEditor_J-audit-v02\TOMWrapper\TOMWrapper.csproj]
D:\PROJ\TabularEditor_J-audit-v02\TOMWrapper\TOMWrapper\TabularObject.cs(82,9): warning CS1591: Missing XML comment for publicly visible type or member 'ObjectType.GroupByColumn' [D:\PROJ\TabularEditor_J-audit-v02\TOMWrapper\TOMWrapper.csproj]
D:\PROJ\TabularEditor_J-audit-v02\TOMWrapper\TOMWrapper\TabularObject.cs(83,9): warning CS1591: Missing XML comment for publicly visible type or member 'ObjectType.CalculationGroup' [D:\PROJ\TabularEditor_J-audit-v02\TOMWrapper\TOMWrapper.csproj]
D:\PROJ\TabularEditor_J-audit-v02\TOMWrapper\TOMWrapper\TabularObject.cs(84,9): warning CS1591: Missing XML comment for publicly visible type or member 'ObjectType.CalculationItem' [D:\PROJ\TabularEditor_J-audit-v02\TOMWrapper\TOMWrapper.csproj]
D:\PROJ\TabularEditor_J-audit-v02\TOMWrapper\TOMWrapper\TabularObject.cs(85,9): warning CS1591: Missing XML comment for publicly visible type or member 'ObjectType.AlternateOf' [D:\PROJ\TabularEditor_J-audit-v02\TOMWrapper\TOMWrapper.csproj]
D:\PROJ\TabularEditor_J-audit-v02\TOMWrapper\TOMWrapper\TabularObject.cs(86,9): warning CS1591: Missing XML comment for publicly visible type or member 'ObjectType.RefreshPolicy' [D:\PROJ\TabularEditor_J-audit-v02\TOMWrapper\TOMWrapper.csproj]
D:\PROJ\TabularEditor_J-audit-v02\TOMWrapper\TOMWrapper\TabularObject.cs(87,9): warning CS1591: Missing XML comment for publicly visible type or member 'ObjectType.FormatStringDefinition' [D:\PROJ\TabularEditor_J-audit-v02\TOMWrapper\TOMWrapper.csproj]
D:\PROJ\TabularEditor_J-audit-v02\TOMWrapper\TOMWrapper\TabularObject.cs(88,9): warning CS1591: Missing XML comment for publicly visible type or member 'ObjectType.QueryGroup' [D:\PROJ\TabularEditor_J-audit-v02\TOMWrapper\TOMWrapper.csproj]
D:\PROJ\TabularEditor_J-audit-v02\TOMWrapper\TOMWrapper\TabularObject.cs(89,9): warning CS1591: Missing XML comment for publicly visible type or member 'ObjectType.AnalyticsAIMetadata' [D:\PROJ\TabularEditor_J-audit-v02\TOMWrapper\TOMWrapper.csproj]
D:\PROJ\TabularEditor_J-audit-v02\TOMWrapper\TOMWrapper\TabularObject.cs(90,9): warning CS1591: Missing XML comment for publicly visible type or member 'ObjectType.ChangedProperty' [D:\PROJ\TabularEditor_J-audit-v02\TOMWrapper\TOMWrapper.csproj]
D:\PROJ\TabularEditor_J-audit-v02\TOMWrapper\TOMWrapper\TabularObject.cs(91,9): warning CS1591: Missing XML comment for publicly visible type or member 'ObjectType.ExcludedArtifact' [D:\PROJ\TabularEditor_J-audit-v02\TOMWrapper\TOMWrapper.csproj]
D:\PROJ\TabularEditor_J-audit-v02\TOMWrapper\TOMWrapper\TabularObject.cs(92,9): warning CS1591: Missing XML comment for publicly visible type or member 'ObjectType.DataCoverageDefinition' [D:\PROJ\TabularEditor_J-audit-v02\TOMWrapper\TOMWrapper.csproj]
D:\PROJ\TabularEditor_J-audit-v02\TOMWrapper\TOMWrapper\TabularObject.cs(93,9): warning CS1591: Missing XML comment for publicly visible type or member 'ObjectType.Calendar' [D:\PROJ\TabularEditor_J-audit-v02\TOMWrapper\TOMWrapper.csproj]
D:\PROJ\TabularEditor_J-audit-v02\TOMWrapper\TOMWrapper\TabularObject.cs(94,9): warning CS1591: Missing XML comment for publicly visible type or member 'ObjectType.CalendarColumnGroup' [D:\PROJ\TabularEditor_J-audit-v02\TOMWrapper\TOMWrapper.csproj]
D:\PROJ\TabularEditor_J-audit-v02\TOMWrapper\TOMWrapper\TabularObject.cs(95,9): warning CS1591: Missing XML comment for publicly visible type or member 'ObjectType.CalendarColumnReference' [D:\PROJ\TabularEditor_J-audit-v02\TOMWrapper\TOMWrapper.csproj]
D:\PROJ\TabularEditor_J-audit-v02\TOMWrapper\TOMWrapper\TabularObject.cs(96,9): warning CS1591: Missing XML comment for publicly visible type or member 'ObjectType.Function' [D:\PROJ\TabularEditor_J-audit-v02\TOMWrapper\TOMWrapper.csproj]
D:\PROJ\TabularEditor_J-audit-v02\TOMWrapper\TOMWrapper\TabularObject.cs(97,9): warning CS1591: Missing XML comment for publicly visible type or member 'ObjectType.BindingInfo' [D:\PROJ\TabularEditor_J-audit-v02\TOMWrapper\TOMWrapper.csproj]
D:\PROJ\TabularEditor_J-audit-v02\TOMWrapper\TOMWrapper\TabularObject.cs(98,9): warning CS1591: Missing XML comment for publicly visible type or member 'ObjectType.Database' [D:\PROJ\TabularEditor_J-audit-v02\TOMWrapper\TOMWrapper.csproj]
D:\PROJ\TabularEditor_J-audit-v02\TOMWrapper\TOMWrapper\TabularObject.cs(115,24): warning CS1591: Missing XML comment for publicly visible type or member 'TabularObject.SetValue(object, object, Action<object>, string)' [D:\PROJ\TabularEditor_J-audit-v02\TOMWrapper\TOMWrapper.csproj]
D:\PROJ\TabularEditor_J-audit-v02\TOMWrapper\TOMWrapper\TabularObject.cs(127,24): warning CS1591: Missing XML comment for publicly visible type or member 'TabularObject.SetValue<T>(T, T, Action<T>, string)' [D:\PROJ\TabularEditor_J-audit-v02\TOMWrapper\TOMWrapper.csproj]
D:\PROJ\TabularEditor_J-audit-v02\TOMWrapper\TOMWrapper\TabularObject.cs(141,21): warning CS1591: Missing XML comment for publicly visible type or member 'TabularObject.IsRemoved' [D:\PROJ\TabularEditor_J-audit-v02\TOMWrapper\TOMWrapper.csproj]
D:\PROJ\TabularEditor_J-audit-v02\TOMWrapper\TOMWrapper\TabularObject.cs(143,47): warning CS1591: Missing XML comment for publicly visible type or member 'TabularObject.MetadataObject' [D:\PROJ\TabularEditor_J-audit-v02\TOMWrapper\TOMWrapper.csproj]
D:\PROJ\TabularEditor_J-audit-v02\TOMWrapper\TOMWrapper\TabularObject.cs(144,48): warning CS1591: Missing XML comment for publicly visible type or member 'TabularObject.Handler' [D:\PROJ\TabularEditor_J-audit-v02\TOMWrapper\TOMWrapper.csproj]
D:\PROJ\TabularEditor_J-audit-v02\TOMWrapper\TOMWrapper\TabularObject.cs(146,50): warning CS1591: Missing XML comment for publicly visible type or member 'TabularObject.PropertyChanged' [D:\PROJ\TabularEditor_J-audit-v02\TOMWrapper\TOMWrapper.csproj]
D:\PROJ\TabularEditor_J-audit-v02\TOMWrapper\TOMWrapper\TabularObject.cs(147,51): warning CS1591: Missing XML comment for publicly visible type or member 'TabularObject.PropertyChanging' [D:\PROJ\TabularEditor_J-audit-v02\TOMWrapper\TOMWrapper.csproj]
D:\PROJ\TabularEditor_J-audit-v02\TOMWrapper\TOMWrapper\TabularObject.cs(160,29): warning CS1591: Missing XML comment for publicly visible type or member 'TabularObject.Delete()' [D:\PROJ\TabularEditor_J-audit-v02\TOMWrapper\TOMWrapper.csproj]
D:\PROJ\TabularEditor_J-audit-v02\TOMWrapper\TOMWrapper\TabularObject.cs(187,32): warning CS1591: Missing XML comment for publicly visible type or member 'TabularObject.Children_CollectionChanged(object, NotifyCollectionChangedEventArgs)' [D:\PROJ\TabularEditor_J-audit-v02\TOMWrapper\TOMWrapper.csproj]
D:\PROJ\TabularEditor_J-audit-v02\TOMWrapper\TOMWrapper\TabularObject.cs(194,32): warning CS1591: Missing XML comment for publicly visible type or member 'TabularObject.OnPropertyChanged(string, object, object)' [D:\PROJ\TabularEditor_J-audit-v02\TOMWrapper\TOMWrapper.csproj]
D:\PROJ\TabularEditor_J-audit-v02\TOMWrapper\TOMWrapper\TabularObject.cs(220,32): warning CS1591: Missing XML comment for publicly visible type or member 'TabularObject.RaisePropertyChanged(string)' [D:\PROJ\TabularEditor_J-audit-v02\TOMWrapper\TOMWrapper.csproj]
D:\PROJ\TabularEditor_J-audit-v02\TOMWrapper\TOMWrapper\TabularObject.cs(246,32): warning CS1591: Missing XML comment for publicly visible type or member 'TabularObject.RaisePropertyChanging(string)' [D:\PROJ\TabularEditor_J-audit-v02\TOMWrapper\TOMWrapper.csproj]
D:\PROJ\TabularEditor_J-audit-v02\TOMWrapper\TOMWrapper\TabularObject.cs(252,24): warning CS1591: Missing XML comment for publicly visible type or member 'TabularObject.IsExpressionModified' [D:\PROJ\TabularEditor_J-audit-v02\TOMWrapper\TOMWrapper.csproj]
D:\PROJ\TabularEditor_J-audit-v02\TOMWrapper\TOMWrapper\TabularObject.cs(253,21): warning CS1591: Missing XML comment for publicly visible type or member 'TabularObject.ResetModifiedState()' [D:\PROJ\TabularEditor_J-audit-v02\TOMWrapper\TOMWrapper.csproj]
D:\PROJ\TabularEditor_J-audit-v02\TOMWrapper\TOMWrapper\TabularObject.cs(256,22): warning CS1591: Missing XML comment for publicly visible type or member 'TabularObject.Model' [D:\PROJ\TabularEditor_J-audit-v02\TOMWrapper\TOMWrapper.csproj]
D:\PROJ\TabularEditor_J-audit-v02\TOMWrapper\TOMWrapper\TabularObject.cs(263,35): warning CS1591: Missing XML comment for publicly visible type or member 'TabularObject.ObjectType' [D:\PROJ\TabularEditor_J-audit-v02\TOMWrapper\TOMWrapper.csproj]
D:\PROJ\TabularEditor_J-audit-v02\TOMWrapper\TOMWrapper\TabularObject.cs(267,31): warning CS1591: Missing XML comment for publicly visible type or member 'TabularObject.ObjectTypeName' [D:\PROJ\TabularEditor_J-audit-v02\TOMWrapper\TOMWrapper.csproj]
D:\PROJ\TabularEditor_J-audit-v02\TOMWrapper\TOMWrapper\TabularObjectCollection.cs(54,32): warning CS1591: Missing XML comment for publicly visible type or member 'TabularObjectCollection<T>.InternalAdd(T)' [D:\PROJ\TabularEditor_J-audit-v02\TOMWrapper\TOMWrapper.csproj]
D:\PROJ\TabularEditor_J-audit-v02\TOMWrapper\TOMWrapper\TabularObjectCollection.cs(72,32): warning CS1591: Missing XML comment for publicly visible type or member 'TabularObjectCollection<T>.DoCollectionChanged(NotifyCollectionChangedAction, T)' [D:\PROJ\TabularEditor_J-audit-v02\TOMWrapper\TOMWrapper.csproj]
D:\PROJ\TabularEditor_J-audit-v02\TOMWrapper\TOMWrapper\TabularObjectCollection.cs(82,32): warning CS1591: Missing XML comment for publicly visible type or member 'TabularObjectCollection<T>.InternalRemove(T)' [D:\PROJ\TabularEditor_J-audit-v02\TOMWrapper\TOMWrapper.csproj]
D:\PROJ\TabularEditor_J-audit-v02\TOMWrapper\TOMWrapper\TabularObjectCollection.cs(152,34): warning CS1591: Missing XML comment for publicly visible type or member 'TabularObjectCollection<T>.RemoveInvalidNameChars(string)' [D:\PROJ\TabularEditor_J-audit-v02\TOMWrapper\TOMWrapper.csproj]
D:\PROJ\TabularEditor_J-audit-v02\TOMWrapper\TOMWrapper\TabularObjectCollection.cs(164,40): warning CS1591: Missing XML comment for publicly visible type or member 'TabularObjectCollection<T>.GetEnumerator()' [D:\PROJ\TabularEditor_J-audit-v02\TOMWrapper\TOMWrapper.csproj]
D:\PROJ\TabularEditor_J-audit-v02\TOMWrapper\TOMWrapper\TabularObjectCollection.cs(213,32): warning CS1591: Missing XML comment for publicly visible type or member 'TabularObjectCollection<T>.ToString()' [D:\PROJ\TabularEditor_J-audit-v02\TOMWrapper\TOMWrapper.csproj]
D:\PROJ\TabularEditor_J-audit-v02\TOMWrapper\TOMWrapper\TabularObjectCollection.cs(218,58): warning CS1591: Missing XML comment for publicly visible type or member 'TabularObjectCollection<T>.CollectionChanged' [D:\PROJ\TabularEditor_J-audit-v02\TOMWrapper\TOMWrapper.csproj]
D:\PROJ\TabularEditor_J-audit-v02\TOMWrapper\TOMWrapper\TabularObjectCollection.cs(229,27): warning CS1591: Missing XML comment for publicly visible type or member 'TabularNamedObjectCollection<T>' [D:\PROJ\TabularEditor_J-audit-v02\TOMWrapper\TOMWrapper.csproj]
D:\PROJ\TabularEditor_J-audit-v02\TOMWrapper\TOMWrapper\TabularObjectCollection.cs(236,16): warning CS1591: Missing XML comment for publicly visible type or member 'TabularNamedObjectCollection<T>.TabularNamedObjectCollection(string, TabularObject)' [D:\PROJ\TabularEditor_J-audit-v02\TOMWrapper\TOMWrapper.csproj]
D:\PROJ\TabularEditor_J-audit-v02\TOMWrapper\TOMWrapper\TabularObjectCollection.cs(259,47): warning CS1591: Missing XML comment for publicly visible type or member 'TabularNamedObjectCollection<T>.GetKeys()' [D:\PROJ\TabularEditor_J-audit-v02\TOMWrapper\TOMWrapper.csproj]
D:\PROJ\TabularEditor_J-audit-v02\TOMWrapper\TOMWrapper\TabularObjectCollection.cs(268,26): warning CS1591: Missing XML comment for publicly visible type or member 'TabularNamedObjectCollection<T>.FindByName(string)' [D:\PROJ\TabularEditor_J-audit-v02\TOMWrapper\TOMWrapper.csproj]
D:\PROJ\TabularEditor_J-audit-v02\TOMWrapper\TOMWrapper\TabularObjectComparer.cs(12,17): warning CS1591: Missing XML comment for publicly visible type or member 'ObjectOrder' [D:\PROJ\TabularEditor_J-audit-v02\TOMWrapper\TOMWrapper.csproj]
D:\PROJ\TabularEditor_J-audit-v02\TOMWrapper\TOMWrapper\TabularObjectComparer.cs(14,9): warning CS1591: Missing XML comment for publicly visible type or member 'ObjectOrder.Alphabetical' [D:\PROJ\TabularEditor_J-audit-v02\TOMWrapper\TOMWrapper.csproj]
D:\PROJ\TabularEditor_J-audit-v02\TOMWrapper\TOMWrapper\TabularObjectComparer.cs(15,9): warning CS1591: Missing XML comment for publicly visible type or member 'ObjectOrder.Metadata' [D:\PROJ\TabularEditor_J-audit-v02\TOMWrapper\TOMWrapper.csproj]
D:\PROJ\TabularEditor_J-audit-v02\TOMWrapper\TOMWrapper\TabularObjectComparer.cs(18,18): warning CS1591: Missing XML comment for publicly visible type or member 'TabularObjectComparer' [D:\PROJ\TabularEditor_J-audit-v02\TOMWrapper\TOMWrapper.csproj]
D:\PROJ\TabularEditor_J-audit-v02\TOMWrapper\TOMWrapper\TabularObjectComparer.cs(22,28): warning CS1591: Missing XML comment for publicly visible type or member 'TabularObjectComparer.Order' [D:\PROJ\TabularEditor_J-audit-v02\TOMWrapper\TOMWrapper.csproj]
D:\PROJ\TabularEditor_J-audit-v02\TOMWrapper\TOMWrapper\TabularObjectComparer.cs(31,16): warning CS1591: Missing XML comment for publicly visible type or member 'TabularObjectComparer.TabularObjectComparer(TabularTree, ObjectOrder)' [D:\PROJ\TabularEditor_J-audit-v02\TOMWrapper\TOMWrapper.csproj]
D:\PROJ\TabularEditor_J-audit-v02\TOMWrapper\TOMWrapper\TabularObjectComparer.cs(37,20): warning CS1591: Missing XML comment for publicly visible type or member 'TabularObjectComparer.Compare(object, object)' [D:\PROJ\TabularEditor_J-audit-v02\TOMWrapper\TOMWrapper.csproj]
D:\PROJ\TabularEditor_J-audit-v02\TOMWrapper\TOMWrapper\TabularObjectComparer.cs(42,20): warning CS1591: Missing XML comment for publicly visible type or member 'TabularObjectComparer.Compare(ITabularNamedObject, ITabularNamedObject)' [D:\PROJ\TabularEditor_J-audit-v02\TOMWrapper\TOMWrapper.csproj]
D:\PROJ\TabularEditor_J-audit-v02\TOMWrapper\TOMWrapper\TabularObjectHelper.cs(9,25): warning CS1591: Missing XML comment for publicly visible type or member 'TabularObjectHelper' [D:\PROJ\TabularEditor_J-audit-v02\TOMWrapper\TOMWrapper.csproj]
D:\PROJ\TabularEditor_J-audit-v02\TOMWrapper\TOMWrapper\TabularObjectHelper.cs(11,42): warning CS1591: Missing XML comment for publicly visible type or member 'TabularObjectHelper.GetMetadataObject(ITabularObject)' [D:\PROJ\TabularEditor_J-audit-v02\TOMWrapper\TOMWrapper.csproj]
D:\PROJ\TabularEditor_J-audit-v02\TOMWrapper\TOMWrapper\TabularObjectHelper.cs(16,33): warning CS1591: Missing XML comment for publicly visible type or member 'TabularObjectHelper.GetMetadataObject(Model)' [D:\PROJ\TabularEditor_J-audit-v02\TOMWrapper\TOMWrapper.csproj]
D:\PROJ\TabularEditor_J-audit-v02\TOMWrapper\TOMWrapper\TabularObjectHelper.cs(21,30): warning CS1591: Missing XML comment for publicly visible type or member 'TabularObjectHelper.GetName(ITabularObject)' [D:\PROJ\TabularEditor_J-audit-v02\TOMWrapper\TOMWrapper.csproj]
D:\PROJ\TabularEditor_J-audit-v02\TOMWrapper\TOMWrapper\TabularObjectHelper.cs(30,28): warning CS1591: Missing XML comment for publicly visible type or member 'TabularObjectHelper.CopyTranslationsFrom(ITranslatableObject, ITranslatableObject)' [D:\PROJ\TabularEditor_J-audit-v02\TOMWrapper\TOMWrapper.csproj]
D:\PROJ\TabularEditor_J-audit-v02\TOMWrapper\TOMWrapper\TabularObjectHelper.cs(40,30): warning CS1591: Missing XML comment for publicly visible type or member 'TabularObjectHelper.LinqEscape(string)' [D:\PROJ\TabularEditor_J-audit-v02\TOMWrapper\TOMWrapper.csproj]
D:\PROJ\TabularEditor_J-audit-v02\TOMWrapper\TOMWrapper\TabularObjectHelper.cs(101,30): warning CS1591: Missing XML comment for publicly visible type or member 'TabularObjectHelper.GetLinqPath(TabularObject, bool)' [D:\PROJ\TabularEditor_J-audit-v02\TOMWrapper\TOMWrapper.csproj]
D:\PROJ\TabularEditor_J-audit-v02\TOMWrapper\TOMWrapper\TabularObjectHelper.cs(131,30): warning CS1591: Missing XML comment for publicly visible type or member 'TabularObjectHelper.GetObjectPath(MetadataObject)' [D:\PROJ\TabularEditor_J-audit-v02\TOMWrapper\TOMWrapper.csproj]
D:\PROJ\TabularEditor_J-audit-v02\TOMWrapper\TOMWrapper\TabularObjectHelper.cs(201,30): warning CS1591: Missing XML comment for publicly visible type or member 'TabularObjectHelper.GetObjectPath(TabularObject)' [D:\PROJ\TabularEditor_J-audit-v02\TOMWrapper\TOMWrapper.csproj]
D:\PROJ\TabularEditor_J-audit-v02\TOMWrapper\TOMWrapper\TabularObjectHelper.cs(206,37): warning CS1591: Missing XML comment for publicly visible type or member 'TabularObjectHelper.ResolveObject(Model, string)' [D:\PROJ\TabularEditor_J-audit-v02\TOMWrapper\TOMWrapper.csproj]
D:\PROJ\TabularEditor_J-audit-v02\TOMWrapper\TOMWrapper\TabularObjectHelper.cs(329,30): warning CS1591: Missing XML comment for publicly visible type or member 'TabularObjectHelper.SplitCamelCase(string)' [D:\PROJ\TabularEditor_J-audit-v02\TOMWrapper\TOMWrapper.csproj]
D:\PROJ\TabularEditor_J-audit-v02\TOMWrapper\TOMWrapper\TabularObjectHelper.cs(342,30): warning CS1591: Missing XML comment for publicly visible type or member 'TabularObjectHelper.Pluralize(string)' [D:\PROJ\TabularEditor_J-audit-v02\TOMWrapper\TOMWrapper.csproj]
D:\PROJ\TabularEditor_J-audit-v02\TOMWrapper\TOMWrapper\TabularObjectHelper.cs(349,30): warning CS1591: Missing XML comment for publicly visible type or member 'TabularObjectHelper.GetTypeName(ObjectType, bool)' [D:\PROJ\TabularEditor_J-audit-v02\TOMWrapper\TOMWrapper.csproj]
D:\PROJ\TabularEditor_J-audit-v02\TOMWrapper\TOMWrapper\TabularObjectHelper.cs(357,30): warning CS1591: Missing XML comment for publicly visible type or member 'TabularObjectHelper.GetTypeName<T>(bool)' [D:\PROJ\TabularEditor_J-audit-v02\TOMWrapper\TOMWrapper.csproj]
D:\PROJ\TabularEditor_J-audit-v02\TOMWrapper\TOMWrapper\TabularObjectHelper.cs(364,30): warning CS1591: Missing XML comment for publicly visible type or member 'TabularObjectHelper.GetTypeName(ITabularObject, bool)' [D:\PROJ\TabularEditor_J-audit-v02\TOMWrapper\TOMWrapper.csproj]
D:\PROJ\TabularEditor_J-audit-v02\TOMWrapper\TOMWrapper\TabularObjectHelper.cs(379,32): warning CS1591: Missing XML comment for publicly visible type or member 'TabularObjectHelper.GetMode(Partition)' [D:\PROJ\TabularEditor_J-audit-v02\TOMWrapper\TOMWrapper.csproj]
D:\PROJ\TabularEditor_J-audit-v02\TOMWrapper\TOMWrapper\TabularObjectHelper.cs(383,30): warning CS1591: Missing XML comment for publicly visible type or member 'TabularObjectHelper.GetMode(Table)' [D:\PROJ\TabularEditor_J-audit-v02\TOMWrapper\TOMWrapper.csproj]
D:\PROJ\TabularEditor_J-audit-v02\TOMWrapper\TOMWrapper\TabularObjectHelper.cs(390,30): warning CS1591: Missing XML comment for publicly visible type or member 'TabularObjectHelper.GetTypeName(Type, bool)' [D:\PROJ\TabularEditor_J-audit-v02\TOMWrapper\TOMWrapper.csproj]
D:\PROJ\TabularEditor_J-audit-v02\TOMWrapper\TOMWrapper\TabularObjectHelper.cs(396,30): warning CS1591: Missing XML comment for publicly visible type or member 'TabularObjectHelper.GetName(ITabularNamedObject, Culture)' [D:\PROJ\TabularEditor_J-audit-v02\TOMWrapper\TOMWrapper.csproj]
D:\PROJ\TabularEditor_J-audit-v02\TOMWrapper\TOMWrapper\TabularObjectHelper.cs(412,28): warning CS1591: Missing XML comment for publicly visible type or member 'TabularObjectHelper.SetName(ITabularNamedObject, string, Culture)' [D:\PROJ\TabularEditor_J-audit-v02\TOMWrapper\TOMWrapper.csproj]
D:\PROJ\TabularEditor_J-audit-v02\TOMWrapper\TOMWrapper\Indexers\TranslationIndexer.cs(17,25): warning CS1591: Missing XML comment for publicly visible type or member 'TranslationIndexer' [D:\PROJ\TabularEditor_J-audit-v02\TOMWrapper\TOMWrapper.csproj]
D:\PROJ\TabularEditor_J-audit-v02\TOMWrapper\TOMWrapper\Indexers\TranslationIndexer.cs(19,23): warning CS1591: Missing XML comment for publicly visible type or member 'TranslationIndexer.ToJson()' [D:\PROJ\TabularEditor_J-audit-v02\TOMWrapper\TOMWrapper.csproj]
D:\PROJ\TabularEditor_J-audit-v02\TOMWrapper\TOMWrapper\Indexers\TranslationIndexer.cs(39,43): warning CS1591: Missing XML comment for publicly visible type or member 'TranslationIndexer.Copy()' [D:\PROJ\TabularEditor_J-audit-v02\TOMWrapper\TOMWrapper.csproj]
D:\PROJ\TabularEditor_J-audit-v02\TOMWrapper\TOMWrapper\Indexers\TranslationIndexer.cs(45,21): warning CS1591: Missing XML comment for publicly visible type or member 'TranslationIndexer.CopyFrom(TranslationIndexer, Func<string, string>)' [D:\PROJ\TabularEditor_J-audit-v02\TOMWrapper\TOMWrapper.csproj]
D:\PROJ\TabularEditor_J-audit-v02\TOMWrapper\TOMWrapper\Indexers\TranslationIndexer.cs(56,21): warning CS1591: Missing XML comment for publicly visible type or member 'TranslationIndexer.CopyFrom(IDictionary<string, string>)' [D:\PROJ\TabularEditor_J-audit-v02\TOMWrapper\TOMWrapper.csproj]
D:\PROJ\TabularEditor_J-audit-v02\TOMWrapper\TOMWrapper\Indexers\TranslationIndexer.cs(64,21): warning CS1591: Missing XML comment for publicly visible type or member 'TranslationIndexer.IsEmpty' [D:\PROJ\TabularEditor_J-audit-v02\TOMWrapper\TOMWrapper.csproj]
D:\PROJ\TabularEditor_J-audit-v02\TOMWrapper\TOMWrapper\Indexers\TranslationIndexer.cs(102,21): warning CS1591: Missing XML comment for publicly visible type or member 'TranslationIndexer.SetAll(string)' [D:\PROJ\TabularEditor_J-audit-v02\TOMWrapper\TOMWrapper.csproj]
D:\PROJ\TabularEditor_J-audit-v02\TOMWrapper\TOMWrapper\Indexers\TranslationIndexer.cs(109,21): warning CS1591: Missing XML comment for publicly visible type or member 'TranslationIndexer.Refresh()' [D:\PROJ\TabularEditor_J-audit-v02\TOMWrapper\TOMWrapper.csproj]
D:\PROJ\TabularEditor_J-audit-v02\TOMWrapper\TOMWrapper\Indexers\TranslationIndexer.cs(114,23): warning CS1591: Missing XML comment for publicly visible type or member 'TranslationIndexer.GetDisplayName(string)' [D:\PROJ\TabularEditor_J-audit-v02\TOMWrapper\TOMWrapper.csproj]
D:\PROJ\TabularEditor_J-audit-v02\TOMWrapper\TOMWrapper\Indexers\TranslationIndexer.cs(119,23): warning CS1591: Missing XML comment for publicly visible type or member 'TranslationIndexer.DefaultValue' [D:\PROJ\TabularEditor_J-audit-v02\TOMWrapper\TOMWrapper.csproj]
D:\PROJ\TabularEditor_J-audit-v02\TOMWrapper\TOMWrapper\Indexers\TranslationIndexer.cs(139,23): warning CS1591: Missing XML comment for publicly visible type or member 'TranslationIndexer.Summary' [D:\PROJ\TabularEditor_J-audit-v02\TOMWrapper\TOMWrapper.csproj]
D:\PROJ\TabularEditor_J-audit-v02\TOMWrapper\TOMWrapper\Indexers\TranslationIndexer.cs(153,20): warning CS1591: Missing XML comment for publicly visible type or member 'TranslationIndexer.TranslatedCount' [D:\PROJ\TabularEditor_J-audit-v02\TOMWrapper\TOMWrapper.csproj]
D:\PROJ\TabularEditor_J-audit-v02\TOMWrapper\TOMWrapper\Indexers\TranslationIndexer.cs(161,36): warning CS1591: Missing XML comment for publicly visible type or member 'TranslationIndexer.Keys' [D:\PROJ\TabularEditor_J-audit-v02\TOMWrapper\TOMWrapper.csproj]
D:\PROJ\TabularEditor_J-audit-v02\TOMWrapper\TOMWrapper\Indexers\TranslationIndexer.cs(202,21): warning CS1591: Missing XML comment for publicly visible type or member 'TranslationIndexer.Contains(Culture)' [D:\PROJ\TabularEditor_J-audit-v02\TOMWrapper\TOMWrapper.csproj]
D:\PROJ\TabularEditor_J-audit-v02\TOMWrapper\TOMWrapper\Indexers\TranslationIndexer.cs(212,23): warning CS1591: Missing XML comment for publicly visible type or member 'TranslationIndexer.this[Culture]' [D:\PROJ\TabularEditor_J-audit-v02\TOMWrapper\TOMWrapper.csproj]
D:\PROJ\TabularEditor_J-audit-v02\TOMWrapper\TOMWrapper\Indexers\TranslationIndexer.cs(252,23): warning CS1591: Missing XML comment for publicly visible type or member 'TranslationIndexer.this[string]' [D:\PROJ\TabularEditor_J-audit-v02\TOMWrapper\TOMWrapper.csproj]
D:\PROJ\TabularEditor_J-audit-v02\TOMWrapper\TOMWrapper\Indexers\TranslationIndexer.cs(265,36): warning CS1591: Missing XML comment for publicly visible type or member 'TranslationIndexer.GetEnumerator()' [D:\PROJ\TabularEditor_J-audit-v02\TOMWrapper\TOMWrapper.csproj]
D:\PROJ\TabularEditor_J-audit-v02\TOMWrapper\Utils\Vb6.cs(10,25): warning CS1591: Missing XML comment for publicly visible type or member 'Vb6' [D:\PROJ\TabularEditor_J-audit-v02\TOMWrapper\TOMWrapper.csproj]
D:\PROJ\TabularEditor_J-audit-v02\TOMWrapper\Utils\Vb6.cs(12,30): warning CS1591: Missing XML comment for publicly visible type or member 'Vb6.Vb6Format(object, string)' [D:\PROJ\TabularEditor_J-audit-v02\TOMWrapper\TOMWrapper.csproj]
D:\PROJ\TabularEditor_J-audit-v02\TOMWrapper\PropertyGridUI\DesignerHost.cs(28,27): warning CS1591: Missing XML comment for publicly visible type or member 'DesignerHost.Component' [D:\PROJ\TabularEditor_J-audit-v02\TOMWrapper\TOMWrapper.csproj]
D:\PROJ\TabularEditor_J-audit-v02\TOMWrapper\PropertyGridUI\DesignerHost.cs(29,27): warning CS1591: Missing XML comment for publicly visible type or member 'DesignerHost.Container' [D:\PROJ\TabularEditor_J-audit-v02\TOMWrapper\TOMWrapper.csproj]
D:\PROJ\TabularEditor_J-audit-v02\TOMWrapper\PropertyGridUI\DesignerHost.cs(30,21): warning CS1591: Missing XML comment for publicly visible type or member 'DesignerHost.DesignMode' [D:\PROJ\TabularEditor_J-audit-v02\TOMWrapper\TOMWrapper.csproj]
D:\PROJ\TabularEditor_J-audit-v02\TOMWrapper\PropertyGridUI\DesignerHost.cs(31,23): warning CS1591: Missing XML comment for publicly visible type or member 'DesignerHost.Name' [D:\PROJ\TabularEditor_J-audit-v02\TOMWrapper\TOMWrapper.csproj]
D:\PROJ\TabularEditor_J-audit-v02\TOMWrapper\PropertyGridUI\DesignerHost.cs(35,21): warning CS1591: Missing XML comment for publicly visible type or member 'DesignerHost.Loading' [D:\PROJ\TabularEditor_J-audit-v02\TOMWrapper\TOMWrapper.csproj]
D:\PROJ\TabularEditor_J-audit-v02\TOMWrapper\PropertyGridUI\DesignerHost.cs(36,27): warning CS1591: Missing XML comment for publicly visible type or member 'DesignerHost.RootComponent' [D:\PROJ\TabularEditor_J-audit-v02\TOMWrapper\TOMWrapper.csproj]
D:\PROJ\TabularEditor_J-audit-v02\TOMWrapper\PropertyGridUI\DesignerHost.cs(37,23): warning CS1591: Missing XML comment for publicly visible type or member 'DesignerHost.RootComponentClassName' [D:\PROJ\TabularEditor_J-audit-v02\TOMWrapper\TOMWrapper.csproj]
D:\PROJ\TabularEditor_J-audit-v02\TOMWrapper\PropertyGridUI\DesignerHost.cs(38,21): warning CS1591: Missing XML comment for publicly visible type or member 'DesignerHost.Activate()' [D:\PROJ\TabularEditor_J-audit-v02\TOMWrapper\TOMWrapper.csproj]
D:\PROJ\TabularEditor_J-audit-v02\TOMWrapper\PropertyGridUI\DesignerHost.cs(39,27): warning CS1591: Missing XML comment for publicly visible type or member 'DesignerHost.CreateComponent(Type, string)' [D:\PROJ\TabularEditor_J-audit-v02\TOMWrapper\TOMWrapper.csproj]
D:\PROJ\TabularEditor_J-audit-v02\TOMWrapper\PropertyGridUI\DesignerHost.cs(40,27): warning CS1591: Missing XML comment for publicly visible type or member 'DesignerHost.CreateComponent(Type)' [D:\PROJ\TabularEditor_J-audit-v02\TOMWrapper\TOMWrapper.csproj]
D:\PROJ\TabularEditor_J-audit-v02\TOMWrapper\PropertyGridUI\DesignerHost.cs(44,21): warning CS1591: Missing XML comment for publicly visible type or member 'DesignerHost.DestroyComponent(IComponent)' [D:\PROJ\TabularEditor_J-audit-v02\TOMWrapper\TOMWrapper.csproj]
D:\PROJ\TabularEditor_J-audit-v02\TOMWrapper\PropertyGridUI\DesignerHost.cs(45,26): warning CS1591: Missing XML comment for publicly visible type or member 'DesignerHost.GetDesigner(IComponent)' [D:\PROJ\TabularEditor_J-audit-v02\TOMWrapper\TOMWrapper.csproj]
D:\PROJ\TabularEditor_J-audit-v02\TOMWrapper\PropertyGridUI\DesignerHost.cs(46,21): warning CS1591: Missing XML comment for publicly visible type or member 'DesignerHost.GetType(string)' [D:\PROJ\TabularEditor_J-audit-v02\TOMWrapper\TOMWrapper.csproj]
D:\PROJ\TabularEditor_J-audit-v02\TOMWrapper\PropertyGridUI\DesignerHost.cs(47,21): warning CS1591: Missing XML comment for publicly visible type or member 'DesignerHost.AddService(Type, object, bool)' [D:\PROJ\TabularEditor_J-audit-v02\TOMWrapper\TOMWrapper.csproj]
D:\PROJ\TabularEditor_J-audit-v02\TOMWrapper\PropertyGridUI\DesignerHost.cs(48,21): warning CS1591: Missing XML comment for publicly visible type or member 'DesignerHost.AddService(Type, ServiceCreatorCallback, bool)' [D:\PROJ\TabularEditor_J-audit-v02\TOMWrapper\TOMWrapper.csproj]
D:\PROJ\TabularEditor_J-audit-v02\TOMWrapper\PropertyGridUI\DesignerHost.cs(49,21): warning CS1591: Missing XML comment for publicly visible type or member 'DesignerHost.AddService(Type, object)' [D:\PROJ\TabularEditor_J-audit-v02\TOMWrapper\TOMWrapper.csproj]
D:\PROJ\TabularEditor_J-audit-v02\TOMWrapper\PropertyGridUI\DesignerHost.cs(53,21): warning CS1591: Missing XML comment for publicly visible type or member 'DesignerHost.AddService(Type, ServiceCreatorCallback)' [D:\PROJ\TabularEditor_J-audit-v02\TOMWrapper\TOMWrapper.csproj]
D:\PROJ\TabularEditor_J-audit-v02\TOMWrapper\PropertyGridUI\DesignerHost.cs(57,21): warning CS1591: Missing XML comment for publicly visible type or member 'DesignerHost.RemoveService(Type, bool)' [D:\PROJ\TabularEditor_J-audit-v02\TOMWrapper\TOMWrapper.csproj]
D:\PROJ\TabularEditor_J-audit-v02\TOMWrapper\PropertyGridUI\DesignerHost.cs(58,21): warning CS1591: Missing XML comment for publicly visible type or member 'DesignerHost.RemoveService(Type)' [D:\PROJ\TabularEditor_J-audit-v02\TOMWrapper\TOMWrapper.csproj]
D:\PROJ\TabularEditor_J-audit-v02\TOMWrapper\PropertyGridUI\DesignerHost.cs(62,35): warning CS1591: Missing XML comment for publicly visible type or member 'DesignerHost.Activated' [D:\PROJ\TabularEditor_J-audit-v02\TOMWrapper\TOMWrapper.csproj]
D:\PROJ\TabularEditor_J-audit-v02\TOMWrapper\PropertyGridUI\DesignerHost.cs(63,35): warning CS1591: Missing XML comment for publicly visible type or member 'DesignerHost.Deactivated' [D:\PROJ\TabularEditor_J-audit-v02\TOMWrapper\TOMWrapper.csproj]
D:\PROJ\TabularEditor_J-audit-v02\TOMWrapper\PropertyGridUI\DesignerHost.cs(64,35): warning CS1591: Missing XML comment for publicly visible type or member 'DesignerHost.LoadComplete' [D:\PROJ\TabularEditor_J-audit-v02\TOMWrapper\TOMWrapper.csproj]
D:\PROJ\TabularEditor_J-audit-v02\TOMWrapper\PropertyGridUI\DesignerHost.cs(65,59): warning CS1591: Missing XML comment for publicly visible type or member 'DesignerHost.TransactionClosed' [D:\PROJ\TabularEditor_J-audit-v02\TOMWrapper\TOMWrapper.csproj]
D:\PROJ\TabularEditor_J-audit-v02\TOMWrapper\PropertyGridUI\DesignerHost.cs(66,59): warning CS1591: Missing XML comment for publicly visible type or member 'DesignerHost.TransactionClosing' [D:\PROJ\TabularEditor_J-audit-v02\TOMWrapper\TOMWrapper.csproj]
D:\PROJ\TabularEditor_J-audit-v02\TOMWrapper\PropertyGridUI\DesignerHost.cs(67,35): warning CS1591: Missing XML comment for publicly visible type or member 'DesignerHost.TransactionOpened' [D:\PROJ\TabularEditor_J-audit-v02\TOMWrapper\TOMWrapper.csproj]
D:\PROJ\TabularEditor_J-audit-v02\TOMWrapper\PropertyGridUI\DesignerHost.cs(68,35): warning CS1591: Missing XML comment for publicly visible type or member 'DesignerHost.TransactionOpening' [D:\PROJ\TabularEditor_J-audit-v02\TOMWrapper\TOMWrapper.csproj]
D:\PROJ\TabularEditor_J-audit-v02\TOMWrapper\PropertyGridUI\DesignerHost.cs(71,23): warning CS1591: Missing XML comment for publicly visible type or member 'DesignerHost.GetService(Type)' [D:\PROJ\TabularEditor_J-audit-v02\TOMWrapper\TOMWrapper.csproj]
D:\PROJ\TabularEditor_J-audit-v02\TOMWrapper\PropertyGridUI\DesignerHost.cs(78,21): warning CS1591: Missing XML comment for publicly visible type or member 'DesignerHost.InTransaction' [D:\PROJ\TabularEditor_J-audit-v02\TOMWrapper\TOMWrapper.csproj]
D:\PROJ\TabularEditor_J-audit-v02\TOMWrapper\PropertyGridUI\DesignerHost.cs(79,23): warning CS1591: Missing XML comment for publicly visible type or member 'DesignerHost.TransactionDescription' [D:\PROJ\TabularEditor_J-audit-v02\TOMWrapper\TOMWrapper.csproj]
D:\PROJ\TabularEditor_J-audit-v02\TOMWrapper\PropertyGridUI\DesignerHost.cs(80,36): warning CS1591: Missing XML comment for publicly visible type or member 'DesignerHost.CreateTransaction(string)' [D:\PROJ\TabularEditor_J-audit-v02\TOMWrapper\TOMWrapper.csproj]
D:\PROJ\TabularEditor_J-audit-v02\TOMWrapper\PropertyGridUI\DesignerHost.cs(85,36): warning CS1591: Missing XML comment for publicly visible type or member 'DesignerHost.CreateTransaction()' [D:\PROJ\TabularEditor_J-audit-v02\TOMWrapper\TOMWrapper.csproj]
D:\PROJ\TabularEditor_J-audit-v02\TOMWrapper\StringHelper.cs(12,25): warning CS1591: Missing XML comment for publicly visible type or member 'StringHelper' [D:\PROJ\TabularEditor_J-audit-v02\TOMWrapper\TOMWrapper.csproj]
D:\PROJ\TabularEditor_J-audit-v02\TOMWrapper\StringHelper.cs(14,30): warning CS1591: Missing XML comment for publicly visible type or member 'StringHelper.Left(string, int, bool)' [D:\PROJ\TabularEditor_J-audit-v02\TOMWrapper\TOMWrapper.csproj]
D:\PROJ\TabularEditor_J-audit-v02\TOMWrapper\StringHelper.cs(19,30): warning CS1591: Missing XML comment for publicly visible type or member 'StringHelper.Right(string, int)' [D:\PROJ\TabularEditor_J-audit-v02\TOMWrapper\TOMWrapper.csproj]
D:\PROJ\TabularEditor_J-audit-v02\TOMWrapper\StringHelper.cs(25,30): warning CS1591: Missing XML comment for publicly visible type or member 'StringHelper.ToLiteral(object)' [D:\PROJ\TabularEditor_J-audit-v02\TOMWrapper\TOMWrapper.csproj]
D:\PROJ\TabularEditor_J-audit-v02\TOMWrapper\StringHelper.cs(37,28): warning CS1591: Missing XML comment for publicly visible type or member 'StringHelper.IsNumeric(string, bool)' [D:\PROJ\TabularEditor_J-audit-v02\TOMWrapper\TOMWrapper.csproj]
D:\PROJ\TabularEditor_J-audit-v02\TOMWrapper\StringHelper.cs(91,30): warning CS1591: Missing XML comment for publicly visible type or member 'StringHelper.Replace(string, char[], char)' [D:\PROJ\TabularEditor_J-audit-v02\TOMWrapper\TOMWrapper.csproj]
D:\PROJ\TabularEditor_J-audit-v02\TOMWrapper\StringHelper.cs(108,30): warning CS1591: Missing XML comment for publicly visible type or member 'StringHelper.Replace(string, char[], char[])' [D:\PROJ\TabularEditor_J-audit-v02\TOMWrapper\TOMWrapper.csproj]
D:\PROJ\TabularEditor_J-audit-v02\TOMWrapper\StringHelper.cs(128,28): warning CS1591: Missing XML comment for publicly visible type or member 'StringHelper.IsOneOf(string, StringComparison, params string[])' [D:\PROJ\TabularEditor_J-audit-v02\TOMWrapper\TOMWrapper.csproj]
D:\PROJ\TabularEditor_J-audit-v02\TOMWrapper\StringHelper.cs(137,28): warning CS1591: Missing XML comment for publicly visible type or member 'StringHelper.IsOneOf(string, params string[])' [D:\PROJ\TabularEditor_J-audit-v02\TOMWrapper\TOMWrapper.csproj]
D:\PROJ\TabularEditor_J-audit-v02\TOMWrapper\StringHelper.cs(141,28): warning CS1591: Missing XML comment for publicly visible type or member 'StringHelper.ContainsOneOf(string, StringComparison, params string[])' [D:\PROJ\TabularEditor_J-audit-v02\TOMWrapper\TOMWrapper.csproj]
D:\PROJ\TabularEditor_J-audit-v02\TOMWrapper\StringHelper.cs(150,28): warning CS1591: Missing XML comment for publicly visible type or member 'StringHelper.ContainsOneOf(string, params string[])' [D:\PROJ\TabularEditor_J-audit-v02\TOMWrapper\TOMWrapper.csproj]
  TOMWrapper -> D:\PROJ\TabularEditor_J-audit-v02\TOMWrapper\bin\Release\TOMWrapper.dll
C:\Program Files (x86)\Microsoft Visual Studio\2022\BuildTools\MSBuild\Current\Bin\Microsoft.Common.CurrentVersion.targets(2413,5): warning MSB3243: No way to resolve conflict between "Antlr4.Runtime, Version=4.6.0.0, Culture=neutral, PublicKeyToken=09abb75b9ed49849" and "Antlr4.Runtime". Choosing "Antlr4.Runtime, Version=4.6.0.0, Culture=neutral, PublicKeyToken=09abb75b9ed49849" arbitrarily. [D:\PROJ\TabularEditor_J-audit-v02\TabularEditor\TabularEditor.csproj]
D:\PROJ\TabularEditor_J-audit-v02\TabularEditor\UI\TabularUITree.cs(464,54): warning CS0108: 'TabularUITree.StructureChanged' hides inherited member 'TabularTree.StructureChanged'. Use the new keyword if hiding was intended. [D:\PROJ\TabularEditor_J-audit-v02\TabularEditor\TabularEditor.csproj]
D:\PROJ\TabularEditor_J-audit-v02\TabularEditor\PbiBench\Dax\PbiBenchAmoDaxQueryExecutor.cs(216,39): error CS0104: 'Server' is an ambiguous reference between 'Microsoft.AnalysisServices.Server' and 'Microsoft.AnalysisServices.Tabular.Server' [D:\PROJ\TabularEditor_J-audit-v02\TabularEditor\TabularEditor.csproj]
